ISO-10303-21;
HEADER;
FILE_DESCRIPTION(('ViewDefinition [CoordinationView_V2.0]','RevitIdentifiers [ContentGUID: d32fd098-04c2-403f-98c6-4892c088f1e3, VersionGUID: 7f5e764b-145e-47b7-a959-bb38952c944c, NumberOfSaves: 0]','CoordinateReference [CoordinateBase: Shared Coordinates]'),'2;1');
FILE_NAME('Project1.ifc','2026-06-09T18:38:18-03:00',(''),(''),'ODA SDAI 25.12','Autodesk - Revit 26.3.0.37 (ENU) - 26.3.0.37','');
FILE_SCHEMA(('IFC2X3'));
ENDSEC;

DATA;
#1=IFCORGANIZATION($,'Autodesk Revit 2026 (ENU)',$,$,$);
#2=IFCAPPLICATION(#1,'2026','Autodesk Revit 2026 (ENU)','Revit');
#3=IFCPERSON($,'','alima',$,$,$,$,$);
#4=IFCORGANIZATION($,'','',$,$);
#5=IFCPERSONANDORGANIZATION(#3,#4,$);
#6=IFCOWNERHISTORY(#5,#2,$,.NOCHANGE.,$,$,$,1781041096);
#7=IFCSIUNIT(*,.LENGTHUNIT.,.MILLI.,.METRE.);
#8=IFCSIUNIT(*,.AREAUNIT.,$,.SQUARE_METRE.);
#9=IFCSIUNIT(*,.VOLUMEUNIT.,$,.CUBIC_METRE.);
#10=IFCCARTESIANPOINT((0.,0.,0.));
#11=IFCAXIS2PLACEMENT3D(#10,$,$);
#12=IFCDIRECTION((0.,1.));
#13=IFCGEOMETRICREPRESENTATIONCONTEXT($,'Model',3,0.01,#11,#12);
#14=IFCGEOMETRICREPRESENTATIONSUBCONTEXT('Axis','Model',*,*,*,*,#13,$,.GRAPH_VIEW.,$);
#15=IFCGEOMETRICREPRESENTATIONSUBCONTEXT('Body','Model',*,*,*,*,#13,$,.MODEL_VIEW.,$);
#16=IFCGEOMETRICREPRESENTATIONSUBCONTEXT('Box','Model',*,*,*,*,#13,$,.MODEL_VIEW.,$);
#17=IFCGEOMETRICREPRESENTATIONSUBCONTEXT('FootPrint','Model',*,*,*,*,#13,$,.MODEL_VIEW.,$);
#18=IFCPROJECT('3JBz2O1C90FvZ6I98$TmuJ',#6,'0001',$,$,'TEMPLATE RESIDENCIAL INTERMEDI\X\C1RIO MULTIDOOR','Status do projeto',(#13),#20877);
#19=IFCPOSTALADDRESS($,$,$,$,('Insira aqui o endere\X\E7o'),$,'','Bras\X\EDlia','','Brasil');
#20=IFCAXIS2PLACEMENT3D(#10,$,$);
#21=IFCLOCALPLACEMENT(#31,#20);
#22=IFCBUILDING('3JBz2O1C90FvZ6I98$TmuI',#6,'',$,$,#21,$,'',.ELEMENT.,$,$,#19);
#23=IFCAXIS2PLACEMENT3D(#10,$,$);
#24=IFCLOCALPLACEMENT(#21,#23);
#25=IFCBUILDINGSTOREY('3Zu5Bv0LOHrPC10026FoQQ',#6,'COMPATIBILIZA\X\C7\X\C3O DE KIT',$,$,#24,$,'COMPATIBILIZA\X\C7\X\C3O DE KIT',.ELEMENT.,0.);
#26=IFCCARTESIANPOINT((0.,0.,3000.));
#27=IFCAXIS2PLACEMENT3D(#26,$,$);
#28=IFCLOCALPLACEMENT(#21,#27);
#29=IFCBUILDINGSTOREY('15Z0v90RiHrPC20026FoKR',#6,'1\X\B0 PAV. PLANTA PARA QUADRO GERAL DE PORTAS',$,$,#28,$,'1\X\B0 PAV. PLANTA PARA QUADRO GERAL DE PORTAS',.ELEMENT.,3000.);
#30=IFCAXIS2PLACEMENT3D(#10,$,$);
#31=IFCLOCALPLACEMENT($,#30);
#32=IFCSITE('3JBz2O1C90FvZ6I98$TmuH',#6,'Default',$,$,#31,$,$,.ELEMENT.,(-15,-52,0,-120620),(-47,-55,0,-114440),0.,$,$);
#241=IFCCARTESIANPOINT((-18224.906586853747,730.92623839462624,0.));
#242=IFCAXIS2PLACEMENT3D(#241,$,$);
#243=IFCLOCALPLACEMENT(#24,#242);
#244=IFCCARTESIANPOINT((0.,0.));
#245=IFCCARTESIANPOINT((3240.,-0.));
#246=IFCPOLYLINE((#244,#245));
#247=IFCSHAPEREPRESENTATION(#14,'Axis','Curve2D',(#246));
#248=IFCPRODUCTDEFINITIONSHAPE($,$,(#247,#261));
#249=IFCCARTESIANPOINT((1619.9999999999989,-2.1316282072803006E-014));
#250=IFCDIRECTION((-1.,0.));
#251=IFCAXIS2PLACEMENT2D(#249,#250);
#252=IFCRECTANGLEPROFILEDEF(.AREA.,$,#251,3239.9999999999977,120.00000000000006);
#253=IFCAXIS2PLACEMENT3D(#10,$,$);
#254=IFCDIRECTION((0.,0.,1.));
#255=IFCEXTRUDEDAREASOLID(#252,#253,#254,3000.);
#256=IFCCOLOURRGB($,0.70980392156862748,0.70980392156862748,0.70980392156862748);
#257=IFCSURFACESTYLERENDERING(#256,0.,$,$,$,$,IFCNORMALISEDRATIOMEASURE(0.5),IFCSPECULAREXPONENT(128.),.NOTDEFINED.);
#258=IFCSURFACESTYLE('Unidades de alvenaria de concreto',.BOTH.,(#257));
#259=IFCPRESENTATIONSTYLEASSIGNMENT((#258));
#260=IFCSTYLEDITEM(#255,(#259),$);
#261=IFCSHAPEREPRESENTATION(#15,'Body','SweptSolid',(#255));
#262=IFCWALLSTANDARDCASE('1$NdPB55v7jwbPkpYL8H2R',#6,'Basic Wall:Gen\X\E9rico - 120 mm Alvenaria:885975',$,$,#243,#248,'885975');
#263=IFCMATERIAL('Unidades de alvenaria de concreto');
#264=IFCPRESENTATIONSTYLEASSIGNMENT((#258));
#265=IFCSTYLEDITEM($,(#264),$);
#266=IFCSTYLEDREPRESENTATION(#13,'Style','Material',(#265));
#267=IFCMATERIALDEFINITIONREPRESENTATION($,$,(#266),#263);
#268=IFCMATERIALLAYER(#263,120.,$);
#269=IFCMATERIALLAYERSET((#268),'Basic Wall:Gen\X\E9rico - 120 mm Alvenaria');
#270=IFCMATERIALLAYERSETUSAGE(#269,.AXIS2.,.NEGATIVE.,60.);
#271=IFCWALLTYPE('0wn7cSZGH32ONfVjvu$oqg',#6,'Basic Wall:Gen\X\E9rico - 120 mm Alvenaria',$,$,(#291),$,'413572',$,.STANDARD.);
#272=IFCPROPERTYSINGLEVALUE('Reference',$,IFCIDENTIFIER('Gen\X\E9rico - 120 mm Alvenaria'),$);
#273=IFCPROPERTYSET('3lRqSkxqobj17Zcw0vz2E$',#6,'Pset_QuantityTakeOff',$,(#272));
#274=IFCPROPERTYSINGLEVALUE('Reference',$,IFCLABEL('Gen\X\E9rico - 120 mm Alvenaria'),$);
#275=IFCPROPERTYSET('2oTs9HZHnEKwrsOfYxKkdi',#6,'Pset_ReinforcementBarPitchOfWall',$,(#274));
#276=IFCPROPERTYSINGLEVALUE('IsExternal',$,IFCBOOLEAN(.T.),$);
#277=IFCPROPERTYSINGLEVALUE('ExtendToStructure',$,IFCBOOLEAN(.F.),$);
#278=IFCPROPERTYSINGLEVALUE('LoadBearing',$,IFCBOOLEAN(.F.),$);
#279=IFCPROPERTYSET('0_vWgOUxAH4hkSxvfGZrLa',#6,'Pset_WallCommon',$,(#272,#276,#277,#278));
#280=IFCRELDEFINESBYPROPERTIES('32HW04YdnUvMTDxOEpllQU',#6,$,$,(#262),#273);
#281=IFCRELDEFINESBYPROPERTIES('1$h8sUffoD2huy0_aT9fEA',#6,$,$,(#262),#275);
#282=IFCRELDEFINESBYPROPERTIES('2UobINwo43V3I64NBaDboZ',#6,$,$,(#262),#279);
#283=IFCSIUNIT(*,.MASSUNIT.,.KILO.,.GRAM.);
#284=IFCDERIVEDUNITELEMENT(#283,1);
#285=IFCSIUNIT(*,.THERMODYNAMICTEMPERATUREUNIT.,$,.KELVIN.);
#286=IFCDERIVEDUNITELEMENT(#285,-1);
#287=IFCSIUNIT(*,.TIMEUNIT.,$,.SECOND.);
#288=IFCDERIVEDUNITELEMENT(#287,-3);
#289=IFCDERIVEDUNIT((#284,#286,#288),.THERMALTRANSMITTANCEUNIT.,$);
#290=IFCPROPERTYSINGLEVALUE('ThermalTransmittance',$,IFCTHERMALTRANSMITTANCEMEASURE(10.833333333333334),$);
#291=IFCPROPERTYSET('2hy4WxMKrHCXT0g7Lld$Ml',#6,'Pset_WallCommon',$,(#290));
#292=IFCCARTESIANPOINT((-15044.906586853747,670.92623839461623,0.));
#293=IFCDIRECTION((0.,-1.,0.));
#294=IFCAXIS2PLACEMENT3D(#292,#254,#293);
#295=IFCLOCALPLACEMENT(#24,#294);
#296=IFCCARTESIANPOINT((3120.,0.));
#297=IFCPOLYLINE((#244,#296));
#298=IFCSHAPEREPRESENTATION(#14,'Axis','Curve2D',(#297));
#299=IFCPRODUCTDEFINITIONSHAPE($,$,(#298,#307));
#300=IFCCARTESIANPOINT((1560.0000000000007,-1.0835776720341528E-012));
#301=IFCDIRECTION((1.,0.));
#302=IFCAXIS2PLACEMENT2D(#300,#301);
#303=IFCRECTANGLEPROFILEDEF(.AREA.,$,#302,3119.9999999999995,120.00000000000088);
#304=IFCAXIS2PLACEMENT3D(#10,$,$);
#305=IFCEXTRUDEDAREASOLID(#303,#304,#254,3000.);
#306=IFCSTYLEDITEM(#305,(#259),$);
#307=IFCSHAPEREPRESENTATION(#15,'Body','SweptSolid',(#305));
#308=IFCWALLSTANDARDCASE('1$NdPB55v7jwbPkpYL8H56',#6,'Basic Wall:Gen\X\E9rico - 120 mm Alvenaria:886026',$,$,#295,#299,'886026');
#309=IFCMATERIALLAYERSETUSAGE(#269,.AXIS2.,.NEGATIVE.,60.);
#310=IFCPROPERTYSET('0K8xvmgPtjwi1CGXMPseVt',#6,'Pset_QuantityTakeOff',$,(#272));
#311=IFCPROPERTYSINGLEVALUE('Reference',$,IFCLABEL('Gen\X\E9rico - 120 mm Alvenaria'),$);
#312=IFCPROPERTYSET('3q5C0BpymWuwhq0EZGSd_z',#6,'Pset_ReinforcementBarPitchOfWall',$,(#311));
#313=IFCPROPERTYSET('1ifIibiCGjCLvz5XrCL$0v',#6,'Pset_WallCommon',$,(#272,#276,#277,#278));
#314=IFCRELDEFINESBYPROPERTIES('0CFEEHDXTJQPwSXLnG$vbq',#6,$,$,(#308),#310);
#315=IFCRELDEFINESBYPROPERTIES('0p6jqdPOBV9xUD7zXHpUpl',#6,$,$,(#308),#312);
#316=IFCRELDEFINESBYPROPERTIES('3TWg2HgVnmyTwhoL2ffWI3',#6,$,$,(#308),#313);
#317=IFCCARTESIANPOINT((-15104.906586853749,-2389.0737616053839,0.));
#318=IFCDIRECTION((-1.,0.,0.));
#319=IFCAXIS2PLACEMENT3D(#317,#254,#318);
#320=IFCLOCALPLACEMENT(#24,#319);
#321=IFCCARTESIANPOINT((3120.,0.));
#322=IFCPOLYLINE((#244,#321));
#323=IFCSHAPEREPRESENTATION(#14,'Axis','Curve2D',(#322));
#324=IFCPRODUCTDEFINITIONSHAPE($,$,(#323,#331));
#325=IFCCARTESIANPOINT((1559.9999999999984,6.0396132539608516E-014));
#326=IFCAXIS2PLACEMENT2D(#325,#250);
#327=IFCRECTANGLEPROFILEDEF(.AREA.,$,#326,3119.9999999999968,119.9999999999998);
#328=IFCAXIS2PLACEMENT3D(#10,$,$);
#329=IFCEXTRUDEDAREASOLID(#327,#328,#254,3000.);
#330=IFCSTYLEDITEM(#329,(#259),$);
#331=IFCSHAPEREPRESENTATION(#15,'Body','SweptSolid',(#329));
#332=IFCWALLSTANDARDCASE('1$NdPB55v7jwbPkpYL8H5u',#6,'Basic Wall:Gen\X\E9rico - 120 mm Alvenaria:886068',$,$,#320,#324,'886068');
#333=IFCMATERIALLAYERSETUSAGE(#269,.AXIS2.,.NEGATIVE.,60.);
#334=IFCPROPERTYSET('2JKzQbKgCB4ysr9aOLfMpb',#6,'Pset_QuantityTakeOff',$,(#272));
#335=IFCPROPERTYSINGLEVALUE('Reference',$,IFCLABEL('Gen\X\E9rico - 120 mm Alvenaria'),$);
#336=IFCPROPERTYSET('0bzZe_kol75S0M2lfNmiz1',#6,'Pset_ReinforcementBarPitchOfWall',$,(#335));
#337=IFCPROPERTYSET('2$UOcy50e6VNK57Kr$GWQY',#6,'Pset_WallCommon',$,(#272,#276,#277,#278));
#338=IFCRELDEFINESBYPROPERTIES('2LgHhP$hIZGLc5HP0Q3JS4',#6,$,$,(#332),#334);
#339=IFCRELDEFINESBYPROPERTIES('3awp$AKUPsq72qAor_vRpv',#6,$,$,(#332),#336);
#340=IFCRELDEFINESBYPROPERTIES('1Vh3JWzgKUVqfQWu5MhOBz',#6,$,$,(#332),#337);
#341=IFCCARTESIANPOINT((-18164.906586853747,-2329.0737616053739,0.));
#342=IFCDIRECTION((0.,1.,0.));
#343=IFCAXIS2PLACEMENT3D(#341,#254,#342);
#344=IFCLOCALPLACEMENT(#24,#343);
#345=IFCCARTESIANPOINT((3000.,0.));
#346=IFCPOLYLINE((#244,#345));
#347=IFCSHAPEREPRESENTATION(#14,'Axis','Curve2D',(#346));
#348=IFCPRODUCTDEFINITIONSHAPE($,$,(#347,#355));
#349=IFCCARTESIANPOINT((1500.,0.));
#350=IFCAXIS2PLACEMENT2D(#349,#250);
#351=IFCRECTANGLEPROFILEDEF(.AREA.,$,#350,3000.,119.99999999999871);
#352=IFCAXIS2PLACEMENT3D(#10,$,$);
#353=IFCEXTRUDEDAREASOLID(#351,#352,#254,3000.);
#354=IFCSTYLEDITEM(#353,(#259),$);
#355=IFCSHAPEREPRESENTATION(#15,'Body','SweptSolid',(#353));
#356=IFCWALLSTANDARDCASE('1$NdPB55v7jwbPkpYL8H4a',#6,'Basic Wall:Gen\X\E9rico - 120 mm Alvenaria:886120',$,$,#344,#348,'886120');
#357=IFCMATERIALLAYERSETUSAGE(#269,.AXIS2.,.NEGATIVE.,60.);
#358=IFCPROPERTYSET('1p08UXBf5ox5aK$Vn1Qq5D',#6,'Pset_QuantityTakeOff',$,(#272));
#359=IFCPROPERTYSINGLEVALUE('Reference',$,IFCLABEL('Gen\X\E9rico - 120 mm Alvenaria'),$);
#360=IFCPROPERTYSET('3g3u5$7dNOLNBKmmd_Em_d',#6,'Pset_ReinforcementBarPitchOfWall',$,(#359));
#361=IFCPROPERTYSET('2b4lepxdPloHQhAPHPf_ns',#6,'Pset_WallCommon',$,(#272,#276,#277,#278));
#362=IFCRELDEFINESBYPROPERTIES('2tcwudg$1ycFbCyE7WqkmE',#6,$,$,(#356),#358);
#363=IFCRELDEFINESBYPROPERTIES('1vLqPM4_xqoCzGOjbkk7VP',#6,$,$,(#356),#360);
#364=IFCRELDEFINESBYPROPERTIES('229ymG8bo2RlyaKudexhBq',#6,$,$,(#356),#361);
#365=IFCCARTESIANPOINT((877.49999999999795,120.,0.));
#366=IFCCARTESIANPOINT((877.49999999999795,-0.,0.));
#367=IFCCARTESIANPOINT((927.50000000000739,-0.,0.));
#368=IFCCARTESIANPOINT((927.50000000009697,-4.,0.));
#369=IFCCARTESIANPOINT((925.74264068721629,-8.2426406871362712,0.));
#370=IFCCARTESIANPOINT((921.50000000009697,-10.,0.));
#371=IFCCARTESIANPOINT((863.499999999995,-10.,0.));
#372=IFCCARTESIANPOINT((859.25735931287568,-8.242640687114724,0.));
#373=IFCCARTESIANPOINT((857.5000000000631,-4.,0.));
#374=IFCCARTESIANPOINT((857.5000000000631,-0.,0.));
#375=IFCCARTESIANPOINT((850.96190153039845,-0.,0.));
#376=IFCCARTESIANPOINT((848.51396748246862,1.0139674824233957,0.));
#377=IFCCARTESIANPOINT((847.50000000002115,3.4619015303532605,0.));
#378=IFCCARTESIANPOINT((847.50000000002115,49.,0.));
#379=IFCCARTESIANPOINT((846.50000000001035,49.,0.));
#380=IFCCARTESIANPOINT((846.50000000001035,47.,0.));
#381=IFCCARTESIANPOINT((846.36370330516672,45.964723819578538,0.));
#382=IFCCARTESIANPOINT((845.96410161514802,45.,0.));
#383=IFCCARTESIANPOINT((845.32842712475656,44.171572875242418,0.));
#384=IFCCARTESIANPOINT((844.50000000001046,43.535898384850867,0.));
#385=IFCCARTESIANPOINT((843.53527618042051,43.136296694832332,0.));
#386=IFCCARTESIANPOINT((842.50000000001046,43.,0.));
#387=IFCCARTESIANPOINT((841.46472381960052,43.136296694832296,0.));
#388=IFCCARTESIANPOINT((840.50000000001046,43.535898384850796,0.));
#389=IFCCARTESIANPOINT((839.67157287526436,44.171572875242362,0.));
#390=IFCCARTESIANPOINT((839.03589838487278,45.,0.));
#391=IFCCARTESIANPOINT((838.6362966948542,45.964723819578431,0.));
#392=IFCCARTESIANPOINT((838.50000000001057,47.,0.));
#393=IFCCARTESIANPOINT((838.50000000001057,49.,0.));
#394=IFCCARTESIANPOINT((837.5000000000075,49.,0.));
#395=IFCCARTESIANPOINT((837.5000000000075,114.,0.));
#396=IFCCARTESIANPOINT((839.25735931288818,118.24264068808129,0.));
#397=IFCCARTESIANPOINT((843.5000000000075,120.,0.));
#398=IFCCARTESIANPOINT((857.50000000000102,120.,0.));
#399=IFCCARTESIANPOINT((857.50000000002649,124.,0.));
#400=IFCCARTESIANPOINT((859.25735931290717,128.24264068808071,0.));
#401=IFCCARTESIANPOINT((863.50000000002649,130.,0.));
#402=IFCCARTESIANPOINT((921.49999999997533,130.,0.));
#403=IFCCARTESIANPOINT((925.74264068709454,128.2426406880804,0.));
#404=IFCCARTESIANPOINT((927.50000000000114,124.,0.));
#405=IFCCARTESIANPOINT((927.50000000000114,120.,0.));
#406=IFCCARTESIANPOINT((877.49999999999784,120.,2140.));
#407=IFCCARTESIANPOINT((877.49999999999784,-0.,2140.));
#408=IFCCARTESIANPOINT((12.500000000004333,-0.,2140.));
#409=IFCCARTESIANPOINT((12.500000000004198,-0.,-0.));
#410=IFCCARTESIANPOINT((-37.500000000005009,-0.,0.));
#411=IFCCARTESIANPOINT((-37.500000000005144,-0.,2190.));
#412=IFCCARTESIANPOINT((927.50000000000716,-0.,2190.));
#413=IFCCARTESIANPOINT((927.50000000000716,-4.,2190.));
#414=IFCCARTESIANPOINT((927.29555495783131,-5.5529142706320442,2189.7955549578246));
#415=IFCCARTESIANPOINT((926.69615242280361,-7.,2189.1961524227968));
#416=IFCCARTESIANPOINT((925.74264068721629,-8.2426406871362961,2188.2426406872096));
#417=IFCCARTESIANPOINT((924.50000000009709,-9.1961524227235927,2187.));
#418=IFCCARTESIANPOINT((923.05291427071222,-9.795554957751424,2185.5529142707055));
#419=IFCCARTESIANPOINT((921.50000000009697,-10.,2184.));
#420=IFCCARTESIANPOINT((927.50000000009697,-4.,1095.));
#421=IFCCARTESIANPOINT((927.50000000009686,-4.,1642.5000488873707));
#422=IFCCARTESIANPOINT((921.50000000009697,-10.,1092.));
#423=IFCCARTESIANPOINT((921.50000000009697,-10.,1637.9999501318396));
#424=IFCCARTESIANPOINT((921.50000000009697,-10.,1910.9999750659649));
#425=IFCCARTESIANPOINT((927.50000000009697,-4.,1916.2499755564279));
#426=IFCCARTESIANPOINT((927.50000000009697,-4.,2018.9420568938312));
#427=IFCCARTESIANPOINT((921.50000000009697,-10.,2047.4999875330277));
#428=IFCCARTESIANPOINT((921.50000000009697,-10.,684.23158695592463));
#429=IFCCARTESIANPOINT((927.50000000009686,-4.,547.49995111271994));
#430=IFCCARTESIANPOINT((927.50000000009697,-4.,821.24997555638254));
#431=IFCCARTESIANPOINT((927.50000000009697,-4.,684.37501222185392));
#432=IFCCARTESIANPOINT((927.50000000009697,-4.,958.12493889091115));
#433=IFCCARTESIANPOINT((921.50000000009697,-10.,342.11579347796231));
#434=IFCCARTESIANPOINT((921.50000000009697,-10.,888.11584334621296));
#435=IFCCARTESIANPOINT((921.50000000009697,-10.,786.1737151510689));
#436=IFCCARTESIANPOINT((921.50000000009697,-10.,513.17369021694356));
#437=IFCCARTESIANPOINT((921.50000000009697,-10.,990.05787180490086));
#438=IFCCARTESIANPOINT((927.50000000009697,-4.,273.7500244436626));
#439=IFCCARTESIANPOINT((927.50000000009697,-4.,889.68740833634422));
#440=IFCCARTESIANPOINT((921.50000000009697,-10.,598.70258871820579));
#441=IFCCARTESIANPOINT((927.50000000009686,-4.,410.62498777819127));
#442=IFCCARTESIANPOINT((921.50000000009697,-10.,171.05789673898124));
#443=IFCCARTESIANPOINT((921.50000000009697,-10.,256.58679524024348));
#444=IFCCARTESIANPOINT((927.50000000009697,-4.,342.18755499822959));
#445=IFCCARTESIANPOINT((921.50000000009697,-10.,427.64479171568104));
#446=IFCCARTESIANPOINT((927.50000000009697,-4.,136.87496333452867));
#447=IFCCARTESIANPOINT((921.50000000009697,-10.,85.528998237718795));
#448=IFCCARTESIANPOINT((921.50000000009697,-10.,2098.4710017623715));
#449=IFCCARTESIANPOINT((927.50000000009697,-4.,2104.4709795596582));
#450=IFCCARTESIANPOINT((927.50000000009697,-4.,2147.2354408925717));
#451=IFCCARTESIANPOINT((927.50000000009697,-4.,1368.7500244437078));
#452=IFCCARTESIANPOINT((921.50000000009697,-10.,1364.9999251977142));
#453=IFCCARTESIANPOINT((921.50000000009697,-10.,1228.5000124671078));
#454=IFCCARTESIANPOINT((927.50000000009697,-4.,1231.8750611091791));
#455=IFCCARTESIANPOINT((921.50000000009697,-10.,2141.235500881231));
#456=IFCCARTESIANPOINT((927.50000000009686,-4.,1779.3750122218992));
#457=IFCCARTESIANPOINT((921.50000000009697,-10.,1774.4999625989024));
#458=IFCCARTESIANPOINT((921.50000000009697,-10.,1706.2500062335994));
#459=IFCCARTESIANPOINT((927.50000000009697,-4.,1710.9375794419375));
#460=IFCCARTESIANPOINT((927.50000000009697,-4.,1505.6249877782366));
#461=IFCCARTESIANPOINT((921.50000000009697,-10.,1501.4999376647768));
#462=IFCCARTESIANPOINT((921.50000000009697,-10.,1433.2499812994738));
#463=IFCCARTESIANPOINT((927.50000000009686,-4.,1437.1874572236695));
#464=IFCCARTESIANPOINT((927.50000000009697,-4.,68.437432779961654));
#465=IFCCARTESIANPOINT((921.50000000009697,-10.,42.764499118859526));
#466=IFCCARTESIANPOINT((927.50000000009697,-4.,42.764461332913406));
#467=IFCCARTESIANPOINT((925.74264068800949,-8.2426406863430799,55.60098539787959));
#468=IFCCARTESIANPOINT((927.50000000009697,-4.,1163.4375305546123));
#469=IFCCARTESIANPOINT((921.50000000009697,-10.,1160.2499563653485));
#470=IFCCARTESIANPOINT((921.50000000009697,-10.,1126.1249283144684));
#471=IFCCARTESIANPOINT((925.8298430277199,-8.1536079926115299,1143.187504043638));
#472=IFCCARTESIANPOINT((921.50000000009697,-10.,1296.749968832411));
#473=IFCCARTESIANPOINT((927.50000000009697,-4.,1300.3125916637462));
#474=IFCCARTESIANPOINT((927.50000000009697,-4.,1334.5313569410298));
#475=IFCCARTESIANPOINT((925.64174910418251,-8.3411881275699926,1317.421878381549));
#476=IFCCARTESIANPOINT((927.50000000009697,-4.,1847.8124450018609));
#477=IFCCARTESIANPOINT((921.50000000009697,-10.,1842.7499189642053));
#478=IFCCARTESIANPOINT((921.50000000009697,-10.,1808.6248909133255));
#479=IFCCARTESIANPOINT((925.88705972616174,-8.0931292381354183,1825.687501401324));
#480=IFCCARTESIANPOINT((921.50000000009697,-10.,1569.74989403008));
#481=IFCCARTESIANPOINT((927.50000000009697,-4.,1574.0625183328036));
#482=IFCCARTESIANPOINT((927.50000000009686,-4.,1608.2812836100873));
#483=IFCCARTESIANPOINT((925.61775090135768,-8.3639577811104981,1591.1718773251851));
#484=IFCCARTESIANPOINT((927.50000000009697,-4.,102.65619805724515));
#485=IFCCARTESIANPOINT((921.50000000009697,-10.,128.29339762012174));
#486=IFCCARTESIANPOINT((925.90248383213134,-8.0765348163378778,119.7656244573068));
#487=IFCCARTESIANPOINT((927.50000000009697,-4.,205.31249388909563));
#488=IFCCARTESIANPOINT((925.92377764674723,-8.0534172414316298,157.62327693351261));
#489=IFCCARTESIANPOINT((925.64324490626905,-8.3397605518768039,1182.6472743923737));
#490=IFCCARTESIANPOINT((925.84850923800934,-8.1340618534234128,1278.2187622239881));
#491=IFCCARTESIANPOINT((921.50000000009697,-10.,213.82239585784052));
#492=IFCCARTESIANPOINT((925.86569497546975,-8.1159090590226306,1552.3604883089197));
#493=IFCCARTESIANPOINT((925.59856164893779,-8.3819849852321564,1864.1743166725739));
#494=IFCCARTESIANPOINT((927.50000000009686,-4.,239.53125916637916));
#495=IFCCARTESIANPOINT((925.90160908404323,-8.0774793037193344,222.4218826044924));
#496=IFCCARTESIANPOINT((921.50000000009697,-10.,1979.2500311677247));
#497=IFCCARTESIANPOINT((927.50000000009697,-4.,1967.5960162251297));
#498=IFCCARTESIANPOINT((927.50000000009697,-4.,1026.5624694454782));
#499=IFCCARTESIANPOINT((927.50000000009697,-4.,479.06242055815295));
#500=IFCCARTESIANPOINT((921.50000000009697,-10.,735.20270092172507));
#501=IFCCARTESIANPOINT((927.50000000009686,-4.,752.81254277642086));
#502=IFCCARTESIANPOINT((927.50000000009697,-4.,171.09372861181214));
#503=IFCCARTESIANPOINT((925.57608941665467,-8.4028962136729515,2119.8532931604627));
#504=IFCCARTESIANPOINT((927.50000000009697,-4.,2061.7065182267447));
#505=IFCCARTESIANPOINT((925.82709903274031,-8.156466523603692,2081.6549014020297));
#506=IFCCARTESIANPOINT((925.91229718423028,-8.06591115975578,2046.3743816101594));
#507=IFCCARTESIANPOINT((921.50000000009697,-10.,2013.3750592186043));
#508=IFCCARTESIANPOINT((925.90316935517797,-8.0757943557807792,1996.312500740753));
#509=IFCCARTESIANPOINT((925.50091148711942,-8.4713205290119831,1959.7967728884835));
#510=IFCCARTESIANPOINT((921.50000000009697,-10.,1945.1250031168447));
#511=IFCCARTESIANPOINT((927.50000000009697,-4.,1882.0312102791443));
#512=IFCCARTESIANPOINT((926.19163495544512,-7.740128533336998,190.03353679596455));
#513=IFCCARTESIANPOINT((927.50000000009697,-4.,1129.2187652773289));
#514=IFCCARTESIANPOINT((921.50000000009697,-10.,1330.8748971468342));
#515=IFCCARTESIANPOINT((926.20117294181921,-7.7281326387542926,87.578839380707635));
#516=IFCCARTESIANPOINT((921.50000000009697,-10.,1535.6248659792002));
#517=IFCCARTESIANPOINT((925.55897249688087,-8.4186810555301559,2154.0717274359386));
#518=IFCCARTESIANPOINT((927.50000000009697,-4.,1813.5936797245772));
#519=IFCCARTESIANPOINT((921.50000000009697,-10.,1603.8749220809598));
#520=IFCCARTESIANPOINT((927.50000000009697,-4.,1539.8437530555202));
#521=IFCCARTESIANPOINT((921.50000000009697,-10.,1876.8749470150854));
#522=IFCCARTESIANPOINT((927.50000000009697,-4.,1197.6562958318959));
#523=IFCCARTESIANPOINT((921.50000000009697,-10.,1262.6250405179876));
#524=IFCCARTESIANPOINT((927.50000000009697,-4.,1266.0938263864628));
#525=IFCCARTESIANPOINT((921.50000000009697,-10.,1194.374984416228));
#526=IFCCARTESIANPOINT((925.73723453276421,-8.248039961595893,709.71707672868138));
#527=IFCCARTESIANPOINT((927.50000000009697,-4.,615.93748166728699));
#528=IFCCARTESIANPOINT((925.73274144698905,-8.252516883435721,744.38645191402281));
#529=IFCCARTESIANPOINT((927.50000000009697,-4.,787.03130805370438));
#530=IFCCARTESIANPOINT((921.50000000009697,-10.,837.14472938041274));
#531=IFCCARTESIANPOINT((925.72029355063717,-8.2648707304458124,804.14063036210007));
#532=IFCCARTESIANPOINT((925.9968054348443,-7.9722463269744148,840.33953253195671));
#533=IFCCARTESIANPOINT((927.50000000009697,-4.,855.4686430590607));
#534=IFCCARTESIANPOINT((925.74464126265661,-8.2406391678991131,674.8905604813333));
#535=IFCCARTESIANPOINT((921.50000000009697,-10.,641.46708783706526));
#536=IFCCARTESIANPOINT((927.50000000009697,-4.,650.15624694457051));
#537=IFCCARTESIANPOINT((925.90378180078631,-8.0751326177259948,633.04688102161595));
#538=IFCCARTESIANPOINT((926.00339279221384,-7.9647765838749942,596.76856615230804));
#539=IFCCARTESIANPOINT((921.50000000009697,-10.,555.9381893358028));
#540=IFCCARTESIANPOINT((927.50000000009697,-4.,581.71871639000335));
#541=IFCCARTESIANPOINT((925.52268887141861,-8.4517383396484611,534.55589890485578));
#542=IFCCARTESIANPOINT((925.7877154907967,-8.1970818280033537,497.01458930916118));
#543=IFCCARTESIANPOINT((921.50000000009697,-10.,470.40919109808402));
#544=IFCCARTESIANPOINT((927.50000000009697,-4.,444.84365528086948));
#545=IFCCARTESIANPOINT((925.95389630653654,-8.0202994529787848,427.73438181360177));
#546=IFCCARTESIANPOINT((921.50000000009697,-10.,384.88029259682179));
#547=IFCCARTESIANPOINT((925.98781431636394,-7.9824016199830492,391.12488714987376));
#548=IFCCARTESIANPOINT((927.50000000009686,-4.,376.40632027551311));
#549=IFCCARTESIANPOINT((926.32638433451723,-7.5645496569107573,565.18488279515861));
#550=IFCCARTESIANPOINT((926.03808298041952,-7.9250226577485634,462.41854334880827));
#551=IFCCARTESIANPOINT((927.50000000009686,-4.,513.28118583543642));
#552=IFCCARTESIANPOINT((927.50000000009697,-4.,718.59377749913745));
#553=IFCCARTESIANPOINT((921.50000000009697,-10.,939.08685757555702));
#554=IFCCARTESIANPOINT((925.68472331326723,-8.2997779933799993,913.60130473530455));
#555=IFCCARTESIANPOINT((925.76681610652781,-8.218326719689431,878.49231689610156));
#556=IFCCARTESIANPOINT((925.74699426854852,-8.2382826337896997,948.45152671400729));
#557=IFCCARTESIANPOINT((927.50000000009697,-4.,992.34370416819468));
#558=IFCCARTESIANPOINT((921.50000000009697,-10.,1041.0289857707014));
#559=IFCCARTESIANPOINT((925.68036408830756,-8.3040162743819774,1009.4531295699131));
#560=IFCCARTESIANPOINT((925.99038522601825,-7.9795025471738796,1045.7183877401023));
#561=IFCCARTESIANPOINT((927.50000000009686,-4.,1060.7812347227616));
#562=IFCCARTESIANPOINT((927.50000000009697,-4.,923.90617361362774));
#563=IFCCARTESIANPOINT((926.25180936570462,-7.6633738210901248,979.01543772744571));
#564=IFCCARTESIANPOINT((921.50000000009697,-10.,299.35129435910301));
#565=IFCCARTESIANPOINT((925.74491671153453,-8.2403634411570863,320.73354273125409));
#566=IFCCARTESIANPOINT((925.6757298842989,-8.308512496712579,284.80061727419013));
#567=IFCCARTESIANPOINT((925.6335719959385,-8.348974885572682,356.01402254232858));
#568=IFCCARTESIANPOINT((926.23916442508596,-7.6797174555994339,253.79049500326434));
#569=IFCCARTESIANPOINT((927.50000000009697,-4.,307.96878972094612));
#570=IFCCARTESIANPOINT((921.50000000009697,-10.,1672.1249781827196));
#571=IFCCARTESIANPOINT((925.87528029855878,-8.1057182453295376,1689.1875019297852));
#572=IFCCARTESIANPOINT((925.60673706041905,-8.3743240297817323,1727.8577646023516));
#573=IFCCARTESIANPOINT((927.50000000009697,-4.,1745.1563447192209));
#574=IFCCARTESIANPOINT((927.50000000009697,-4.,1676.7188141646543));
#575=IFCCARTESIANPOINT((921.50000000009697,-10.,1740.3750342844787));
#576=IFCCARTESIANPOINT((921.50000000009697,-10.,1399.1249532485938));
#577=IFCCARTESIANPOINT((925.85222181404481,-8.1301531790402493,1416.1875029867103));
#578=IFCCARTESIANPOINT((925.6242172629693,-8.3578471713419109,1455.2410465152723));
#579=IFCCARTESIANPOINT((927.50000000009697,-4.,1402.9686919463859));
#580=IFCCARTESIANPOINT((927.50000000009686,-4.,1471.4062225009529));
#581=IFCCARTESIANPOINT((921.50000000009697,-10.,1467.3750093503534));
#582=IFCCARTESIANPOINT((925.68208293899613,-8.3023461381337533,1107.0262445979229));
#583=IFCCARTESIANPOINT((926.35011245847784,-7.5321960790957831,1076.6663724360264));
#584=IFCCARTESIANPOINT((925.81617127098241,-8.167813042894938,1353.5258545870454));
#585=IFCCARTESIANPOINT((926.30676822758699,-7.5909579790516011,1384.8258579383394));
#586=IFCCARTESIANPOINT((925.6489213367762,-8.3343340598291853,1789.7711620931821));
#587=IFCCARTESIANPOINT((925.07018429565028,-8.822217757002214,1758.849085071706));
#588=IFCCARTESIANPOINT((925.82890519859473,-8.1545853923780154,1627.1787905916613));
#589=IFCCARTESIANPOINT((926.31777100429974,-7.5761826786650861,1658.1433142838243));
#590=IFCCARTESIANPOINT((925.80192723641596,-8.1825138437975156,1218.2491438974916));
#591=IFCCARTESIANPOINT((925.65736710334409,-8.3262337857524198,1924.4783660478993));
#592=IFCCARTESIANPOINT((925.66323000786736,-8.3205920777766487,1516.4346816282077));
#593=IFCCARTESIANPOINT((925.03580571642897,-8.8474816076514387,1485.8732551278611));
#594=IFCCARTESIANPOINT((-31.500000000094424,-10.,2184.));
#595=IFCCARTESIANPOINT((-31.500000000094424,-10.,-0.));
#596=IFCCARTESIANPOINT((26.500000000007443,-10.,0.));
#597=IFCCARTESIANPOINT((26.500000000007443,-10.,2126.));
#598=IFCCARTESIANPOINT((863.499999999995,-10.,2126.));
#599=IFCCARTESIANPOINT((861.94708572937952,-9.7955549577297596,2124.4470857293727));
#600=IFCCARTESIANPOINT((860.49999999999466,-9.1961524227018767,2123.));
#601=IFCCARTESIANPOINT((859.25735931287556,-8.2426406871145801,2121.7573593128691));
#602=IFCCARTESIANPOINT((858.30384757728825,-7.,2120.8038475772819));
#603=IFCCARTESIANPOINT((857.70444504226055,-5.5529142706104544,2120.2044450422536));
#604=IFCCARTESIANPOINT((857.499999999995,-4.,2120.));
#605=IFCCARTESIANPOINT((863.49999999999477,-10.,757.53691504570634));
#606=IFCCARTESIANPOINT((863.49999999999477,-10.,1441.7684575228475));
#607=IFCCARTESIANPOINT((863.49999999999477,-10.,1783.8842287614177));
#608=IFCCARTESIANPOINT((863.49999999999466,-10.,1954.9421143807033));
#609=IFCCARTESIANPOINT((863.49999999999466,-10.,2040.4710571903456));
#610=IFCCARTESIANPOINT((863.49999999999466,-10.,2083.2355285951671));
#611=IFCCARTESIANPOINT((857.499999999995,-4.,1060.));
#612=IFCCARTESIANPOINT((857.499999999995,-4.,1590.));
#613=IFCCARTESIANPOINT((857.499999999995,-4.,1855.));
#614=IFCCARTESIANPOINT((857.499999999995,-4.,1987.500000000053));
#615=IFCCARTESIANPOINT((857.499999999995,-4.,530.));
#616=IFCCARTESIANPOINT((857.499999999995,-4.,1325.));
#617=IFCCARTESIANPOINT((857.499999999995,-4.,1722.5000000000459));
#618=IFCCARTESIANPOINT((857.499999999995,-4.,795.));
#619=IFCCARTESIANPOINT((857.499999999995,-4.,1457.5000000000387));
#620=IFCCARTESIANPOINT((857.499999999995,-4.,662.50000000001762));
#621=IFCCARTESIANPOINT((863.49999999999477,-10.,1099.652686284277));
#622=IFCCARTESIANPOINT((863.49999999999466,-10.,1869.4131715710603));
#623=IFCCARTESIANPOINT((863.49999999999477,-10.,378.76845752285317));
#624=IFCCARTESIANPOINT((863.49999999999477,-10.,1270.7105719035621));
#625=IFCCARTESIANPOINT((863.49999999999477,-10.,1612.8263431421326));
#626=IFCCARTESIANPOINT((863.49999999999477,-10.,928.59480066499179));
#627=IFCCARTESIANPOINT((863.49999999999477,-10.,843.06585785534912));
#628=IFCCARTESIANPOINT((863.49999999999477,-10.,568.15268628427987));
#629=IFCCARTESIANPOINT((863.49999999999477,-10.,1356.2395147132047));
#630=IFCCARTESIANPOINT((863.49999999999477,-10.,1698.3552859517747));
#631=IFCCARTESIANPOINT((863.49999999999477,-10.,1014.1237434746344));
#632=IFCCARTESIANPOINT((863.49999999999477,-10.,473.4605719035668));
#633=IFCCARTESIANPOINT((863.49999999999477,-10.,662.84480066499293));
#634=IFCCARTESIANPOINT((857.499999999995,-4.,265.));
#635=IFCCARTESIANPOINT((857.499999999995,-4.,397.50000000001063));
#636=IFCCARTESIANPOINT((857.499999999995,-4.,927.50000000002467));
#637=IFCCARTESIANPOINT((857.499999999995,-4.,1192.5000000000318));
#638=IFCCARTESIANPOINT((863.49999999999477,-10.,1185.1816290939194));
#639=IFCCARTESIANPOINT((863.499999999995,-10.,189.38422876142658));
#640=IFCCARTESIANPOINT((863.499999999995,-10.,284.07634314213976));
#641=IFCCARTESIANPOINT((857.499999999995,-4.,132.50000000000352));
#642=IFCCARTESIANPOINT((863.499999999995,-10.,94.692114380713477));
#643=IFCCARTESIANPOINT((857.499999999995,-4.,2053.7500000000546));
#644=IFCCARTESIANPOINT((857.499999999995,-4.,2077.2355312371833));
#645=IFCCARTESIANPOINT((857.499999999995,-4.,66.250000000001762));
#646=IFCCARTESIANPOINT((859.3904471542827,-8.3716787860339004,2065.4927645294324));
#647=IFCCARTESIANPOINT((863.499999999995,-10.,42.764471404821364));
#648=IFCCARTESIANPOINT((857.499999999995,-4.,1523.7500000000407));
#649=IFCCARTESIANPOINT((863.49999999999477,-10.,1527.2974003324898));
#650=IFCCARTESIANPOINT((863.49999999999466,-10.,1570.0618717373111));
#651=IFCCARTESIANPOINT((857.499999999995,-4.,2020.6249883481496));
#652=IFCCARTESIANPOINT((863.49999999999466,-10.,1997.7065857855241));
#653=IFCCARTESIANPOINT((857.499999999995,-4.,42.764468762873207));
#654=IFCCARTESIANPOINT((859.25735931298652,-8.2426406872256237,54.507235395308697));
#655=IFCCARTESIANPOINT((857.499999999995,-4.,99.375011651906746));
#656=IFCCARTESIANPOINT((863.499999999995,-10.,142.03817157107022));
#657=IFCCARTESIANPOINT((859.39055164532715,-8.3717770094411517,115.93749945203425));
#658=IFCCARTESIANPOINT((857.499999999995,-4.,198.75000000000531));
#659=IFCCARTESIANPOINT((859.08762522094821,-8.06582695268688,2004.0625004756466));
#660=IFCCARTESIANPOINT((857.499999999995,-4.,1921.2500000000514));
#661=IFCCARTESIANPOINT((859.03182113614889,-8.0044197632919474,1966.4126225228913));
#662=IFCCARTESIANPOINT((863.49999999999477,-10.,1912.177642975882));
#663=IFCCARTESIANPOINT((857.499999999995,-4.,1888.1249883481462));
#664=IFCCARTESIANPOINT((859.09879317631919,-8.0779134977574927,1904.6875008717147));
#665=IFCCARTESIANPOINT((857.499999999995,-4.,331.25000000000881));
#666=IFCCARTESIANPOINT((859.03683149676954,-8.0100033555822776,153.30703797312788));
#667=IFCCARTESIANPOINT((859.1373939074665,-8.1191829385686631,1548.6796383437152));
#668=IFCCARTESIANPOINT((857.499999999995,-4.,1656.2500000000441));
#669=IFCCARTESIANPOINT((857.499999999995,-4.,1391.2500000000371));
#670=IFCCARTESIANPOINT((857.499999999995,-4.,1954.3750116519561));
#671=IFCCARTESIANPOINT((857.499999999995,-4.,165.62498834810035));
#672=IFCCARTESIANPOINT((859.32463618106465,-8.3088672501630949,1512.8252379678761));
#673=IFCCARTESIANPOINT((863.49999999999477,-10.,1484.5329289276688));
#674=IFCCARTESIANPOINT((857.499999999995,-4.,1490.6249883481355));
#675=IFCCARTESIANPOINT((859.13710632507366,-8.1188783401910189,1474.0625025879638));
#676=IFCCARTESIANPOINT((858.98318831442396,-7.9494825226924197,1437.4572688227586));
#677=IFCCARTESIANPOINT((863.49999999999477,-10.,1399.003986118026));
#678=IFCCARTESIANPOINT((857.499999999995,-4.,1424.375011651942));
#679=IFCCARTESIANPOINT((859.46319763024053,-8.4389443145307688,1377.6217534028137));
#680=IFCCARTESIANPOINT((859.2541634645753,-8.2394424296664894,1340.6888204931242));
#681=IFCCARTESIANPOINT((863.49999999999477,-10.,1313.4750433083834));
#682=IFCCARTESIANPOINT((857.499999999995,-4.,1258.7500000000337));
#683=IFCCARTESIANPOINT((857.499999999995,-4.,1291.8750116519384));
#684=IFCCARTESIANPOINT((859.07400261231078,-8.0509933503001978,1275.3125033797312));
#685=IFCCARTESIANPOINT((863.49999999999477,-10.,1227.9461004987409));
#686=IFCCARTESIANPOINT((859.01790358620519,-7.9888358875060419,1237.9421708777431));
#687=IFCCARTESIANPOINT((858.80151404039475,-7.7315184157933192,1308.111786361909));
#688=IFCCARTESIANPOINT((857.499999999995,-4.,1358.1249883481321));
#689=IFCCARTESIANPOINT((857.499999999995,-4.,1225.6249883481285));
#690=IFCCARTESIANPOINT((858.72160971762185,-7.6286342209278866,2035.0563763785003));
#691=IFCCARTESIANPOINT((857.499999999995,-4.,728.75000000001933));
#692=IFCCARTESIANPOINT((863.49999999999477,-10.,710.19085785534969));
#693=IFCCARTESIANPOINT((859.24519276036449,-8.2304391442910294,686.5178349944099));
#694=IFCCARTESIANPOINT((857.499999999995,-4.,596.25000000001592));
#695=IFCCARTESIANPOINT((859.60761595677832,-8.5661084590787517,1591.4441095767147));
#696=IFCCARTESIANPOINT((857.499999999995,-4.,1623.1249883481391));
#697=IFCCARTESIANPOINT((863.49999999999477,-10.,1655.5908145469541));
#698=IFCCARTESIANPOINT((859.24153191654398,-8.2267540243301411,1639.6875019283677));
#699=IFCCARTESIANPOINT((859.13239100576425,-8.1138779361420816,1679.3361852396706));
#700=IFCCARTESIANPOINT((863.49999999999477,-10.,1741.1197573565967));
#701=IFCCARTESIANPOINT((857.499999999995,-4.,1788.7500000000475));
#702=IFCCARTESIANPOINT((857.499999999995,-4.,1755.6249883481428));
#703=IFCCARTESIANPOINT((859.15670954031202,-8.1395444172987812,1772.1875013999875));
#704=IFCCARTESIANPOINT((863.49999999999466,-10.,1826.648700166239));
#705=IFCCARTESIANPOINT((859.08330455194152,-8.0611330092852587,1810.8657807525115));
#706=IFCCARTESIANPOINT((859.55740271467619,-8.5228228625223839,1847.7349232331792));
#707=IFCCARTESIANPOINT((859.43184188927023,-8.4102255708867908,1715.2090819740874));
#708=IFCCARTESIANPOINT((858.71513587425102,-7.6200932720217249,1935.5053805785271));
#709=IFCCARTESIANPOINT((859.26331707435941,-8.248590094088831,651.02064415310144));
#710=IFCCARTESIANPOINT((863.49999999999477,-10.,615.49874347463629));
#711=IFCCARTESIANPOINT((857.499999999995,-4.,629.37501165192089));
#712=IFCCARTESIANPOINT((859.06413805471868,-8.0401892037889287,612.81250601979048));
#713=IFCCARTESIANPOINT((858.99974781659319,-7.9683409991772258,575.80973991111057));
#714=IFCCARTESIANPOINT((863.499999999995,-10.,520.80662909392345));
#715=IFCCARTESIANPOINT((857.499999999995,-4.,463.75000000001234));
#716=IFCCARTESIANPOINT((863.499999999995,-10.,426.11451471320999));
#717=IFCCARTESIANPOINT((857.499999999995,-4.,496.8750116519173));
#718=IFCCARTESIANPOINT((859.09751275986537,-8.0765311357155838,513.43750641595011));
#719=IFCCARTESIANPOINT((857.499999999995,-4.,563.12498834811095));
#720=IFCCARTESIANPOINT((860.32000161124517,-9.0879868560662178,544.82061297304983));
#721=IFCCARTESIANPOINT((857.499999999995,-4.,1126.25000000003));
#722=IFCCARTESIANPOINT((857.499999999995,-4.,1821.8750116519527));
#723=IFCCARTESIANPOINT((859.30958056078555,-8.2942269296646423,721.35769868230193));
#724=IFCCARTESIANPOINT((857.499999999995,-4.,761.8750116519243));
#725=IFCCARTESIANPOINT((863.49999999999477,-10.,800.30138645052784));
#726=IFCCARTESIANPOINT((859.37946968065023,-8.3613334987502377,778.43750536109098));
#727=IFCCARTESIANPOINT((857.499999999995,-4.,861.25000000002296));
#728=IFCCARTESIANPOINT((859.10546532825708,-8.0851028161915082,817.34873438105922));
#729=IFCCARTESIANPOINT((857.499999999995,-4.,828.12498834811799));
#730=IFCCARTESIANPOINT((857.499999999995,-4.,1689.3750116519491));
#731=IFCCARTESIANPOINT((857.499999999995,-4.,993.75000000002649));
#732=IFCCARTESIANPOINT((859.53660336861014,-8.504607323872607,449.78754998195069));
#733=IFCCARTESIANPOINT((859.18828774698306,-8.1724258468172408,413.44971702845965));
#734=IFCCARTESIANPOINT((857.499999999995,-4.,364.37501165191378));
#735=IFCCARTESIANPOINT((863.499999999995,-10.,331.42240033249647));
#736=IFCCARTESIANPOINT((859.25315203520506,-8.2384292330911357,347.81250707667516));
#737=IFCCARTESIANPOINT((859.19796856644155,-8.182406668974247,306.80754686227152));
#738=IFCCARTESIANPOINT((857.499999999995,-4.,430.62498834810737));
#739=IFCCARTESIANPOINT((858.77722878157715,-7.7007339837458622,481.22181905043351));
#740=IFCCARTESIANPOINT((858.81937082522757,-7.7538927166719054,380.58797022836467));
#741=IFCCARTESIANPOINT((859.33366369979342,-8.3175967659779797,271.86268261168271));
#742=IFCCARTESIANPOINT((863.499999999995,-10.,236.730285951783));
#743=IFCCARTESIANPOINT((857.499999999995,-4.,231.87501165191028));
#744=IFCCARTESIANPOINT((859.39617069984718,-8.3770520987541737,215.31250760428216));
#745=IFCCARTESIANPOINT((858.74689132264314,-7.6616878486906961,85.354880806029584));
#746=IFCCARTESIANPOINT((857.499999999995,-4.,1556.8750116519454));
#747=IFCCARTESIANPOINT((858.75296227779359,-7.6695548591027647,184.60356958468711));
#748=IFCCARTESIANPOINT((857.499999999995,-4.,695.62498834811436));
#749=IFCCARTESIANPOINT((857.499999999995,-4.,298.12498834810384));
#750=IFCCARTESIANPOINT((859.25462487524806,-8.2399044859691113,852.05642692726144));
#751=IFCCARTESIANPOINT((863.49999999999477,-10.,885.83032926017063));
#752=IFCCARTESIANPOINT((857.499999999995,-4.,894.37501165192793));
#753=IFCCARTESIANPOINT((859.28520877530912,-8.2703085289323077,910.93750483269264));
#754=IFCCARTESIANPOINT((863.49999999999477,-10.,971.35927206981285));
#755=IFCCARTESIANPOINT((859.15488644407912,-8.1376307455061827,951.02594270537668));
#756=IFCCARTESIANPOINT((859.39184504843001,-8.3729924415544623,986.54611043132331));
#757=IFCCARTESIANPOINT((857.499999999995,-4.,1026.8750116519316));
#758=IFCCARTESIANPOINT((863.49999999999477,-10.,1056.8882148794555));
#759=IFCCARTESIANPOINT((859.18872593734238,-8.1728786175326391,1043.4375043042676));
#760=IFCCARTESIANPOINT((859.10291541974004,-8.0823580433430244,1082.5049693813583));
#761=IFCCARTESIANPOINT((863.49999999999477,-10.,1142.4171576890983));
#762=IFCCARTESIANPOINT((857.499999999995,-4.,1159.375011651935));
#763=IFCCARTESIANPOINT((859.11975463217289,-8.100420773242103,1175.9375037759482));
#764=IFCCARTESIANPOINT((859.4994819638838,-8.4716725553989889,1118.9313318377449));
#765=IFCCARTESIANPOINT((860.16339277637144,-8.9866875012594729,1207.1184312685334));
#766=IFCCARTESIANPOINT((857.499999999995,-4.,1093.124988348125));
#767=IFCCARTESIANPOINT((857.499999999995,-4.,960.62498834812152));
#768=IFCCARTESIANPOINT((857.50000000006276,-0.,2120.));
#769=IFCCARTESIANPOINT((32.499999999939483,-0.,2120.));
#770=IFCCARTESIANPOINT((32.499999999939483,-0.,0.));
#771=IFCCARTESIANPOINT((39.038098469603831,-0.,-0.));
#772=IFCCARTESIANPOINT((39.038098469603831,-0.,2113.461901530392));
#773=IFCCARTESIANPOINT((850.96190153039845,-0.,2113.461901530392));
#774=IFCCARTESIANPOINT((848.5139674824685,1.0139674824235481,2111.0139674824618));
#775=IFCCARTESIANPOINT((847.50000000002115,3.4619015303532605,2110.));
#776=IFCCARTESIANPOINT((850.96190153039845,-0.,1073.9850643211007));
#777=IFCCARTESIANPOINT((850.96190153039845,-0.,1593.7234829257461));
#778=IFCCARTESIANPOINT((850.96190153039845,-0.,1853.5926922280692));
#779=IFCCARTESIANPOINT((850.96190153039834,-0.,1983.5272968792303));
#780=IFCCARTESIANPOINT((847.50000000002115,3.4619015303532521,1055.));
#781=IFCCARTESIANPOINT((847.50000000002115,3.4619015303532605,1582.5000000000111));
#782=IFCCARTESIANPOINT((847.50000000002115,3.4619015303532521,1318.7500000000091));
#783=IFCCARTESIANPOINT((847.50000000002115,3.4619015303532605,1846.250000000013));
#784=IFCCARTESIANPOINT((847.50000000002115,3.4619015303532605,1978.1250000000139));
#785=IFCCARTESIANPOINT((847.50000000002115,3.4619015303532521,1186.8750000000082));
#786=IFCCARTESIANPOINT((847.50000000002115,3.4619015303532605,1714.3750000000121));
#787=IFCCARTESIANPOINT((847.50000000002115,3.4619015303532521,1120.9375000000077));
#788=IFCCARTESIANPOINT((850.96190153039845,-0.,1723.6580875769075));
#789=IFCCARTESIANPOINT((850.96190153039845,-0.,1333.8542736234235));
#790=IFCCARTESIANPOINT((850.96190153039845,-0.,1203.9196689722621));
#791=IFCCARTESIANPOINT((850.96190153039845,-0.,536.99253216055035));
#792=IFCCARTESIANPOINT((850.96190153039845,-0.,1138.9523666466814));
#793=IFCCARTESIANPOINT((850.96190153039845,-0.,1463.7888782745847));
#794=IFCCARTESIANPOINT((850.96190153039845,-0.,1268.8869712978428));
#795=IFCCARTESIANPOINT((850.96190153039845,-0.,805.48879824082542));
#796=IFCCARTESIANPOINT((850.96190153039845,-0.,939.73693128096306));
#797=IFCCARTESIANPOINT((850.96190153039845,-0.,1006.8609978010318));
#798=IFCCARTESIANPOINT((847.50000000002115,3.4619015303532521,1252.8125000000086));
#799=IFCCARTESIANPOINT((847.50000000002115,3.4619015303532521,1450.62500000001));
#800=IFCCARTESIANPOINT((847.50000000002115,3.4619015303532437,527.50000000000364));
#801=IFCCARTESIANPOINT((847.50000000002115,3.4619015303532521,1516.5625000000105));
#802=IFCCARTESIANPOINT((847.50000000002115,3.4619015303532605,1384.6875000000095));
#803=IFCCARTESIANPOINT((847.50000000002115,3.4619015303532521,791.25000000000557));
#804=IFCCARTESIANPOINT((847.50000000002115,3.4619015303532521,923.12500000000648));
#805=IFCCARTESIANPOINT((847.50000000002115,3.4619015303532437,659.37500000000455));
#806=IFCCARTESIANPOINT((847.50000000002115,3.4619015303532521,857.18750000000603));
#807=IFCCARTESIANPOINT((847.50000000002115,3.4619015303532521,989.06250000000693));
#808=IFCCARTESIANPOINT((850.96190153039845,-0.,1398.8215759490042));
#809=IFCCARTESIANPOINT((850.96190153039845,-0.,268.49626608027518));
#810=IFCCARTESIANPOINT((850.96190153039845,-0.,1528.7561806001654));
#811=IFCCARTESIANPOINT((850.96190153039845,-0.,872.61286476089424));
#812=IFCCARTESIANPOINT((850.96190153039845,-0.,671.24066520068789));
#813=IFCCARTESIANPOINT((850.96190153039845,-0.,402.74439912041271));
#814=IFCCARTESIANPOINT((850.96190153039845,-0.,738.36473172075671));
#815=IFCCARTESIANPOINT((847.50000000002115,3.4619015303532437,725.312500000005));
#816=IFCCARTESIANPOINT((847.50000000002115,3.4619015303532437,263.75000000000182));
#817=IFCCARTESIANPOINT((847.50000000002115,3.4619015303532437,395.62500000000279));
#818=IFCCARTESIANPOINT((847.50000000002115,3.4619015303532437,129.93462241585769));
#819=IFCCARTESIANPOINT((850.96190153039845,-0.,134.24813304013759));
#820=IFCCARTESIANPOINT((850.96190153039845,-0.,201.37219956020635));
#821=IFCCARTESIANPOINT((847.50000000002115,3.4619015303532521,196.84231120792975));
#822=IFCCARTESIANPOINT((847.50000000002115,3.4619015303532605,2044.0625000000141));
#823=IFCCARTESIANPOINT((850.96190153039834,-0.,2048.494599204811));
#824=IFCCARTESIANPOINT((850.96190153039834,-0.,2080.9782503676015));
#825=IFCCARTESIANPOINT((850.96190153039845,-0.,64.96730232558042));
#826=IFCCARTESIANPOINT((847.50000000002115,3.4619015303532437,64.967311207928844));
#827=IFCCARTESIANPOINT((847.50000000002115,3.4619015303532437,32.483655603964309));
#828=IFCCARTESIANPOINT((847.50000000002115,3.4619015303532437,329.68750000000227));
#829=IFCCARTESIANPOINT((850.96190153039845,-0.,335.62033260034394));
#830=IFCCARTESIANPOINT((850.96190153039845,-0.,369.18236586037852));
#831=IFCCARTESIANPOINT((850.96190153039845,-0.,1658.6907852513266));
#832=IFCCARTESIANPOINT((847.50000000002115,3.4619015303532605,1648.4375000000116));
#833=IFCCARTESIANPOINT((847.50000000002115,3.4619015303532605,1615.4687286349199));
#834=IFCCARTESIANPOINT((847.50000000002115,3.4619015303532605,1912.1875000000134));
#835=IFCCARTESIANPOINT((850.96190153039834,-0.,1918.5599945536494));
#836=IFCCARTESIANPOINT((850.96190153039834,-0.,1951.0436457164401));
#837=IFCCARTESIANPOINT((847.50000000002115,3.4619015303532437,461.56250000000324));
#838=IFCCARTESIANPOINT((850.96190153039845,-0.,469.86846564048153));
#839=IFCCARTESIANPOINT((850.96190153039845,-0.,503.43049890051611));
#840=IFCCARTESIANPOINT((847.50000000002115,3.4619015303532605,1780.3125000000125));
#841=IFCCARTESIANPOINT((850.96190153039845,-0.,1788.6253899024882));
#842=IFCCARTESIANPOINT((850.96190153039834,-0.,1821.1090410652785));
#843=IFCCARTESIANPOINT((850.96190153039845,-0.,604.11659868061906));
#844=IFCCARTESIANPOINT((847.50000000002115,3.4619015303532437,593.43750000000409));
#845=IFCCARTESIANPOINT((847.50000000002115,3.4619015303532521,560.46872863491262));
#846=IFCCARTESIANPOINT((850.96190153039845,-0.,32.48365116279038));
#847=IFCCARTESIANPOINT((847.50000000002115,3.4619015303532605,2077.0312713651056));
#848=IFCCARTESIANPOINT((850.96190153039845,-0.,99.607717682858848));
#849=IFCCARTESIANPOINT((847.50000000002115,3.4619015303532437,97.450966811893167));
#850=IFCCARTESIANPOINT((850.96190153039845,-0.,234.93423282024091));
#851=IFCCARTESIANPOINT((847.50000000002115,3.4619015303532437,230.2961556039657));
#852=IFCCARTESIANPOINT((847.50000000002115,3.4619015303532437,163.38846681189361));
#853=IFCCARTESIANPOINT((850.96190153039856,-0.,167.8101663001718));
#854=IFCCARTESIANPOINT((847.50000000002115,3.4619015303532521,296.7187286349108));
#855=IFCCARTESIANPOINT((850.96190153039845,-0.,302.05829934030936));
#856=IFCCARTESIANPOINT((847.50000000002115,3.4619015303532605,2011.0937286349229));
#857=IFCCARTESIANPOINT((850.96190153039834,-0.,2016.0109480420208));
#858=IFCCARTESIANPOINT((850.96190153039845,-0.,570.55456542058448));
#859=IFCCARTESIANPOINT((850.96190153039845,-0.,1626.2071340885366));
#860=IFCCARTESIANPOINT((847.50000000002115,3.4619015303532605,1879.2187286349219));
#861=IFCCARTESIANPOINT((850.96190153039834,-0.,1886.0763433908594));
#862=IFCCARTESIANPOINT((847.50000000002115,3.4619015303532521,428.59372863491171));
#863=IFCCARTESIANPOINT((850.96190153039845,-0.,436.30643238044701));
#864=IFCCARTESIANPOINT((847.50000000002115,3.4619015303532605,1747.343728634921));
#865=IFCCARTESIANPOINT((850.96190153039845,-0.,1756.141738739698));
#866=IFCCARTESIANPOINT((847.50000000002115,3.4619015303532521,1813.281271365104));
#867=IFCCARTESIANPOINT((850.96190153039845,-0.,1691.1744364141175));
#868=IFCCARTESIANPOINT((847.50000000002115,3.4619015303532521,1681.4062713651031));
#869=IFCCARTESIANPOINT((850.96190153039845,-0.,637.67863194065364));
#870=IFCCARTESIANPOINT((847.50000000002115,3.4619015303532437,626.40627136509556));
#871=IFCCARTESIANPOINT((847.50000000002115,3.4619015303532437,494.53127136509465));
#872=IFCCARTESIANPOINT((847.50000000002115,3.4619015303532521,1549.5312713651022));
#873=IFCCARTESIANPOINT((850.96190153039845,-0.,1561.2398317629561));
#874=IFCCARTESIANPOINT((850.96190153039845,-0.,704.80269846072224));
#875=IFCCARTESIANPOINT((847.50000000002115,3.4619015303532437,692.34372863491353));
#876=IFCCARTESIANPOINT((847.50000000002115,3.4619015303532521,1945.1562713651049));
#877=IFCCARTESIANPOINT((847.50000000002115,3.4619015303532605,1483.593728634919));
#878=IFCCARTESIANPOINT((850.96190153039845,-0.,1496.2725294373752));
#879=IFCCARTESIANPOINT((850.96190153039845,-0.,771.92676498079106));
#880=IFCCARTESIANPOINT((847.50000000002115,3.4619015303532521,758.28127136509659));
#881=IFCCARTESIANPOINT((847.50000000002115,3.4619015303532521,1417.656271365101));
#882=IFCCARTESIANPOINT((850.96190153039845,-0.,1431.3052271117947));
#883=IFCCARTESIANPOINT((847.50000000002115,3.4619015303532437,824.21872863491444));
#884=IFCCARTESIANPOINT((850.96190153039845,-0.,839.05083150085989));
#885=IFCCARTESIANPOINT((847.50000000002115,3.4619015303532437,362.6562713650938));
#886=IFCCARTESIANPOINT((847.50000000002115,3.4619015303532521,1351.7187286349181));
#887=IFCCARTESIANPOINT((850.96190153039845,-0.,1366.3379247862138));
#888=IFCCARTESIANPOINT((847.50000000002115,3.4619015303532521,890.1562713650975));
#889=IFCCARTESIANPOINT((850.96190153039845,-0.,906.17489802092871));
#890=IFCCARTESIANPOINT((850.96190153039845,-0.,1301.3706224606333));
#891=IFCCARTESIANPOINT((847.50000000002115,3.4619015303532605,1285.7812713651001));
#892=IFCCARTESIANPOINT((847.50000000002115,3.4619015303532521,956.09372863491546));
#893=IFCCARTESIANPOINT((850.96190153039845,-0.,973.29896454099742));
#894=IFCCARTESIANPOINT((850.96190153039845,-0.,1236.4033201350524));
#895=IFCCARTESIANPOINT((847.50000000002115,3.4619015303532521,1219.8437286349172));
#896=IFCCARTESIANPOINT((850.96190153039845,-0.,1040.4230310610662));
#897=IFCCARTESIANPOINT((847.50000000002115,3.4619015303532521,1022.0312713650983));
#898=IFCCARTESIANPOINT((847.50000000002115,3.4619015303532521,1087.9687286349163));
#899=IFCCARTESIANPOINT((850.96190153039845,-0.,1106.4687154838912));
#900=IFCCARTESIANPOINT((850.96190153039845,-0.,1171.4360178094719));
#901=IFCCARTESIANPOINT((847.50000000002115,3.4619015303532521,1153.9062713650992));
#902=IFCCARTESIANPOINT((848.7672565279214,0.78453425649433683,385.96338773895064));
#903=IFCCARTESIANPOINT((848.37998279097428,1.1557233436038707,406.72870461891307));
#904=IFCCARTESIANPOINT((848.5042763703832,1.0236971133921966,366.4986438261069));
#905=IFCCARTESIANPOINT((847.50000000002115,3.4619015303532521,346.17190704763931));
#906=IFCCARTESIANPOINT((848.43491153968216,1.0956632091252632,337.92969293996902));
#907=IFCCARTESIANPOINT((848.38861260158524,1.1460979344332416,314.05781130611928));
#908=IFCCARTESIANPOINT((848.59112288102699,0.93917070806715619,293.8475499700956));
#909=IFCCARTESIANPOINT((847.50000000002115,3.4619015303532605,1598.9843643174654));
#910=IFCCARTESIANPOINT((848.66519568026638,0.87155320551401216,1607.2265640463393));
#911=IFCCARTESIANPOINT((848.3113185092426,1.2349817172508037,1628.5281828451609));
#912=IFCCARTESIANPOINT((848.54362140241528,0.98466851171534397,1587.0891507304145));
#913=IFCCARTESIANPOINT((847.50000000002115,3.4619015303532521,1566.0156356825564));
#914=IFCCARTESIANPOINT((848.44322251944732,1.0868187432018777,1557.7734391977365));
#915=IFCCARTESIANPOINT((848.32523732084292,1.2185192508304146,1535.4544150434456));
#916=IFCCARTESIANPOINT((848.81435368265988,0.74661140815602134,1513.5746721257347));
#917=IFCCARTESIANPOINT((848.40698209605011,1.1258474021238327,1493.294840030673));
#918=IFCCARTESIANPOINT((848.40076772799125,1.132662201259834,1471.4109981773101));
#919=IFCCARTESIANPOINT((848.77445810823144,0.77864725972469684,1449.8619401870737));
#920=IFCCARTESIANPOINT((848.35534507376303,1.1836070708066626,1429.166294730767));
#921=IFCCARTESIANPOINT((848.48732785728805,1.0409002204864002,1407.685175231635));
#922=IFCCARTESIANPOINT((848.71428778562142,0.82884348687662079,1386.4400891760115));
#923=IFCCARTESIANPOINT((848.29471284095405,1.2548975201782067,1365.1654707035473));
#924=IFCCARTESIANPOINT((848.5707227867764,0.95849856197628991,1344.0095774496406));
#925=IFCCARTESIANPOINT((848.64764607526831,0.8872202113492037,1322.943960276948));
#926=IFCCARTESIANPOINT((847.50000000002115,3.4619015303532521,1302.2656356825548));
#927=IFCCARTESIANPOINT((848.49611566986755,1.0319504411264564,1294.023440007137));
#928=IFCCARTESIANPOINT((848.30575865862011,1.2416161318673729,1272.3049618745936));
#929=IFCCARTESIANPOINT((850.96190153039845,-0.,1252.6451457164476));
#930=IFCCARTESIANPOINT((848.51044347476932,1.0174965705482204,1244.524235570161));
#931=IFCCARTESIANPOINT((848.74922080489148,0.79942031671101721,1222.8281439602686));
#932=IFCCARTESIANPOINT((847.50000000002115,3.4619015303532605,1203.3593643174627));
#933=IFCCARTESIANPOINT((848.52626208483491,1.0017343211492056,1195.1171903106729));
#934=IFCCARTESIANPOINT((848.30254492846575,1.2454664038979166,1173.5628727361602));
#935=IFCCARTESIANPOINT((848.75153634020432,0.79749766982343728,1152.3487140794275));
#936=IFCCARTESIANPOINT((848.45851843311061,1.0707019832134208,1131.1573494148704));
#937=IFCCARTESIANPOINT((848.38645019521778,1.1485030289825235,1110.1755142629754));
#938=IFCCARTESIANPOINT((850.96190153039845,-0.,1090.2268899024962));
#939=IFCCARTESIANPOINT((848.55485214416899,0.97375453745264662,1082.1059802491234));
#940=IFCCARTESIANPOINT((848.73878524971929,0.80812757452960859,1060.0707636255627));
#941=IFCCARTESIANPOINT((847.50000000002115,3.4619015303532521,1038.5156356825528));
#942=IFCCARTESIANPOINT((848.55942920390942,0.96933479574367942,1030.2734408165293));
#943=IFCCARTESIANPOINT((848.30373652390756,1.2440374668239012,1008.7881851781071));
#944=IFCCARTESIANPOINT((850.96190153039845,-0.,990.07998117101465));
#945=IFCCARTESIANPOINT((848.53465095590889,0.99345731290200867,981.68947629823606));
#946=IFCCARTESIANPOINT((848.73107959905894,0.81460182750832433,959.97821384644817));
#947=IFCCARTESIANPOINT((847.50000000002115,3.4619015303532521,939.60936431746097));
#948=IFCCARTESIANPOINT((848.51669010480703,1.0112478848567625,931.36719111994682));
#949=IFCCARTESIANPOINT((848.30701874235785,1.2401095536386049,909.66926617155411));
#950=IFCCARTESIANPOINT((850.96190153039845,-0.,889.39388139091159));
#951=IFCCARTESIANPOINT((848.49685258533384,1.0312028850119965,881.00337682391421));
#952=IFCCARTESIANPOINT((848.73666988563355,0.80990109046539605,859.50727473836412));
#953=IFCCARTESIANPOINT((847.50000000002115,3.4619015303532521,840.70309295236893));
#954=IFCCARTESIANPOINT((848.48269933317795,1.0456402300537162,832.46094142337233));
#955=IFCCARTESIANPOINT((848.31386787318684,1.2319508680509981,810.50297323010886));
#956=IFCCARTESIANPOINT((850.96190153039845,-0.,788.7077816108083));
#957=IFCCARTESIANPOINT((848.45170340614527,1.0778571551321257,780.3172773496176));
#958=IFCCARTESIANPOINT((848.73761721150026,0.80910649968623227,758.98273010765342));
#959=IFCCARTESIANPOINT((848.31691311152611,1.2283396955120751,737.98238475068968));
#960=IFCCARTESIANPOINT((848.57552480217214,0.95392060598250616,716.21197700131211));
#961=IFCCARTESIANPOINT((848.60891118468555,0.92257117787635123,695.66087436345379));
#962=IFCCARTESIANPOINT((847.50000000002115,3.4619015303532521,675.85936431745904));
#963=IFCCARTESIANPOINT((848.44461057241506,1.0853476305051923,667.6171919290864));
#964=IFCCARTESIANPOINT((848.33214433947751,1.2104266087012223,645.12918702579066));
#965=IFCCARTESIANPOINT((848.77112911652216,0.78136456238828111,623.56991352452269));
#966=IFCCARTESIANPOINT((848.39317914358287,1.1410336957922103,603.29730421850763));
#967=IFCCARTESIANPOINT((848.44371693725009,1.0862945424744328,580.78288467026732));
#968=IFCCARTESIANPOINT((848.65692255955298,0.8789121478763966,560.14260230625007));
#969=IFCCARTESIANPOINT((848.70886657453877,0.83348076995312703,1967.2854717474277));
#970=IFCCARTESIANPOINT((848.41812232525911,1.1137214773060287,1987.8766282637434));
#971=IFCCARTESIANPOINT((848.5184897824746,1.0094535214984612,1947.8011484770018));
#972=IFCCARTESIANPOINT((847.50000000002115,3.4619015303532521,1928.6719070476502));
#973=IFCCARTESIANPOINT((848.432631955494,1.0981000108742518,1920.4296880849006));
#974=IFCCARTESIANPOINT((848.37216399280976,1.1645069859982156,1896.9510033917193));
#975=IFCCARTESIANPOINT((848.62473962439606,0.9079954179130667,1876.4924877035321));
#976=IFCCARTESIANPOINT((850.96190153039845,-0.,520.21151553053301));
#977=IFCCARTESIANPOINT((848.2993607602491,1.2492924701438435,511.82101208494453));
#978=IFCCARTESIANPOINT((848.71292596190062,0.83000656696133934,490.59570057063405));
#979=IFCCARTESIANPOINT((848.52967249384687,0.99836258814357692,531.60414913986824));
#980=IFCCARTESIANPOINT((848.76212929973087,0.78874527992345023,1837.3508674905652));
#981=IFCCARTESIANPOINT((848.29247869935352,1.2576002907029471,1856.7866692685573));
#982=IFCCARTESIANPOINT((848.50257991375543,1.0254082732436338,1817.7628890650419));
#983=IFCCARTESIANPOINT((847.50000000002115,3.4619015303532521,1796.7969070476493));
#984=IFCCARTESIANPOINT((848.42830751386509,1.1027356681438212,1788.5546884895552));
#985=IFCCARTESIANPOINT((848.3528705821775,1.1864411995073414,1765.5383819258218));
#986=IFCCARTESIANPOINT((848.67884409186081,0.8595159058990004,1744.6718112356166));
#987=IFCCARTESIANPOINT((848.51396749462776,1.0139674702643038,48.725476592508109));
#988=IFCCARTESIANPOINT((848.51396748615866,1.0139674787334838,22.002976681585501));
#989=IFCCARTESIANPOINT((848.35705346139002,1.181654012338764,2060.5468751548156));
#990=IFCCARTESIANPOINT((848.5829981241825,0.94683079776498058,2040.2967210101833));
#991=IFCCARTESIANPOINT((848.50433843855751,1.0236345524260946,2079.9564903079281));
#992=IFCCARTESIANPOINT((848.68758890455251,0.85187005813948014,116.92792973822887));
#993=IFCCARTESIANPOINT((848.46180491926771,1.0672660380411809,136.85138963474282));
#994=IFCCARTESIANPOINT((848.51396753062738,1.0139674342646314,81.209127702415799));
#995=IFCCARTESIANPOINT((848.69574845167995,0.84478242151568317,251.71525510292403));
#996=IFCCARTESIANPOINT((848.44447309613986,1.0854932564207576,271.90814313683723));
#997=IFCCARTESIANPOINT((848.51766875921624,1.0102717935644399,232.30472052405923));
#998=IFCCARTESIANPOINT((847.50000000002115,3.4619015303532437,213.56921204085646));
#999=IFCCARTESIANPOINT((848.44405309565207,1.0859382592411868,205.2057703792957));
#1000=IFCCARTESIANPOINT((848.41429718763914,1.1178720256793337,180.96076161191681));
#1001=IFCCARTESIANPOINT((848.56666668699222,0.96237912578047591,161.00745074219239));
#1002=IFCCARTESIANPOINT((850.96190153039845,-0.,453.0874490104643));
#1003=IFCCARTESIANPOINT((848.28377862482557,1.2681786880885677,444.69694576866306));
#1004=IFCCARTESIANPOINT((848.80828678509647,0.75142081010329209,425.84380849300794));
#1005=IFCCARTESIANPOINT((848.54339321633768,0.98489128797497638,464.34427452577052));
#1006=IFCCARTESIANPOINT((848.80556445413094,0.753586072445526,1707.4162632337318));
#1007=IFCCARTESIANPOINT((848.47986972569913,1.0485469508334073,1687.6591052428064));
#1008=IFCCARTESIANPOINT((847.50000000002115,3.4619015303532521,1664.9219070476483));
#1009=IFCCARTESIANPOINT((848.43331254737973,1.097371987085759,1656.6796888942245));
#1010=IFCCARTESIANPOINT((848.18563602523238,1.3937835330296848,1725.8619802362559));
#1011=IFCCARTESIANPOINT((848.58410489546748,0.94578440888628768,2008.0753695574933));
#1012=IFCCARTESIANPOINT((848.66383525150661,0.87276005413989444,99.039177857157256));
#1013=IFCCARTESIANPOINT((847.50000000002115,49.,2110.));
#1014=IFCCARTESIANPOINT((42.499999999981135,49.,2110.));
#1015=IFCCARTESIANPOINT((42.499999999981135,49.,-0.));
#1016=IFCCARTESIANPOINT((43.499999999992006,49.,0.));
#1017=IFCCARTESIANPOINT((43.499999999991871,49.,2109.));
#1018=IFCCARTESIANPOINT((846.50000000001035,49.,2109.));
#1019=IFCCARTESIANPOINT((846.50000000001035,47.,2109.));
#1020=IFCCARTESIANPOINT((846.36370330516672,45.964723819578566,2108.86370330516));
#1021=IFCCARTESIANPOINT((845.96410161514802,45.,2108.4641016151413));
#1022=IFCCARTESIANPOINT((845.32842712475656,44.171572875242312,2107.8284271247499));
#1023=IFCCARTESIANPOINT((844.50000000001046,43.535898384850839,2107.));
#1024=IFCCARTESIANPOINT((843.53527618042062,43.136296694832332,2106.0352761804143));
#1025=IFCCARTESIANPOINT((842.50000000001023,43.,2105.));
#1026=IFCCARTESIANPOINT((841.46472381960052,43.136296694832311,2103.9647238195939));
#1027=IFCCARTESIANPOINT((840.50000000001035,43.535898384850924,2103.));
#1028=IFCCARTESIANPOINT((839.67157287526436,44.171572875242376,2102.1715728752579));
#1029=IFCCARTESIANPOINT((839.03589838487278,45.,2101.5358983848664));
#1030=IFCCARTESIANPOINT((838.63629669485408,45.964723819578495,2101.1362966948477));
#1031=IFCCARTESIANPOINT((838.50000000001057,47.,2101.));
#1032=IFCCARTESIANPOINT((846.50000000001035,47.,1054.5000000000018));
#1033=IFCCARTESIANPOINT((846.50000000001035,47.,1581.7500087735725));
#1034=IFCCARTESIANPOINT((846.50000000001035,47.,1845.3749956132185));
#1035=IFCCARTESIANPOINT((838.50000000001057,47.,1050.4997105685081));
#1036=IFCCARTESIANPOINT((838.50000000001057,47.,1575.7495658527625));
#1037=IFCCARTESIANPOINT((838.50000000001057,47.,1838.3750723578769));
#1038=IFCCARTESIANPOINT((838.50000000001057,47.,1961.3313595235122));
#1039=IFCCARTESIANPOINT((846.50000000001035,47.,1977.1874890330419));
#1040=IFCCARTESIANPOINT((846.50000000001035,47.,2039.1659139728961));
#1041=IFCCARTESIANPOINT((838.50000000001057,47.,558.67224645401745));
#1042=IFCCARTESIANPOINT((846.50000000001035,47.,527.24999122643146));
#1043=IFCCARTESIANPOINT((846.50000000001035,47.,790.8749956132167));
#1044=IFCCARTESIANPOINT((846.50000000001035,47.,922.68750658017871));
#1045=IFCCARTESIANPOINT((838.50000000001057,47.,279.33612322700873));
#1046=IFCCARTESIANPOINT((838.50000000001057,47.,804.58597851126285));
#1047=IFCCARTESIANPOINT((846.50000000001035,47.,263.62500438678524));
#1048=IFCCARTESIANPOINT((838.50000000001057,47.,927.54284453988566));
#1049=IFCCARTESIANPOINT((838.50000000001057,47.,2031.1653903302642));
#1050=IFCCARTESIANPOINT((838.50000000001057,47.,139.66806161350436));
#1051=IFCCARTESIANPOINT((846.50000000001035,47.,131.81251096696209));
#1052=IFCCARTESIANPOINT((846.50000000001035,47.,197.71875767687365));
#1053=IFCCARTESIANPOINT((838.50000000001057,47.,69.834030806752182));
#1054=IFCCARTESIANPOINT((846.50000000001035,47.,69.834103574246654));
#1055=IFCCARTESIANPOINT((838.50000000001057,47.,1313.1246382106353));
#1056=IFCCARTESIANPOINT((846.50000000001035,47.,1318.1250043867872));
#1057=IFCCARTESIANPOINT((846.50000000001035,47.,1449.9375153537489));
#1058=IFCCARTESIANPOINT((838.50000000001057,47.,1444.436812600205));
#1059=IFCCARTESIANPOINT((838.50000000001035,47.,1707.0623191053196));
#1060=IFCCARTESIANPOINT((846.50000000001035,47.,1713.5625021933954));
#1061=IFCCARTESIANPOINT((846.50000000001035,47.,1779.468748903307));
#1062=IFCCARTESIANPOINT((838.50000000001057,47.,1181.8124638210656));
#1063=IFCCARTESIANPOINT((846.50000000001035,47.,1186.3124934198252));
#1064=IFCCARTESIANPOINT((846.50000000001035,47.,1252.2187401297367));
#1065=IFCCARTESIANPOINT((838.50000000001057,47.,419.00418484051312));
#1066=IFCCARTESIANPOINT((846.50000000001046,47.,395.43749780660835));
#1067=IFCCARTESIANPOINT((846.50000000001035,47.,461.34374451651985));
#1068=IFCCARTESIANPOINT((838.50000000001057,47.,681.62911248264015));
#1069=IFCCARTESIANPOINT((846.50000000001035,47.,659.06248464625469));
#1070=IFCCARTESIANPOINT((846.50000000001035,47.,724.96873135616613));
#1071=IFCCARTESIANPOINT((838.50000000001057,47.,488.83821564726526));
#1072=IFCCARTESIANPOINT((838.50000000001057,47.,209.50209242025656));
#1073=IFCCARTESIANPOINT((838.50000000001057,47.,743.10725606545793));
#1074=IFCCARTESIANPOINT((842.5000003421992,43.,100.8232956987047));
#1075=IFCCARTESIANPOINT((841.9640325912361,43.036070265907561,174.58522911735287));
#1076=IFCCARTESIANPOINT((842.86838793499658,43.016999833109779,223.5287556784655));
#1077=IFCCARTESIANPOINT((842.50000010634733,43.,53.079841982924911));
#1078=IFCCARTESIANPOINT((838.50000000001057,47.,1772.7186957315982));
#1079=IFCCARTESIANPOINT((846.50000000001035,47.,1120.4062467099134));
#1080=IFCCARTESIANPOINT((838.50000000001057,47.,1116.156087194787));
#1081=IFCCARTESIANPOINT((838.50000000001057,47.,989.02098812270333));
#1082=IFCCARTESIANPOINT((846.50000000001035,47.,988.59375329009026));
#1083=IFCCARTESIANPOINT((842.52081505985507,43.000054158694773,1019.7607982561492));
#1084=IFCCARTESIANPOINT((842.47947254293285,43.000052672397146,958.28238778892762));
#1085=IFCCARTESIANPOINT((846.50000000001035,47.,1515.8437620636607));
#1086=IFCCARTESIANPOINT((838.50000000001057,47.,1510.0931892264837));
#1087=IFCCARTESIANPOINT((838.50000000001057,47.,1378.781014836914));
#1088=IFCCARTESIANPOINT((846.50000000001035,47.,1384.0312686438376));
#1089=IFCCARTESIANPOINT((838.50000000001057,47.,1641.405942479041));
#1090=IFCCARTESIANPOINT((846.50000000001035,47.,1647.6562554834838));
#1091=IFCCARTESIANPOINT((838.50000000001035,47.,1247.4682615843565));
#1092=IFCCARTESIANPOINT((842.41064573270921,43.000998147661555,1066.71333929004));
#1093=IFCCARTESIANPOINT((842.3959127973618,43.001354497540945,911.47576400244282));
#1094=IFCCARTESIANPOINT((846.50000000001046,47.,856.78125987026715));
#1095=IFCCARTESIANPOINT((838.50000000001057,47.,866.06470095706788));
#1096=IFCCARTESIANPOINT((842.83896442229718,43.014387986705835,2008.1767056893727));
#1097=IFCCARTESIANPOINT((842.45174089212696,43.000291128269765,2056.2947176273369));
#1098=IFCCARTESIANPOINT((842.67516474851789,43.003837176619115,1962.2288472297521));
#1099=IFCCARTESIANPOINT((838.50000000001057,47.,1899.8532159406946));
#1100=IFCCARTESIANPOINT((846.50000000001035,47.,1911.2812423231301));
#1101=IFCCARTESIANPOINT((842.20057968080175,43.01122230845889,1869.1142061074779));
#1102=IFCCARTESIANPOINT((842.7536465885438,43.008050174636899,1818.8060788580669));
#1103=IFCCARTESIANPOINT((842.32678890918055,43.003752019943619,1915.2134401161295));
#1104=IFCCARTESIANPOINT((842.11976714329739,43.018113138879166,835.32556685451618));
#1105=IFCCARTESIANPOINT((842.3189134970072,43.004101142606181,789.32527585340767));
#1106=IFCCARTESIANPOINT((841.88463023259862,43.047618433217053,712.36874591936464));
#1107=IFCCARTESIANPOINT((842.3522943187935,43.002728051304551,666.18091665160796));
#1108=IFCCARTESIANPOINT((846.50000000001035,47.,593.15623793634313));
#1109=IFCCARTESIANPOINT((838.50000000001057,47.,620.1509688998226));
#1110=IFCCARTESIANPOINT((842.71705850471471,43.005893641172456,1153.3593779118601));
#1111=IFCCARTESIANPOINT((842.3783777433606,43.001849424198902,1201.2602733968008));
#1112=IFCCARTESIANPOINT((842.26179340270221,43.00709909751194,1345.9531275094791));
#1113=IFCCARTESIANPOINT((842.63976463917356,43.0024425150186,1297.8372672351768));
#1114=IFCCARTESIANPOINT((842.41296516812201,43.000946994833733,1391.954314994277));
#1115=IFCCARTESIANPOINT((846.50000000001035,47.,329.53125109669679));
#1116=IFCCARTESIANPOINT((838.50000000001057,47.,349.17015403376092));
#1117=IFCCARTESIANPOINT((842.19809797889241,43.011409375514226,1739.8906262012272));
#1118=IFCCARTESIANPOINT((842.69402261138669,43.004708367795175,1691.3142208159602));
#1119=IFCCARTESIANPOINT((842.78224579953826,43.009970262173482,1548.7968767238019));
#1120=IFCCARTESIANPOINT((842.32664367179564,43.003758317674084,1597.1377792942744));
#1121=IFCCARTESIANPOINT((842.59104439003397,43.0010362693397,1502.8941518790994));
#1122=IFCCARTESIANPOINT((841.77249756656704,43.06671381546883,589.41192498248859));
#1123=IFCCARTESIANPOINT((842.46633592487728,43.000141661241408,542.27975815106288));
#1124=IFCCARTESIANPOINT((843.70398235232392,43.185497870572782,494.29687986011612));
#1125=IFCCARTESIANPOINT((842.12914021115273,43.017229228652582,445.75494075724487));
#1126=IFCCARTESIANPOINT((842.18424305666872,43.012482281817114,398.68796422226745));
#1127=IFCCARTESIANPOINT((842.86329811632243,43.016532354998354,1109.9826445437495));
#1128=IFCCARTESIANPOINT((842.43608642143249,43.000510650774956,268.89245493851013));
#1129=IFCCARTESIANPOINT((842.5274357939345,43.000094091443778,1246.1689602002018));
#1130=IFCCARTESIANPOINT((842.58181396468797,43.000836778115328,1437.7229507840568));
#1131=IFCCARTESIANPOINT((842.48084610105411,43.000045859232124,1646.4810202080416));
#1132=IFCCARTESIANPOINT((842.87474252344737,43.017592682658019,351.50855399605405));
#1133=IFCCARTESIANPOINT((838.50000000001057,47.,314.2531386303848));
#1134=IFCCARTESIANPOINT((843.56995397629078,43.145755782422484,309.95087596828267));
#1135=IFCCARTESIANPOINT((838.50000000001023,49.,2101.));
#1136=IFCCARTESIANPOINT((51.499999999991878,49.,2101.));
#1137=IFCCARTESIANPOINT((51.499999999991743,49.,-0.));
#1138=IFCCARTESIANPOINT((52.499999999994763,49.,-0.));
#1139=IFCCARTESIANPOINT((52.499999999994763,49.,2100.));
#1140=IFCCARTESIANPOINT((837.5000000000075,49.,2100.));
#1141=IFCCARTESIANPOINT((837.5000000000075,114.,2100.));
#1142=IFCCARTESIANPOINT((837.70444504227294,115.55291427157705,2100.2044450422663));
#1143=IFCCARTESIANPOINT((838.30384757730076,117.,2100.8038475772942));
#1144=IFCCARTESIANPOINT((839.25735931288818,118.24264068808122,2101.7573593128818));
#1145=IFCCARTESIANPOINT((840.50000000000728,119.19615242366854,2103.));
#1146=IFCCARTESIANPOINT((841.94708572939214,119.79555495869636,2104.4470857293859));
#1147=IFCCARTESIANPOINT((843.50000000000739,120.,2106.));
#1148=IFCCARTESIANPOINT((843.5000000000075,120.,737.53690688823531));
#1149=IFCCARTESIANPOINT((843.50000000000739,120.,1421.7684304325471));
#1150=IFCCARTESIANPOINT((843.5000000000075,120.,1763.884215216274));
#1151=IFCCARTESIANPOINT((843.5000000000075,120.,1934.9421076081373));
#1152=IFCCARTESIANPOINT((843.50000000000739,120.,2020.471053804069));
#1153=IFCCARTESIANPOINT((843.50000000000739,120.,2063.235526902035));
#1154=IFCCARTESIANPOINT((837.5000000000075,114.,1049.9999886320027));
#1155=IFCCARTESIANPOINT((837.5000000000075,114.,524.99998294800366));
#1156=IFCCARTESIANPOINT((837.5000000000075,114.,1574.9999943160019));
#1157=IFCCARTESIANPOINT((837.5000000000075,114.,787.49998579000328));
#1158=IFCCARTESIANPOINT((837.5000000000075,114.,1837.4999971580014));
#1159=IFCCARTESIANPOINT((837.5000000000075,114.,1312.4999914740026));
#1160=IFCCARTESIANPOINT((837.5000000000075,114.,1706.2499843690039));
#1161=IFCCARTESIANPOINT((837.5000000000075,114.,656.24997300100586));
#1162=IFCCARTESIANPOINT((837.5000000000075,114.,1968.7500099469989));
#1163=IFCCARTESIANPOINT((837.5000000000075,114.,1443.7500042629997));
#1164=IFCCARTESIANPOINT((843.50000000000739,120.,1592.8263228244105));
#1165=IFCCARTESIANPOINT((843.50000000000739,120.,1079.6526456488205));
#1166=IFCCARTESIANPOINT((843.5000000000075,120.,368.76843043254684));
#1167=IFCCARTESIANPOINT((843.50000000000739,120.,1678.3552690203423));
#1168=IFCCARTESIANPOINT((843.50000000000739,120.,1849.4131614122057));
#1169=IFCCARTESIANPOINT((843.5000000000075,120.,1250.710538040684));
#1170=IFCCARTESIANPOINT((843.50000000000739,120.,908.59475325695712));
#1171=IFCCARTESIANPOINT((843.5000000000075,120.,553.15269167196175));
#1172=IFCCARTESIANPOINT((843.50000000000739,120.,1336.2394842366157));
#1173=IFCCARTESIANPOINT((843.50000000000739,120.,823.06580706102523));
#1174=IFCCARTESIANPOINT((843.50000000000739,120.,645.34477626852788));
#1175=IFCCARTESIANPOINT((837.5000000000075,114.,918.7499985790007));
#1176=IFCCARTESIANPOINT((837.5000000000075,114.,1181.2499786850049));
#1177=IFCCARTESIANPOINT((837.5000000000075,114.,262.50000284199956));
#1178=IFCCARTESIANPOINT((837.5000000000075,114.,393.74999289500164));
#1179=IFCCARTESIANPOINT((843.5000000000075,120.,184.38421521627342));
#1180=IFCCARTESIANPOINT((843.50000000000739,120.,1165.1815918447521));
#1181=IFCCARTESIANPOINT((843.50000000000739,120.,276.57634583598104));
#1182=IFCCARTESIANPOINT((837.5000000000075,114.,131.25001278899745));
#1183=IFCCARTESIANPOINT((843.5000000000075,120.,92.192084596565806));
#1184=IFCCARTESIANPOINT((837.5000000000075,114.,2034.3750049735002));
#1185=IFCCARTESIANPOINT((837.5000000000075,114.,2057.2355253478149));
#1186=IFCCARTESIANPOINT((837.5000000000075,114.,65.625017762496384));
#1187=IFCCARTESIANPOINT((839.38758496430785,118.36898644797132,2045.8052645296898));
#1188=IFCCARTESIANPOINT((843.50000000000739,120.,42.76442707482412));
#1189=IFCCARTESIANPOINT((837.5000000000075,114.,459.37498792150268));
#1190=IFCCARTESIANPOINT((843.50000000000739,120.,460.96056105225443));
#1191=IFCCARTESIANPOINT((843.50000000000739,120.,414.86447273082985));
#1192=IFCCARTESIANPOINT((843.50000000000739,120.,1507.297376628479));
#1193=IFCCARTESIANPOINT((837.5000000000075,114.,1509.3749992895009));
#1194=IFCCARTESIANPOINT((837.5000000000075,114.,984.37499360550169));
#1195=IFCCARTESIANPOINT((843.50000000000739,120.,994.12369945288879));
#1196=IFCCARTESIANPOINT((843.50000000000739,120.,951.35922635492284));
#1197=IFCCARTESIANPOINT((837.5000000000075,114.,2001.5625074602494));
#1198=IFCCARTESIANPOINT((843.50000000000739,120.,1977.7065807061031));
#1199=IFCCARTESIANPOINT((837.5000000000075,114.,42.764474652185569));
#1200=IFCCARTESIANPOINT((839.25735931252927,118.24264068772243,54.19473539244926));
#1201=IFCCARTESIANPOINT((837.5000000000075,114.,98.437515275746918));
#1202=IFCCARTESIANPOINT((843.5000000000075,120.,138.2881268948488));
#1203=IFCCARTESIANPOINT((839.44189507721774,118.41947784745349,114.84374945123655));
#1204=IFCCARTESIANPOINT((839.1020325835716,118.08140694023767,1985.1562504758213));
#1205=IFCCARTESIANPOINT((837.5000000000075,114.,1903.125014920498));
#1206=IFCCARTESIANPOINT((839.03410142858081,118.00696268480733,1947.2636150460837));
#1207=IFCCARTESIANPOINT((843.50000000000739,120.,1892.1776345101714));
#1208=IFCCARTESIANPOINT((837.5000000000075,114.,1870.312517407247));
#1209=IFCCARTESIANPOINT((839.08375962936452,118.06162787518971,1886.7187508716095));
#1210=IFCCARTESIANPOINT((837.5000000000075,114.,196.87500781549849));
#1211=IFCCARTESIANPOINT((839.0708271439911,118.0475211944246,153.07134662096107));
#1212=IFCCARTESIANPOINT((837.5000000000075,114.,1378.125009236499));
#1213=IFCCARTESIANPOINT((837.50000000000739,114.,328.12499786850066));
#1214=IFCCARTESIANPOINT((837.5000000000075,114.,1640.6249893425031));
#1215=IFCCARTESIANPOINT((843.5000000000075,120.,599.24873397024487));
#1216=IFCCARTESIANPOINT((837.5000000000075,114.,590.62497797450476));
#1217=IFCCARTESIANPOINT((837.5000000000075,114.,623.43747548775536));
#1218=IFCCARTESIANPOINT((839.08408738627998,118.06198421904097,639.8437558859207));
#1219=IFCCARTESIANPOINT((843.50000000000739,120.,691.44081856681066));
#1220=IFCCARTESIANPOINT((837.50000000000739,114.,721.87496802750684));
#1221=IFCCARTESIANPOINT((839.04644488117526,118.0206774070124,677.99760338917065));
#1222=IFCCARTESIANPOINT((837.5000000000075,114.,1115.6249836585037));
#1223=IFCCARTESIANPOINT((839.50968420152651,118.48077893195091,929.97704105385958));
#1224=IFCCARTESIANPOINT((837.5000000000075,114.,853.12500355249972));
#1225=IFCCARTESIANPOINT((837.5000000000075,114.,885.9375010657501));
#1226=IFCCARTESIANPOINT((843.50000000000739,120.,865.83028015899117));
#1227=IFCCARTESIANPOINT((839.07235486011211,118.0491923297062,869.5312549621907));
#1228=IFCCARTESIANPOINT((839.00457815300194,117.97381207722647,832.23683057766743));
#1229=IFCCARTESIANPOINT((843.50000000000739,120.,780.30137998620114));
#1230=IFCCARTESIANPOINT((839.22747634829523,118.2125457449937,967.2541904912373));
#1231=IFCCARTESIANPOINT((839.04453202341983,118.01855759164094,1004.3775631936966));
#1232=IFCCARTESIANPOINT((843.50000000000739,120.,1036.8881725508547));
#1233=IFCCARTESIANPOINT((837.5000000000075,114.,754.68746554075744));
#1234=IFCCARTESIANPOINT((839.12296273029165,118.10384511737642,771.09375535828565));
#1235=IFCCARTESIANPOINT((837.5000000000075,114.,820.31250603924912));
#1236=IFCCARTESIANPOINT((837.5000000000075,114.,951.56249609225131));
#1237=IFCCARTESIANPOINT((837.5000000000075,114.,1017.1874911187523));
#1238=IFCCARTESIANPOINT((839.30997248228925,118.29460934300509,437.91254998296711));
#1239=IFCCARTESIANPOINT((839.22428583329736,118.20930735070426,474.29909601890716));
#1240=IFCCARTESIANPOINT((843.5000000000075,120.,507.05664937367902));
#1241=IFCCARTESIANPOINT((837.5000000000075,114.,492.18748543475317));
#1242=IFCCARTESIANPOINT((838.70011270071029,117.60015026366577,900.2128122955703));
#1243=IFCCARTESIANPOINT((839.55499591533521,118.52072370098165,1058.2704547583608));
#1244=IFCCARTESIANPOINT((839.18020051387816,118.16405240212576,1096.1779252402814));
#1245=IFCCARTESIANPOINT((843.50000000000739,120.,1122.4171187467864));
#1246=IFCCARTESIANPOINT((837.5000000000075,114.,1148.4374811717544));
#1247=IFCCARTESIANPOINT((839.06276214341267,118.03867802774292,1164.8437537745492));
#1248=IFCCARTESIANPOINT((843.50000000000739,120.,1207.9460649427181));
#1249=IFCCARTESIANPOINT((837.5000000000075,114.,1246.8749737115058));
#1250=IFCCARTESIANPOINT((838.98473937336826,117.95125568409895,1201.7316162120651));
#1251=IFCCARTESIANPOINT((839.0112267877787,117.98132076789064,1130.490192409274));
#1252=IFCCARTESIANPOINT((837.5000000000075,114.,1214.0624761982554));
#1253=IFCCARTESIANPOINT((840.2293524036287,119.03019525565155,801.888728235911));
#1254=IFCCARTESIANPOINT((839.30731163549979,118.29201168292677,402.72006625337127));
#1255=IFCCARTESIANPOINT((837.5000000000075,114.,360.93749538175115));
#1256=IFCCARTESIANPOINT((843.5000000000075,120.,322.67238813426377));
#1257=IFCCARTESIANPOINT((839.41473637907779,118.39438518520666,344.53125707484827));
#1258=IFCCARTESIANPOINT((837.5000000000075,114.,295.31250035525005));
#1259=IFCCARTESIANPOINT((839.06651238049255,118.04279452054963,278.90625733683049));
#1260=IFCCARTESIANPOINT((843.5000000000075,120.,230.48030353769801));
#1261=IFCCARTESIANPOINT((839.01894539873456,117.99000622406635,241.31288320983052));
#1262=IFCCARTESIANPOINT((837.5000000000075,114.,229.68750532874901));
#1263=IFCCARTESIANPOINT((838.70035036770719,117.60046711054083,2015.7614641816363));
#1264=IFCCARTESIANPOINT((837.5000000000075,114.,1935.9375124337485));
#1265=IFCCARTESIANPOINT((837.5000000000075,114.,1082.8124861452534));
#1266=IFCCARTESIANPOINT((838.68208891670804,117.57599395976865,1916.954524862068));
#1267=IFCCARTESIANPOINT((837.5000000000075,114.,164.06251030224794));
#1268=IFCCARTESIANPOINT((837.5000000000075,114.,689.06247051425635));
#1269=IFCCARTESIANPOINT((838.82658798298633,117.76287391848328,311.95407853429219));
#1270=IFCCARTESIANPOINT((839.50342619167645,118.47519807418317,576.2007209889149));
#1271=IFCCARTESIANPOINT((839.22193078951784,118.20691381399183,539.9291434661319));
#1272=IFCCARTESIANPOINT((837.5000000000075,114.,557.81248046125427));
#1273=IFCCARTESIANPOINT((838.76799649957832,117.6889216417572,607.65511620382347));
#1274=IFCCARTESIANPOINT((838.87279202803688,117.81954793025059,507.11276413983489));
#1275=IFCCARTESIANPOINT((837.50000000000739,114.,426.56249040825213));
#1276=IFCCARTESIANPOINT((837.5000000000075,114.,1771.8749793955051));
#1277=IFCCARTESIANPOINT((843.50000000000739,120.,1806.6486883142397));
#1278=IFCCARTESIANPOINT((839.46815998603938,118.4434520488372,1785.2664657519013));
#1279=IFCCARTESIANPOINT((837.5000000000075,114.,1739.0624818822544));
#1280=IFCCARTESIANPOINT((843.50000000000739,120.,1721.1197421183081));
#1281=IFCCARTESIANPOINT((839.06434711258078,118.04041872459256,1722.6562515313044));
#1282=IFCCARTESIANPOINT((838.99102655180991,117.95842878565053,1685.6387688329894));
#1283=IFCCARTESIANPOINT((843.50000000000739,120.,1635.5907959223764));
#1284=IFCCARTESIANPOINT((839.25935216336404,118.24463260291603,1822.1179305331702));
#1285=IFCCARTESIANPOINT((837.5000000000075,114.,1607.8124918292524));
#1286=IFCCARTESIANPOINT((839.15501948006749,118.13777044908299,1624.2187519275712));
#1287=IFCCARTESIANPOINT((838.77828806162813,117.70208540934554,1854.2993249675778));
#1288=IFCCARTESIANPOINT((838.7427864162305,117.65635322765237,1754.3243078182422));
#1289=IFCCARTESIANPOINT((837.5000000000075,114.,1804.6874769087558));
#1290=IFCCARTESIANPOINT((837.5000000000075,114.,1673.4374868557534));
#1291=IFCCARTESIANPOINT((840.11292034066514,118.95254393123351,1655.2054951077932));
#1292=IFCCARTESIANPOINT((843.50000000000739,120.,1293.4750111386495));
#1293=IFCCARTESIANPOINT((839.12701187475875,118.1081595470889,1272.092810934588));
#1294=IFCCARTESIANPOINT((839.60484850043156,118.56374789007143,1314.8572821675293));
#1295=IFCCARTESIANPOINT((839.07637995004018,118.05358923194326,1354.2005657495381));
#1296=IFCCARTESIANPOINT((843.50000000000739,120.,1379.0039573345812));
#1297=IFCCARTESIANPOINT((839.22903042110988,118.21412136325479,1400.3862246388387));
#1298=IFCCARTESIANPOINT((839.35732328216875,118.34030294102013,1435.792960180733));
#1299=IFCCARTESIANPOINT((843.5000000000075,120.,1464.5329035305131));
#1300=IFCCARTESIANPOINT((837.5000000000075,114.,1476.5625017762502));
#1301=IFCCARTESIANPOINT((839.21031087359972,118.19506462487178,1492.9687524556339));
#1302=IFCCARTESIANPOINT((843.50000000000739,120.,1550.0618497264447));
#1303=IFCCARTESIANPOINT((839.10529365229922,118.08491812956778,1532.2879948006744));
#1304=IFCCARTESIANPOINT((839.4802689288498,118.4544092901461,1568.4145662912777));
#1305=IFCCARTESIANPOINT((839.36174803351071,118.34452191502635,1236.8452948615768));
#1306=IFCCARTESIANPOINT((837.5000000000075,114.,1542.1874968027514));
#1307=IFCCARTESIANPOINT((837.5000000000075,114.,1345.3125117232482));
#1308=IFCCARTESIANPOINT((837.5000000000075,114.,1410.9375067497494));
#1309=IFCCARTESIANPOINT((837.5000000000075,114.,1279.6874712247566));
#1310=IFCCARTESIANPOINT((839.67688134703246,118.62425818636579,84.425457175570571));
#1311=IFCCARTESIANPOINT((839.19653122805516,118.18092771246712,187.31938968700726));
#1312=IFCCARTESIANPOINT((839.60886063087867,118.56716919095447,715.12680074328796));
#1313=IFCCARTESIANPOINT((46.499999999994913,120.,2106.));
#1314=IFCCARTESIANPOINT((46.499999999994778,120.,-0.));
#1315=IFCCARTESIANPOINT((32.500000000001208,120.,0.));
#1316=IFCCARTESIANPOINT((32.500000000001208,120.,2120.));
#1317=IFCCARTESIANPOINT((857.50000000000102,120.,2120.));
#1318=IFCCARTESIANPOINT((857.50000000000102,124.,2120.));
#1319=IFCCARTESIANPOINT((857.70444504229204,125.55291427157648,2120.2044450422854));
#1320=IFCCARTESIANPOINT((858.30384757731986,127.,2120.8038475773133));
#1321=IFCCARTESIANPOINT((859.25735931290717,128.24264068808066,2121.7573593129005));
#1322=IFCCARTESIANPOINT((860.50000000002638,129.19615242366794,2123.));
#1323=IFCCARTESIANPOINT((861.94708572941113,129.79555495869579,2124.4470857294045));
#1324=IFCCARTESIANPOINT((863.50000000002649,130.,2126.));
#1325=IFCCARTESIANPOINT((863.50000000002649,130.,757.53688751299421));
#1326=IFCCARTESIANPOINT((863.50000000002649,130.,1441.7684203173351));
#1327=IFCCARTESIANPOINT((863.50000000002649,130.,1783.8842335978495));
#1328=IFCCARTESIANPOINT((863.50000000002649,130.,1954.9420933597626));
#1329=IFCCARTESIANPOINT((863.50000000002649,130.,2040.4710701190634));
#1330=IFCCARTESIANPOINT((863.50000000002649,130.,2083.235558498714));
#1331=IFCCARTESIANPOINT((857.50000000002649,124.,1060.));
#1332=IFCCARTESIANPOINT((857.50000000002649,124.,530.00001157941495));
#1333=IFCCARTESIANPOINT((857.50000000002649,124.,1589.9999884206054));
#1334=IFCCARTESIANPOINT((857.50000000002649,124.,794.9999942103027));
#1335=IFCCARTESIANPOINT((857.50000000002649,124.,1854.9999942103127));
#1336=IFCCARTESIANPOINT((857.50000000002649,124.,1325.0000057897173));
#1337=IFCCARTESIANPOINT((857.50000000002649,124.,1722.499979736049));
#1338=IFCCARTESIANPOINT((857.50000000002649,124.,662.50000289485865));
#1339=IFCCARTESIANPOINT((857.50000000002649,124.,1987.5000086845762));
#1340=IFCCARTESIANPOINT((857.50000000002649,124.,1457.4999971051611));
#1341=IFCCARTESIANPOINT((863.50000000002649,130.,1612.8263269575921));
#1342=IFCCARTESIANPOINT((863.50000000002649,130.,1099.6526539151646));
#1343=IFCCARTESIANPOINT((863.50000000002649,130.,378.76844375649711));
#1344=IFCCARTESIANPOINT((863.50000000002649,130.,1698.3552568385487));
#1345=IFCCARTESIANPOINT((863.50000000002649,130.,1869.4131634788062));
#1346=IFCCARTESIANPOINT((863.50000000002649,130.,1270.7105605554218));
#1347=IFCCARTESIANPOINT((863.50000000002649,130.,928.59474727490726));
#1348=IFCCARTESIANPOINT((863.50000000002649,130.,568.15268907391794));
#1349=IFCCARTESIANPOINT((863.50000000002649,130.,662.84478829345619));
#1350=IFCCARTESIANPOINT((863.50000000002649,130.,1014.1237240342081));
#1351=IFCCARTESIANPOINT((863.50000000002649,130.,1356.2394904363784));
#1352=IFCCARTESIANPOINT((863.50000000002649,130.,843.06581739395062));
#1353=IFCCARTESIANPOINT((863.50000000002649,130.,473.46058985437963));
#1354=IFCCARTESIANPOINT((857.50000000002649,124.,927.49998552574641));
#1355=IFCCARTESIANPOINT((857.50000000002649,124.,1192.5000144742735));
#1356=IFCCARTESIANPOINT((857.50000000002649,124.,265.00000578970747));
#1357=IFCCARTESIANPOINT((857.50000000002649,124.,397.50002026397101));
#1358=IFCCARTESIANPOINT((863.50000000002649,130.,189.38419843907633));
#1359=IFCCARTESIANPOINT((863.50000000002649,130.,1185.1815837961212));
#1360=IFCCARTESIANPOINT((863.50000000002649,130.,284.07629765861464));
#1361=IFCCARTESIANPOINT((857.50000000002649,124.,132.49999131544385));
#1362=IFCCARTESIANPOINT((863.50000000002649,130.,94.692099219538278));
#1363=IFCCARTESIANPOINT((857.50000000002649,124.,2053.7500043422979));
#1364=IFCCARTESIANPOINT((857.50000000002649,124.,2077.2355255683506));
#1365=IFCCARTESIANPOINT((857.50000000002649,124.,66.249995657721925));
#1366=IFCCARTESIANPOINT((859.39044715432476,128.37167878700978,2065.4927645294729));
#1367=IFCCARTESIANPOINT((863.50000000002649,130.,42.764488379650352));
#1368=IFCCARTESIANPOINT((863.50000000002649,130.,1527.2973970766359));
#1369=IFCCARTESIANPOINT((857.50000000002649,124.,1523.7499927628833));
#1370=IFCCARTESIANPOINT((857.50000000002649,124.,2020.624994934027));
#1371=IFCCARTESIANPOINT((863.50000000002649,130.,1997.7065817394132));
#1372=IFCCARTESIANPOINT((857.50000000002649,124.,42.764474431669314));
#1373=IFCCARTESIANPOINT((859.25735931255338,128.24264068772692,54.507235394094728));
#1374=IFCCARTESIANPOINT((857.50000000002649,124.,99.375005065992752));
#1375=IFCCARTESIANPOINT((863.50000000002649,130.,142.03814882930732));
#1376=IFCCARTESIANPOINT((859.39055164294962,128.37177700814257,115.93749944978826));
#1377=IFCCARTESIANPOINT((859.08762522100585,128.06582695368132,2004.062500475628));
#1378=IFCCARTESIANPOINT((857.50000000002649,124.,1921.2499898680344));
#1379=IFCCARTESIANPOINT((859.0318211362146,128.00441976429607,1966.4126225228586));
#1380=IFCCARTESIANPOINT((863.50000000002649,130.,1912.1776049801124));
#1381=IFCCARTESIANPOINT((857.50000000002649,124.,1888.1250036185834));
#1382=IFCCARTESIANPOINT((859.09879317639809,128.07791349877468,1904.6875008716352));
#1383=IFCCARTESIANPOINT((857.50000000002649,124.,331.25000144742933));
#1384=IFCCARTESIANPOINT((857.50000000002649,124.,198.7500101319855));
#1385=IFCCARTESIANPOINT((859.03683148312507,128.01000334132658,153.30703788645488));
#1386=IFCCARTESIANPOINT((857.50000000002649,124.,1656.2499840783271));
#1387=IFCCARTESIANPOINT((857.50000000002649,124.,1391.2500014474392));
#1388=IFCCARTESIANPOINT((857.50000000002649,124.,1954.3749992763053));
#1389=IFCCARTESIANPOINT((857.50000000002649,124.,165.62500072371466));
#1390=IFCCARTESIANPOINT((858.7216097176713,127.62863422191759,2035.056376378491));
#1391=IFCCARTESIANPOINT((857.50000000002649,124.,728.74999855258056));
#1392=IFCCARTESIANPOINT((857.50000000002649,124.,596.25000723713674));
#1393=IFCCARTESIANPOINT((863.50000000002649,130.,615.49873868368695));
#1394=IFCCARTESIANPOINT((858.71513587431991,127.62009327303696,1935.5053805784603));
#1395=IFCCARTESIANPOINT((859.26938417483348,128.25463156428461,639.17177799222907));
#1396=IFCCARTESIANPOINT((859.25114546338136,128.236417724278,674.84245268288214));
#1397=IFCCARTESIANPOINT((863.50000000002649,130.,710.1908379032252));
#1398=IFCCARTESIANPOINT((857.50000000002649,124.,695.62498914430978));
#1399=IFCCARTESIANPOINT((859.06186017182335,128.03768682206544,712.18750562295634));
#1400=IFCCARTESIANPOINT((859.00393869882498,127.97308856980025,749.27699056118149));
#1401=IFCCARTESIANPOINT((863.50000000002649,130.,800.30137589264484));
#1402=IFCCARTESIANPOINT((857.50000000002649,124.,861.2499898680245));
#1403=IFCCARTESIANPOINT((857.50000000002649,124.,828.1249804597536));
#1404=IFCCARTESIANPOINT((859.14948614943194,128.13195223154025,811.56250522739674));
#1405=IFCCARTESIANPOINT((860.10361656670227,128.94616817176205,780.1807925508881));
#1406=IFCCARTESIANPOINT((857.50000000002649,124.,761.87500796085135));
#1407=IFCCARTESIANPOINT((857.50000000002649,124.,1126.2499956577319));
#1408=IFCCARTESIANPOINT((859.30399904091905,128.28877324644424,604.2481716817058));
#1409=IFCCARTESIANPOINT((857.50000000002649,124.,563.12499782886596));
#1410=IFCCARTESIANPOINT((863.50000000002649,130.,520.80663946414893));
#1411=IFCCARTESIANPOINT((859.40184202166506,128.38236251271152,546.56250628431155));
#1412=IFCCARTESIANPOINT((857.50000000002649,124.,463.75001592169292));
#1413=IFCCARTESIANPOINT((859.04136269592584,128.01504089620545,509.11552492012208));
#1414=IFCCARTESIANPOINT((857.50000000002649,124.,496.87502532996382));
#1415=IFCCARTESIANPOINT((857.50000000002649,124.,993.75000434228809));
#1416=IFCCARTESIANPOINT((858.74689132189485,127.66168784864452,85.354880806060578));
#1417=IFCCARTESIANPOINT((857.50000000002649,124.,629.37501664540764));
#1418=IFCCARTESIANPOINT((857.50000000002649,124.,1788.7499985525908));
#1419=IFCCARTESIANPOINT((863.50000000002649,130.,1826.6487219775001));
#1420=IFCCARTESIANPOINT((859.39617164808703,128.37705298873962,1805.2664657519563));
#1421=IFCCARTESIANPOINT((859.1142973082359,128.094583239732,1766.1262077745148));
#1422=IFCCARTESIANPOINT((863.50000000002649,130.,1741.1197452181991));
#1423=IFCCARTESIANPOINT((859.29293156486074,128.27791715558615,1841.6675212240916));
#1424=IFCCARTESIANPOINT((858.75251264704207,127.66897313158707,1873.026255563886));
#1425=IFCCARTESIANPOINT((857.50000000002649,124.,1821.8749848020416));
#1426=IFCCARTESIANPOINT((859.60319529876062,128.56233636736326,1719.7375232813615));
#1427=IFCCARTESIANPOINT((857.50000000002649,124.,1689.374993486598));
#1428=IFCCARTESIANPOINT((863.50000000002649,130.,1655.5907684588983));
#1429=IFCCARTESIANPOINT((859.27389234973043,128.25910954734664,1672.812501796278));
#1430=IFCCARTESIANPOINT((859.14919119438662,128.13164165250461,1632.8350409955101));
#1431=IFCCARTESIANPOINT((863.50000000002638,130.,1570.0618854562861));
#1432=IFCCARTESIANPOINT((859.13739390761134,128.11918293965482,1548.6796383436497));
#1433=IFCCARTESIANPOINT((859.40117800753671,128.38174146684938,1597.2304606272237));
#1434=IFCCARTESIANPOINT((859.32463618123518,128.30886725126385,1512.8252379678759));
#1435=IFCCARTESIANPOINT((863.50000000002649,130.,1484.5329086969855));
#1436=IFCCARTESIANPOINT((857.50000000002649,124.,1490.6249833546124));
#1437=IFCCARTESIANPOINT((859.13710632524612,128.11887834130624,1474.062502587622));
#1438=IFCCARTESIANPOINT((858.98318831459494,127.94948252381795,1437.4572688223868));
#1439=IFCCARTESIANPOINT((863.50000000002649,130.,1399.0039319376845));
#1440=IFCCARTESIANPOINT((857.50000000002649,124.,1424.3750108557101));
#1441=IFCCARTESIANPOINT((859.4631976304463,128.43894431565516,1377.6217534027583));
#1442=IFCCARTESIANPOINT((859.25416346476868,128.2394424307945,1340.6888204929862));
#1443=IFCCARTESIANPOINT((863.50000000002649,130.,1313.4750489350727));
#1444=IFCCARTESIANPOINT((857.50000000002649,124.,1258.7500101319954));
#1445=IFCCARTESIANPOINT((857.50000000002649,124.,1291.8750195402663));
#1446=IFCCARTESIANPOINT((859.0740026125103,128.05099335144973,1275.3125033792653));
#1447=IFCCARTESIANPOINT((863.50000000002649,130.,1227.9460721757714));
#1448=IFCCARTESIANPOINT((859.01790358640824,127.98883588866492,1237.942170877333));
#1449=IFCCARTESIANPOINT((858.80151404058518,127.73151841695952,1308.1117863615893));
#1450=IFCCARTESIANPOINT((857.50000000002649,124.,1358.1249920391683));
#1451=IFCCARTESIANPOINT((857.50000000002649,124.,1225.6250007237247));
#1452=IFCCARTESIANPOINT((857.50000000002649,124.,1755.6249891443197));
#1453=IFCCARTESIANPOINT((857.50000000002649,124.,1623.1249746700562));
#1454=IFCCARTESIANPOINT((857.50000000002649,124.,1556.8750021711539));
#1455=IFCCARTESIANPOINT((863.50000000002649,130.,426.11449336626612));
#1456=IFCCARTESIANPOINT((859.53660336884002,128.50460732501304,449.78754998245131));
#1457=IFCCARTESIANPOINT((859.18828774711551,128.17242584788767,413.44971702863859));
#1458=IFCCARTESIANPOINT((857.50000000002649,124.,364.37501085570022));
#1459=IFCCARTESIANPOINT((863.50000000002649,130.,331.4223941467281));
#1460=IFCCARTESIANPOINT((859.25315203521927,128.23842923403967,347.81250707564539));
#1461=IFCCARTESIANPOINT((859.19796856636128,128.18240666982533,306.80754686171571));
#1462=IFCCARTESIANPOINT((857.50000000002649,124.,430.62500651342208));
#1463=IFCCARTESIANPOINT((858.81937082535501,127.75389271775749,380.58797022787047));
#1464=IFCCARTESIANPOINT((859.33366369959708,128.31759676672405,271.86268261091243));
#1465=IFCCARTESIANPOINT((863.50000000002649,130.,236.73024804884557));
#1466=IFCCARTESIANPOINT((857.50000000002649,124.,231.8749963814366));
#1467=IFCCARTESIANPOINT((859.39617069902431,128.37705209891917,215.31250760346194));
#1468=IFCCARTESIANPOINT((858.7529622760959,127.66955485783167,184.60356957937481));
#1469=IFCCARTESIANPOINT((857.50000000002649,124.,298.12501519797826));
#1470=IFCCARTESIANPOINT((863.50000000002649,130.,1056.8882124138584));
#1471=IFCCARTESIANPOINT((859.15291293628934,128.13555728629669,1035.5059835248655));
#1472=IFCCARTESIANPOINT((859.34976359133304,128.33307486206817,1078.2704547589574));
#1473=IFCCARTESIANPOINT((859.313738081991,128.29828002366878,1114.372412771336));
#1474=IFCCARTESIANPOINT((857.50000000002649,124.,1159.3750050660028));
#1475=IFCCARTESIANPOINT((863.50000000002649,130.,1142.4170954164706));
#1476=IFCCARTESIANPOINT((859.11975463239958,128.10042077441668,1175.937503775423));
#1477=IFCCARTESIANPOINT((860.16339277664815,128.98668750238954,1207.118431268118));
#1478=IFCCARTESIANPOINT((859.36776615086717,128.35024636362428,1000.3260262156969));
#1479=IFCCARTESIANPOINT((863.50000000002649,130.,971.35923565455778));
#1480=IFCCARTESIANPOINT((857.50000000002649,124.,960.6249949340172));
#1481=IFCCARTESIANPOINT((859.23145637454206,128.21657862792159,944.06250469980228));
#1482=IFCCARTESIANPOINT((863.50000000002649,130.,885.83025889525675));
#1483=IFCCARTESIANPOINT((859.12698528220881,128.10813124007109,904.52002559492257));
#1484=IFCCARTESIANPOINT((859.44281090024299,128.42031861036028,868.55410889468931));
#1485=IFCCARTESIANPOINT((858.72362446986358,127.63128583312361,1144.9833983384012));
#1486=IFCCARTESIANPOINT((857.50000000002649,124.,1093.1250094082807));
#1487=IFCCARTESIANPOINT((857.50000000002649,124.,894.3749992762954));
#1488=IFCCARTESIANPOINT((857.50000000002649,124.,1026.8749905917391));
#1489=IFCCARTESIANPOINT((26.499999999975838,130.,2126.));
#1490=IFCCARTESIANPOINT((26.499999999975838,130.,0.));
#1491=IFCCARTESIANPOINT((-31.499999999972808,130.,0.));
#1492=IFCCARTESIANPOINT((-31.499999999972943,130.,2184.));
#1493=IFCCARTESIANPOINT((921.4999999999751,130.,2184.));
#1494=IFCCARTESIANPOINT((923.05291427059024,129.79555495869559,2185.5529142705836));
#1495=IFCCARTESIANPOINT((924.4999999999751,129.19615242366783,2187.));
#1496=IFCCARTESIANPOINT((925.74264068709442,128.24264068808054,2188.2426406870877));
#1497=IFCCARTESIANPOINT((926.69615242268173,127.,2189.1961524226754));
#1498=IFCCARTESIANPOINT((927.29555495770967,125.55291427157631,2189.7955549577032));
#1499=IFCCARTESIANPOINT((927.49999999997522,124.,2190.));
#1500=IFCCARTESIANPOINT((927.49999999997522,124.,1094.9999501694779));
#1501=IFCCARTESIANPOINT((927.49999999997522,124.,1642.5000249152558));
#1502=IFCCARTESIANPOINT((921.4999999999751,130.,1092.));
#1503=IFCCARTESIANPOINT((921.49999999997499,130.,1638.));
#1504=IFCCARTESIANPOINT((921.49999999997499,130.,1911.));
#1505=IFCCARTESIANPOINT((927.49999999997522,124.,1916.2499626271058));
#1506=IFCCARTESIANPOINT((927.49999999997522,124.,1779.3749937711807));
#1507=IFCCARTESIANPOINT((921.4999999999751,130.,1774.5000244603718));
#1508=IFCCARTESIANPOINT((921.4999999999751,130.,684.23152706886935));
#1509=IFCCARTESIANPOINT((927.49999999997522,124.,547.49997508473894));
#1510=IFCCARTESIANPOINT((927.49999999997522,124.,821.25001245762769));
#1511=IFCCARTESIANPOINT((927.49999999997522,124.,684.37494394066414));
#1512=IFCCARTESIANPOINT((927.49999999997522,124.,342.11581568350664));
#1513=IFCCARTESIANPOINT((921.49999999997533,130.,342.11578799483203));
#1514=IFCCARTESIANPOINT((921.4999999999751,130.,888.11578799482413));
#1515=IFCCARTESIANPOINT((921.4999999999751,130.,786.17365753184674));
#1516=IFCCARTESIANPOINT((921.4999999999751,130.,513.17365753185072));
#1517=IFCCARTESIANPOINT((921.49999999997533,130.,598.70261676075734));
#1518=IFCCARTESIANPOINT((927.49999999997522,124.,958.12498131355289));
#1519=IFCCARTESIANPOINT((921.4999999999751,130.,641.46707191481335));
#1520=IFCCARTESIANPOINT((927.49999999997522,124.,444.80794521464219));
#1521=IFCCARTESIANPOINT((927.49999999997522,124.,889.68744705507106));
#1522=IFCCARTESIANPOINT((921.4999999999751,130.,990.05791845780175));
#1523=IFCCARTESIANPOINT((921.49999999997533,130.,427.64469830294405));
#1524=IFCCARTESIANPOINT((921.4999999999751,130.,2047.4999755395731));
#1525=IFCCARTESIANPOINT((927.49999999997522,124.,2053.1250311440695));
#1526=IFCCARTESIANPOINT((927.49999999997522,124.,1984.6874968855875));
#1527=IFCCARTESIANPOINT((921.49999999997499,130.,1979.2499877697726));
#1528=IFCCARTESIANPOINT((921.4999999999751,130.,2098.4710407710618));
#1529=IFCCARTESIANPOINT((927.49999999997544,124.,2121.5624657415128));
#1530=IFCCARTESIANPOINT((927.49999999997522,124.,171.05790784175318));
#1531=IFCCARTESIANPOINT((921.49999999997533,130.,171.05786953701866));
#1532=IFCCARTESIANPOINT((921.49999999997533,130.,256.58682876592536));
#1533=IFCCARTESIANPOINT((927.49999999997522,124.,256.58691159314924));
#1534=IFCCARTESIANPOINT((927.49999999997522,124.,1368.7499875423666));
#1535=IFCCARTESIANPOINT((921.4999999999751,130.,1365.));
#1536=IFCCARTESIANPOINT((921.4999999999751,130.,1501.4999755395811));
#1537=IFCCARTESIANPOINT((927.49999999997522,124.,1505.6249563982919));
#1538=IFCCARTESIANPOINT((921.49999999997499,130.,2141.2355448459125));
#1539=IFCCARTESIANPOINT((927.49999999997522,124.,2147.235547954816));
#1540=IFCCARTESIANPOINT((921.49999999997533,130.,85.5289592289067));
#1541=IFCCARTESIANPOINT((927.49999999997522,124.,85.5289040903574));
#1542=IFCCARTESIANPOINT((927.49999999997522,124.,42.7644520451787));
#1543=IFCCARTESIANPOINT((927.49999999997522,124.,1231.8750186864418));
#1544=IFCCARTESIANPOINT((921.4999999999751,130.,1228.5000244603798));
#1545=IFCCARTESIANPOINT((921.4999999999751,130.,1296.7500122301801));
#1546=IFCCARTESIANPOINT((927.49999999997522,124.,1300.3124532838849));
#1547=IFCCARTESIANPOINT((927.49999999997522,124.,615.93750934322088));
#1548=IFCCARTESIANPOINT((925.8291934335623,128.15428504349089,2134.3990145276803));
#1549=IFCCARTESIANPOINT((921.49999999997533,130.,42.764455154055987));
#1550=IFCCARTESIANPOINT((927.49999999997522,124.,1847.8125280296626));
#1551=IFCCARTESIANPOINT((921.49999999997499,130.,1842.7500122301722));
#1552=IFCCARTESIANPOINT((921.4999999999751,130.,1876.8750061150724));
#1553=IFCCARTESIANPOINT((927.49999999997522,124.,1882.0312453283841));
#1554=IFCCARTESIANPOINT((927.49999999997522,124.,1710.9374595126988));
#1555=IFCCARTESIANPOINT((921.4999999999751,130.,1706.2500366905715));
#1556=IFCCARTESIANPOINT((921.4999999999751,130.,1740.3750305754718));
#1557=IFCCARTESIANPOINT((925.88114936443981,128.09945487280106,1757.4375016649888));
#1558=IFCCARTESIANPOINT((927.49999999997522,124.,1437.1875218008488));
#1559=IFCCARTESIANPOINT((921.4999999999751,130.,1433.2499877697808));
#1560=IFCCARTESIANPOINT((921.4999999999751,130.,1467.3749816546808));
#1561=IFCCARTESIANPOINT((925.85792329356275,128.12413682788716,1484.4375027214467));
#1562=IFCCARTESIANPOINT((921.4999999999751,130.,1569.7499633093814));
#1563=IFCCARTESIANPOINT((927.49999999997544,124.,1574.0624906567739));
#1564=IFCCARTESIANPOINT((927.49999999997522,124.,1539.843773358052));
#1565=IFCCARTESIANPOINT((921.4999999999751,130.,1160.2500366905795));
#1566=IFCCARTESIANPOINT((927.49999999997522,124.,1163.4374844279598));
#1567=IFCCARTESIANPOINT((927.49999999997522,124.,1129.2187671292381));
#1568=IFCCARTESIANPOINT((925.65910761348562,128.32456054039631,1112.1093791753933));
#1569=IFCCARTESIANPOINT((927.49999999997522,124.,2087.3437484427909));
#1570=IFCCARTESIANPOINT((925.57337101026246,128.4054112885201,2070.2343754763933));
#1571=IFCCARTESIANPOINT((925.63223700865012,128.35024336244527,1859.8125012678058));
#1572=IFCCARTESIANPOINT((927.49999999997522,124.,1813.5937110699022));
#1573=IFCCARTESIANPOINT((925.59910516604771,128.38147656000808,1796.4843765332469));
#1574=IFCCARTESIANPOINT((925.85381906536031,128.12846939601411,1899.1406261359186));
#1575=IFCCARTESIANPOINT((921.4999999999751,130.,1945.1249938848728));
#1576=IFCCARTESIANPOINT((927.49999999997522,124.,1950.4687795868658));
#1577=IFCCARTESIANPOINT((925.83711730155949,128.14601176074885,1556.9531274571702));
#1578=IFCCARTESIANPOINT((921.4999999999751,130.,1603.8749571942817));
#1579=IFCCARTESIANPOINT((925.86945277206109,128.11191956152055,1620.9375021932174));
#1580=IFCCARTESIANPOINT((925.62716604267666,128.35505458798659,1962.1875008715795));
#1581=IFCCARTESIANPOINT((925.58873837613066,128.39115229749493,2000.737942090419));
#1582=IFCCARTESIANPOINT((927.49999999997522,124.,1026.5625155720347));
#1583=IFCCARTESIANPOINT((921.4999999999751,130.,1041.0289836892903));
#1584=IFCCARTESIANPOINT((925.83454342137759,128.14870260876242,1072.5971480541027));
#1585=IFCCARTESIANPOINT((925.6109647943382,128.37035106918299,1659.7015069933987));
#1586=IFCCARTESIANPOINT((921.4999999999751,130.,1535.6249694244812));
#1587=IFCCARTESIANPOINT((925.79673922942743,128.18784335931241,1520.6937714783796));
#1588=IFCCARTESIANPOINT((925.74719912989531,128.23807734225707,662.84931260684959));
#1589=IFCCARTESIANPOINT((925.74264068655623,128.24264068861874,64.14670676839927));
#1590=IFCCARTESIANPOINT((927.49999999997522,124.,752.81247819914597));
#1591=IFCCARTESIANPOINT((921.4999999999751,130.,735.20259230035799));
#1592=IFCCARTESIANPOINT((925.74264068544301,128.24264068973187,101.1280359127862));
#1593=IFCCARTESIANPOINT((921.49999999997533,130.,128.29341438296268));
#1594=IFCCARTESIANPOINT((927.49999999997522,124.,128.29345579657473));
#1595=IFCCARTESIANPOINT((925.73934951388424,128.24592931018432,699.77860828797463));
#1596=IFCCARTESIANPOINT((927.49999999997522,124.,718.5937609004244));
#1597=IFCCARTESIANPOINT((925.9537260458917,128.0204880693336,735.7031306275295));
#1598=IFCCARTESIANPOINT((925.93165935924219,128.04479855261016,773.40703383203515));
#1599=IFCCARTESIANPOINT((921.4999999999751,130.,837.14472276333549));
#1600=IFCCARTESIANPOINT((925.29196900002717,128.64983560048978,811.65919072734084));
#1601=IFCCARTESIANPOINT((927.49999999997522,124.,855.46872975634926));
#1602=IFCCARTESIANPOINT((925.78048965030075,128.20445101785447,872.57813009976303));
#1603=IFCCARTESIANPOINT((921.4999999999751,130.,939.086853226313));
#1604=IFCCARTESIANPOINT((925.73047600989571,128.25477058578551,914.22123339774009));
#1605=IFCCARTESIANPOINT((925.74264065774071,128.2426407174342,149.67564924584082));
#1606=IFCCARTESIANPOINT((925.74264068406922,128.24264069110586,186.65698698175072));
#1607=IFCCARTESIANPOINT((921.49999999997533,130.,213.82237361186938));
#1608=IFCCARTESIANPOINT((927.49999999997522,124.,213.82235988693191));
#1609=IFCCARTESIANPOINT((925.74264068617936,128.24264068899558,235.2046002578758));
#1610=IFCCARTESIANPOINT((925.7426406866482,128.24264068852679,272.18592950327098));
#1611=IFCCARTESIANPOINT((921.4999999999751,130.,299.35128391998131));
#1612=IFCCARTESIANPOINT((927.49999999997522,124.,299.35136363832794));
#1613=IFCCARTESIANPOINT((925.74264068689843,128.24264068827654,320.73354272768131));
#1614=IFCCARTESIANPOINT((927.49999999997522,124.,393.46188044907439));
#1615=IFCCARTESIANPOINT((925.74264068703997,128.24264068813488,357.71487202465636));
#1616=IFCCARTESIANPOINT((921.49999999997533,130.,384.8802431488881));
#1617=IFCCARTESIANPOINT((927.49999999997522,124.,787.03119549786743));
#1618=IFCCARTESIANPOINT((926.04876130995865,127.91264240026089,2035.4964612470267));
#1619=IFCCARTESIANPOINT((927.49999999997522,124.,2018.9062141843092));
#1620=IFCCARTESIANPOINT((925.67500383759761,128.30921604983104,626.92843828925493));
#1621=IFCCARTESIANPOINT((927.49999999997522,124.,581.71869238346051));
#1622=IFCCARTESIANPOINT((921.49999999997533,130.,555.93811268590673));
#1623=IFCCARTESIANPOINT((925.90072680640071,128.07843151015791,564.60938128833538));
#1624=IFCCARTESIANPOINT((927.49999999997522,124.,496.15391031917113));
#1625=IFCCARTESIANPOINT((921.4999999999751,130.,470.40920237779471));
#1626=IFCCARTESIANPOINT((925.92236749278982,128.05495570460278,526.72429695107394));
#1627=IFCCARTESIANPOINT((921.4999999999751,130.,1126.1250428056792));
#1628=IFCCARTESIANPOINT((927.49999999997522,124.,1676.7187422139771));
#1629=IFCCARTESIANPOINT((925.51981662695368,128.45433208169646,406.26248519642041));
#1630=IFCCARTESIANPOINT((925.61301528402726,128.36842137179457,441.24800188078319));
#1631=IFCCARTESIANPOINT((927.49999999997522,124.,1745.156276472459));
#1632=IFCCARTESIANPOINT((927.49999999997522,124.,1471.4062390995703));
#1633=IFCCARTESIANPOINT((927.4999999999751,124.,1608.2812079554951));
#1634=IFCCARTESIANPOINT((921.49999999997499,130.,2013.3749816546731));
#1635=IFCCARTESIANPOINT((921.4999999999751,130.,1672.1250428056712));
#1636=IFCCARTESIANPOINT((921.49999999997499,130.,1808.6250183452719));
#1637=IFCCARTESIANPOINT((925.20075722286754,128.72275300924034,1828.1683682390517));
#1638=IFCCARTESIANPOINT((926.20445101810128,127.72399525042813,1588.9253789180141));
#1639=IFCCARTESIANPOINT((926.21838530937566,127.70632433539737,1930.8489327395278));
#1640=IFCCARTESIANPOINT((926.24041121607672,127.6781111333576,595.9490032908418));
#1641=IFCCARTESIANPOINT((927.49999999997522,124.,1060.7812328707562));
#1642=IFCCARTESIANPOINT((927.49999999997522,124.,650.15622664194257));
#1643=IFCCARTESIANPOINT((926.24034080720105,127.67820187570244,841.55250921583263));
#1644=IFCCARTESIANPOINT((925.95657934075564,128.01732505369574,477.5222345872757));
#1645=IFCCARTESIANPOINT((925.72924078451717,128.25599840161493,949.08013256766344));
#1646=IFCCARTESIANPOINT((927.49999999997522,124.,992.34369861227447));
#1647=IFCCARTESIANPOINT((925.68036408874741,128.30401627478074,1009.4531295716693));
#1648=IFCCARTESIANPOINT((926.20782819828594,127.71972494444695,1040.9061125946762));
#1649=IFCCARTESIANPOINT((926.1734613449978,127.76281265329716,2102.118453938062));
#1650=IFCCARTESIANPOINT((927.49999999997522,124.,923.90626401483132));
#1651=IFCCARTESIANPOINT((926.04199783678087,127.92049176226527,32.073353385350153));
#1652=IFCCARTESIANPOINT((926.26466790912002,127.64663402641067,979.31524428403407));
#1653=IFCCARTESIANPOINT((921.4999999999751,130.,1262.6250183452796));
#1654=IFCCARTESIANPOINT((925.84094653911109,128.14200231196534,1279.6875035137921));
#1655=IFCCARTESIANPOINT((925.63353445575365,128.34901056692826,1318.9412065862077));
#1656=IFCCARTESIANPOINT((927.49999999997522,124.,1266.0937359851632));
#1657=IFCCARTESIANPOINT((927.49999999997522,124.,1334.5312702436454));
#1658=IFCCARTESIANPOINT((921.4999999999751,130.,1330.8750061150802));
#1659=IFCCARTESIANPOINT((925.65206850422601,128.33131933068142,1721.4971250651133));
#1660=IFCCARTESIANPOINT((925.06636961760682,128.82503966405554,1690.6335986229592));
#1661=IFCCARTESIANPOINT((927.49999999997522,124.,1402.9687048410883));
#1662=IFCCARTESIANPOINT((925.63584139565467,128.34681676150959,1385.859378118532));
#1663=IFCCARTESIANPOINT((921.4999999999751,130.,1399.1249938848805));
#1664=IFCCARTESIANPOINT((926.11339593945002,127.83621922118795,1352.3986036929873));
#1665=IFCCARTESIANPOINT((925.66503554202143,128.3188515767265,1448.399981657129));
#1666=IFCCARTESIANPOINT((925.08352534012954,128.81231193354327,1417.1539949146675));
#1667=IFCCARTESIANPOINT((921.4999999999751,130.,1194.3750305754795));
#1668=IFCCARTESIANPOINT((925.83537320033986,128.14783548631496,1211.4375037779078));
#1669=IFCCARTESIANPOINT((925.3680477568422,128.58674247799166,1245.5663665187978));
#1670=IFCCARTESIANPOINT((927.49999999997522,124.,1197.6562017266815));
#1671=IFCCARTESIANPOINT((925.80618986073966,128.17812504493131,1148.2872660628311));
#1672=IFCCARTESIANPOINT((926.29868362748459,127.60175449607506,1179.8375123515841));
#1673=IFCCARTESIANPOINT((927.5000000000008,120.,2190.));
#1674=IFCCARTESIANPOINT((-37.499999999998849,120.,2190.));
#1675=IFCCARTESIANPOINT((-37.499999999998849,120.,0.));
#1676=IFCCARTESIANPOINT((12.50000000000413,120.,-0.));
#1677=IFCCARTESIANPOINT((12.50000000000413,120.,2140.));
#1678=IFCCARTESIANPOINT((-37.499999999972793,124.,0.));
#1679=IFCCARTESIANPOINT((-35.742640687092099,128.2426406880804,0.));
#1680=IFCCARTESIANPOINT((30.742640687095133,128.24264068808071,0.));
#1681=IFCCARTESIANPOINT((32.500000000001272,124.,0.));
#1682=IFCCARTESIANPOINT((50.74264068711414,118.24264068808129,0.));
#1683=IFCCARTESIANPOINT((52.499999999994834,114.,0.));
#1684=IFCCARTESIANPOINT((51.499999999991878,47.,0.));
#1685=IFCCARTESIANPOINT((51.363703305148107,45.964723819578431,0.));
#1686=IFCCARTESIANPOINT((50.964101615129621,45.,0.));
#1687=IFCCARTESIANPOINT((50.328427124738013,44.171572875242362,0.));
#1688=IFCCARTESIANPOINT((49.499999999991857,43.535898384850796,0.));
#1689=IFCCARTESIANPOINT((48.535276180401929,43.136296694832296,0.));
#1690=IFCCARTESIANPOINT((47.499999999991907,43.,0.));
#1691=IFCCARTESIANPOINT((46.46472381958182,43.136296694832332,0.));
#1692=IFCCARTESIANPOINT((45.499999999991893,43.535898384850867,0.));
#1693=IFCCARTESIANPOINT((44.671572875245737,44.171572875242418,0.));
#1694=IFCCARTESIANPOINT((44.0358983848542,45.,0.));
#1695=IFCCARTESIANPOINT((43.636296694835643,45.964723819578538,0.));
#1696=IFCCARTESIANPOINT((43.499999999992006,47.,0.));
#1697=IFCCARTESIANPOINT((42.499999999981199,3.4619015303532437,0.));
#1698=IFCCARTESIANPOINT((41.486032517533744,1.0139674824233957,0.));
#1699=IFCCARTESIANPOINT((32.500000000007503,-4.,0.));
#1700=IFCCARTESIANPOINT((30.742640687126809,-8.242640687114724,0.));
#1701=IFCCARTESIANPOINT((-35.742640687213992,-8.2426406871362712,0.));
#1702=IFCCARTESIANPOINT((-37.500000000005009,-4.,0.));
#1703=IFCCARTESIANPOINT((-37.50000000000508,-4.,2190.));
#1704=IFCCARTESIANPOINT((-33.052914270709763,-9.7955549577514507,2185.5529142707055));
#1705=IFCCARTESIANPOINT((-34.500000000094694,-9.1961524227236442,2187.));
#1706=IFCCARTESIANPOINT((-35.742640687213992,-8.2426406871362374,2188.2426406872096));
#1707=IFCCARTESIANPOINT((-36.696152422801298,-7.,2189.1961524227968));
#1708=IFCCARTESIANPOINT((-37.295554957829061,-5.5529142706321029,2189.7955549578246));
#1709=IFCCARTESIANPOINT((-37.500000000094616,-4.,1095.000063567496));
#1710=IFCCARTESIANPOINT((-37.500000000094616,-4.,1642.5000317837932));
#1711=IFCCARTESIANPOINT((-31.50000000009463,-10.,1092.));
#1712=IFCCARTESIANPOINT((-31.500000000094765,-10.,1638.0000627239451));
#1713=IFCCARTESIANPOINT((-31.500000000094559,-10.,684.23157104131008));
#1714=IFCCARTESIANPOINT((-37.500000000094616,-4.,547.49996821629725));
#1715=IFCCARTESIANPOINT((-37.500000000094616,-4.,342.11582372648667));
#1716=IFCCARTESIANPOINT((-37.500000000094616,-4.,821.2500158918964));
#1717=IFCCARTESIANPOINT((-37.500000000094616,-4.,684.37492848664624));
#1718=IFCCARTESIANPOINT((-31.500000000094559,-10.,342.11572279677762));
#1719=IFCCARTESIANPOINT((-31.500000000094559,-10.,513.17364691904402));
#1720=IFCCARTESIANPOINT((-31.50000000009463,-10.,888.11578552067772));
#1721=IFCCARTESIANPOINT((-31.50000000009463,-10.,598.70254625629957));
#1722=IFCCARTESIANPOINT((-31.500000000094559,-10.,641.46705864880482));
#1723=IFCCARTESIANPOINT((-31.500000000094559,-10.,786.17367828099384));
#1724=IFCCARTESIANPOINT((-37.500000000094616,-4.,444.80789597139204));
#1725=IFCCARTESIANPOINT((-37.500000000094616,-4.,958.12510329714689));
#1726=IFCCARTESIANPOINT((-37.500000000094616,-4.,889.68762316197228));
#1727=IFCCARTESIANPOINT((-31.500000000094492,-10.,427.64474758178824));
#1728=IFCCARTESIANPOINT((-31.50000000009463,-10.,990.05789276036148));
#1729=IFCCARTESIANPOINT((-31.500000000094765,-10.,1910.9999686381402));
#1730=IFCCARTESIANPOINT((-37.500000000094616,-4.,1916.2500794593925));
#1731=IFCCARTESIANPOINT((-37.500000000094616,-4.,1779.3751191890433));
#1732=IFCCARTESIANPOINT((-31.500000000094698,-10.,1774.5000156810427));
#1733=IFCCARTESIANPOINT((-37.500000000094687,-4.,2018.9421517042979));
#1734=IFCCARTESIANPOINT((-31.500000000094698,-10.,2047.499921595238));
#1735=IFCCARTESIANPOINT((-31.500000000094765,-10.,2098.4709752150798));
#1736=IFCCARTESIANPOINT((-37.500000000094616,-4.,2104.4710122847437));
#1737=IFCCARTESIANPOINT((-37.500000000094616,-4.,171.05784829579264));
#1738=IFCCARTESIANPOINT((-31.500000000094492,-10.,171.05792412226629));
#1739=IFCCARTESIANPOINT((-31.500000000094559,-10.,256.58682345952201));
#1740=IFCCARTESIANPOINT((-37.500000000094616,-4.,256.58683601113978));
#1741=IFCCARTESIANPOINT((-37.500000000094616,-4.,1368.7499841081938));
#1742=IFCCARTESIANPOINT((-31.50000000009463,-10.,1365.0000313619953));
#1743=IFCCARTESIANPOINT((-31.500000000094698,-10.,1501.5001097668478));
#1744=IFCCARTESIANPOINT((-37.500000000094616,-4.,1505.624944378543));
#1745=IFCCARTESIANPOINT((-31.500000000094765,-10.,2141.2354876075851));
#1746=IFCCARTESIANPOINT((-37.500000000094616,-4.,2147.2355061424169));
#1747=IFCCARTESIANPOINT((-37.500000000094616,-4.,85.528860580445738));
#1748=IFCCARTESIANPOINT((-31.500000000094492,-10.,85.528899337255694));
#1749=IFCCARTESIANPOINT((-31.500000000094492,-10.,128.293411729761));
#1750=IFCCARTESIANPOINT((-31.50000000009463,-10.,1228.4999529571428));
#1751=IFCCARTESIANPOINT((-37.500000000094616,-4.,1231.8750238378448));
#1752=IFCCARTESIANPOINT((-37.500000000094616,-4.,1163.4375437026702));
#1753=IFCCARTESIANPOINT((-31.50000000009463,-10.,1160.2499764785939));
#1754=IFCCARTESIANPOINT((-37.500000000094616,-4.,615.93744835147174));
#1755=IFCCARTESIANPOINT((-37.500000000094616,-4.,42.764493857673443));
#1756=IFCCARTESIANPOINT((-31.500000000094559,-10.,42.764512392505281));
#1757=IFCCARTESIANPOINT((-31.500000000094765,-10.,1842.7499921595916));
#1758=IFCCARTESIANPOINT((-37.500000000094616,-4.,1847.8125993242179));
#1759=IFCCARTESIANPOINT((-37.500000000094616,-4.,1813.5938592566306));
#1760=IFCCARTESIANPOINT((-35.599105162919493,-8.3814765621023142,1796.4843680246029));
#1761=IFCCARTESIANPOINT((-31.500000000094698,-10.,1706.250039202494));
#1762=IFCCARTESIANPOINT((-37.500000000094616,-4.,1710.9376390538689));
#1763=IFCCARTESIANPOINT((-37.500000000094616,-4.,1676.7187718513801));
#1764=IFCCARTESIANPOINT((-35.611597616393091,-8.3697557187785456,1659.6093685552175));
#1765=IFCCARTESIANPOINT((-31.50000000009463,-10.,1433.250007840544));
#1766=IFCCARTESIANPOINT((-37.500000000094616,-4.,1437.1874642433681));
#1767=IFCCARTESIANPOINT((-37.500000000094616,-4.,1402.9687241757811));
#1768=IFCCARTESIANPOINT((-35.63584139546257,-8.346816760861774,1385.859369616516));
#1769=IFCCARTESIANPOINT((-37.500000000094552,-4.,1574.0624245137171));
#1770=IFCCARTESIANPOINT((-31.500000000094698,-10.,1569.7500862453965));
#1771=IFCCARTESIANPOINT((-31.500000000094698,-10.,1603.8750117607933));
#1772=IFCCARTESIANPOINT((-31.50000000009463,-10.,1296.7500548834464));
#1773=IFCCARTESIANPOINT((-37.500000000094616,-4.,1300.3125039730191));
#1774=IFCCARTESIANPOINT((-37.500000000094616,-4.,1266.0937639054321));
#1775=IFCCARTESIANPOINT((-35.647595914102872,-8.3356023957750089,1248.98437014717));
#1776=IFCCARTESIANPOINT((-35.64631798349577,-8.3368245503676945,1586.8124938217331));
#1777=IFCCARTESIANPOINT((-37.500000000094616,-4.,1539.8436844461301));
#1778=IFCCARTESIANPOINT((-35.623842491736184,-8.3582018200491852,1522.7343690858638));
#1779=IFCCARTESIANPOINT((-35.852956674684705,-8.129378668671885,1346.7563306764905));
#1780=IFCCARTESIANPOINT((-35.843958840852636,-8.1388430255255511,1209.6797110431041));
#1781=IFCCARTESIANPOINT((-35.86154819815463,-8.120303061200687,1483.8271728983386));
#1782=IFCCARTESIANPOINT((-35.877554870439603,-8.1032929894486738,1757.9521901332766));
#1783=IFCCARTESIANPOINT((-31.500000000094765,-10.,1979.2499451166893));
#1784=IFCCARTESIANPOINT((-37.500000000094616,-4.,1967.5960520143947));
#1785=IFCCARTESIANPOINT((-37.500000000094616,-4.,1608.2812917162059));
#1786=IFCCARTESIANPOINT((-35.71690203893052,-8.2682241266136707,1623.2150033404303));
#1787=IFCCARTESIANPOINT((-35.747199129426072,-8.2380773419028746,662.84930413008692));
#1788=IFCCARTESIANPOINT((-37.500000000094616,-4.,1026.5625834323214));
#1789=IFCCARTESIANPOINT((-31.50000000009463,-10.,1041.0289463802033));
#1790=IFCCARTESIANPOINT((-37.500000000094616,-4.,128.2933544381192));
#1791=IFCCARTESIANPOINT((-35.742640687243366,-8.2426406871068387,106.91117807659616));
#1792=IFCCARTESIANPOINT((-35.742640687232871,-8.2426406871173459,64.146706841703221));
#1793=IFCCARTESIANPOINT((-37.500000000094616,-4.,752.81240862182085));
#1794=IFCCARTESIANPOINT((-31.500000000094559,-10.,735.20262466115196));
#1795=IFCCARTESIANPOINT((-35.742640687247288,-8.2426406871029645,149.67564931138298));
#1796=IFCCARTESIANPOINT((-35.739349514169696,-8.2459293090742918,699.77860037901121));
#1797=IFCCARTESIANPOINT((-37.500000000094616,-4.,718.59366855423366));
#1798=IFCCARTESIANPOINT((-35.953726043084423,-8.0204880716315259,735.70312213793864));
#1799=IFCCARTESIANPOINT((-35.931659371852298,-8.0447985379806433,773.40702566033895));
#1800=IFCCARTESIANPOINT((-31.50000000009463,-10.,837.14473190083572));
#1801=IFCCARTESIANPOINT((-35.291968942663317,-8.649835646423746,811.65918224800157));
#1802=IFCCARTESIANPOINT((-37.500000000094616,-4.,855.46875595948393));
#1803=IFCCARTESIANPOINT((-35.780489649894136,-8.204451017445999,872.57812160677281));
#1804=IFCCARTESIANPOINT((-31.50000000009463,-10.,939.0868391405196));
#1805=IFCCARTESIANPOINT((-35.730476022724531,-8.2547705722046238,914.22122507858694));
#1806=IFCCARTESIANPOINT((-35.742640687257442,-8.2426406870928126,186.65697962255118));
#1807=IFCCARTESIANPOINT((-31.500000000094559,-10.,213.82231106701667));
#1808=IFCCARTESIANPOINT((-37.500000000094616,-4.,213.82234215346637));
#1809=IFCCARTESIANPOINT((-35.742640687268747,-8.242640687081467,235.2045917811694));
#1810=IFCCARTESIANPOINT((-35.742640687279099,-8.2426406870711304,272.1859220519986));
#1811=IFCCARTESIANPOINT((-31.500000000094492,-10.,299.3513358520272));
#1812=IFCCARTESIANPOINT((-37.500000000094616,-4.,299.35132986881325));
#1813=IFCCARTESIANPOINT((-35.742640687290738,-8.2426406870595219,320.73353425095581));
#1814=IFCCARTESIANPOINT((-37.500000000094616,-4.,393.46179628148877));
#1815=IFCCARTESIANPOINT((-35.742640687301297,-8.242640687048965,357.71486448144555));
#1816=IFCCARTESIANPOINT((-31.500000000094559,-10.,384.88023518928293));
#1817=IFCCARTESIANPOINT((-37.500000000094616,-4.,787.0312758243092));
#1818=IFCCARTESIANPOINT((-35.576089410122428,-8.4028962197182686,2119.8532932010603));
#1819=IFCCARTESIANPOINT((-37.500000000094616,-4.,2061.7066455619711));
#1820=IFCCARTESIANPOINT((-35.827099067638848,-8.1564664872701407,2081.6549019513682));
#1821=IFCCARTESIANPOINT((-35.91229717604029,-8.0659111686411187,2046.3743830077244));
#1822=IFCCARTESIANPOINT((-31.500000000094765,-10.,2013.3748706320862));
#1823=IFCCARTESIANPOINT((-35.903169590043063,-8.0757941020483273,1996.312500022151));
#1824=IFCCARTESIANPOINT((-35.500911471455808,-8.4713205430256124,1959.7967651188201));
#1825=IFCCARTESIANPOINT((-31.500000000094698,-10.,1945.1250196012923));
#1826=IFCCARTESIANPOINT((-35.675003823512277,-8.3092160626492841,626.92842940770015));
#1827=IFCCARTESIANPOINT((-37.500000000094616,-4.,581.71870828388467));
#1828=IFCCARTESIANPOINT((-31.500000000094559,-10.,555.93815931154927));
#1829=IFCCARTESIANPOINT((-35.900726803303442,-8.0784315126845367,564.60937280104224));
#1830=IFCCARTESIANPOINT((-37.500000000094616,-4.,496.15399566129537));
#1831=IFCCARTESIANPOINT((-31.500000000094492,-10.,470.40913452653865));
#1832=IFCCARTESIANPOINT((-35.922367512201205,-8.0549556826187896,526.72428798681585));
#1833=IFCCARTESIANPOINT((-31.50000000009463,-10.,1262.6250039202946));
#1834=IFCCARTESIANPOINT((-37.500000000094687,-4.,1745.1563791214562));
#1835=IFCCARTESIANPOINT((-31.500000000094698,-10.,1740.3749647178909));
#1836=IFCCARTESIANPOINT((-35.519816634293981,-8.4543320742357899,406.26247672140687));
#1837=IFCCARTESIANPOINT((-35.613015271711198,-8.3684213825588625,441.24799401767154));
#1838=IFCCARTESIANPOINT((-35.558972556944624,-8.4186810003539811,2154.0717274412559));
#1839=IFCCARTESIANPOINT((-31.500000000094698,-10.,1672.1251136870972));
#1840=IFCCARTESIANPOINT((-31.50000000009463,-10.,1399.1249568773922));
#1841=IFCCARTESIANPOINT((-31.500000000094698,-10.,1535.6251607299996));
#1842=IFCCARTESIANPOINT((-35.224762674169241,-8.7038434308532242,1554.7867546395489));
#1843=IFCCARTESIANPOINT((-31.50000000009463,-10.,1330.8751058465982));
#1844=IFCCARTESIANPOINT((-37.500000000094616,-4.,1471.4062043109554));
#1845=IFCCARTESIANPOINT((-31.50000000009463,-10.,1467.3750588036958));
#1846=IFCCARTESIANPOINT((-31.500000000094765,-10.,1808.6250666441947));
#1847=IFCCARTESIANPOINT((-37.500000000094616,-4.,1334.5312440406065));
#1848=IFCCARTESIANPOINT((-37.500000000094616,-4.,1197.6562837702575));
#1849=IFCCARTESIANPOINT((-31.50000000009463,-10.,1194.374901993991));
#1850=IFCCARTESIANPOINT((-36.240411253254031,-7.678111084652727,595.94899463770798));
#1851=IFCCARTESIANPOINT((-37.500000000094616,-4.,650.15618841905916));
#1852=IFCCARTESIANPOINT((-37.500000000094616,-4.,1060.7813234999085));
#1853=IFCCARTESIANPOINT((-35.811464685464649,-8.1726816637444752,1077.8906208109386));
#1854=IFCCARTESIANPOINT((-31.50000000009463,-10.,1126.1250509631971));
#1855=IFCCARTESIANPOINT((-35.829843028450441,-8.1536079918475846,1143.1874955455116));
#1856=IFCCARTESIANPOINT((-37.500000000094616,-4.,1129.2188036350831));
#1857=IFCCARTESIANPOINT((-36.171145224270269,-7.7656874929804749,1110.528171609028));
#1858=IFCCARTESIANPOINT((-35.320189973148352,-8.6266779194079994,1176.4445836656469));
#1859=IFCCARTESIANPOINT((-36.240340821365407,-7.678201856657572,841.55250063051994));
#1860=IFCCARTESIANPOINT((-35.956579301387983,-8.0173250965562417,477.52222704808554));
#1861=IFCCARTESIANPOINT((-35.72924077461083,-8.2559984106334579,949.08012443488576));
#1862=IFCCARTESIANPOINT((-37.500000000094616,-4.,992.34384336473397));
#1863=IFCCARTESIANPOINT((-35.680364089405188,-8.3040162733137279,1009.4531210758515));
#1864=IFCCARTESIANPOINT((-36.087795432629768,-7.8667988141797132,1043.6025297242013));
#1865=IFCCARTESIANPOINT((-37.500000000094616,-4.,923.90636322955947));
#1866=IFCCARTESIANPOINT((-36.041997893678129,-7.9204916955423661,32.073353420850658));
#1867=IFCCARTESIANPOINT((-36.26466792821266,-7.6466340006761673,979.31523596187935));
#1868=IFCCARTESIANPOINT((-31.500000000094698,-10.,1876.8749176749886));
#1869=IFCCARTESIANPOINT((-37.500000000094616,-4.,1882.0313393918052));
#1870=IFCCARTESIANPOINT((-35.6322370056483,-8.3502433644660616,1859.8124927607));
#1871=IFCCARTESIANPOINT((-35.853819073738279,-8.1284693863606741,1899.1406176279052));
#1872=IFCCARTESIANPOINT((-34.998704044361773,-8.8743276470498582,1929.102952771733));
#1873=IFCCARTESIANPOINT((-35.200757250921292,-8.7227529864068387,1828.1683597311312));
#1874=IFCCARTESIANPOINT((-35.83198613858498,-8.1513727965661023,1695.5922750261434));
#1875=IFCCARTESIANPOINT((-36.310244723903949,-7.586299722163071,1726.7341743021536));
#1876=IFCCARTESIANPOINT((-35.819416302482608,-8.1644498804532528,1421.938922723564));
#1877=IFCCARTESIANPOINT((-36.321576851902279,-7.5710497983414156,1452.8457361735323));
#1878=IFCCARTESIANPOINT((-35.812885195029793,-8.171213408044629,1285.1128756717114));
#1879=IFCCARTESIANPOINT((-36.327289763603432,-7.5633233840397072,1315.8980650932724));
#1880=IFCCARTESIANPOINT((32.500000000007503,-4.,2120.));
#1881=IFCCARTESIANPOINT((32.295554957741942,-5.5529142706105814,2120.2044450422536));
#1882=IFCCARTESIANPOINT((31.696152422714182,-7.,2120.8038475772814));
#1883=IFCCARTESIANPOINT((30.742640687126809,-8.2426406871146902,2121.7573593128686));
#1884=IFCCARTESIANPOINT((29.500000000007507,-9.1961524227020721,2123.));
#1885=IFCCARTESIANPOINT((28.05291427062258,-9.7955549577298608,2124.4470857293732));
#1886=IFCCARTESIANPOINT((26.50000000000751,-10.,757.53691505749453));
#1887=IFCCARTESIANPOINT((26.500000000007578,-10.,1441.7684575287415));
#1888=IFCCARTESIANPOINT((26.500000000007578,-10.,1783.8842287643645));
#1889=IFCCARTESIANPOINT((26.500000000007645,-10.,1954.9421143821762));
#1890=IFCCARTESIANPOINT((26.500000000007578,-10.,2040.4710571910823));
#1891=IFCCARTESIANPOINT((26.500000000007578,-10.,2083.235528595535));
#1892=IFCCARTESIANPOINT((32.500000000007503,-4.,1060.));
#1893=IFCCARTESIANPOINT((32.500000000007503,-4.,530.00001020960542));
#1894=IFCCARTESIANPOINT((32.500000000007503,-4.,1589.9999897903826));
#1895=IFCCARTESIANPOINT((32.500000000007503,-4.,794.99999489519132));
#1896=IFCCARTESIANPOINT((32.500000000007503,-4.,1854.9999948951852));
#1897=IFCCARTESIANPOINT((32.500000000007503,-4.,1325.0000051047969));
#1898=IFCCARTESIANPOINT((32.500000000007503,-4.,1722.5000025523925));
#1899=IFCCARTESIANPOINT((32.500000000007503,-4.,662.50000255239843));
#1900=IFCCARTESIANPOINT((32.500000000007503,-4.,1987.4999872379783));
#1901=IFCCARTESIANPOINT((32.500000000007503,-4.,1457.4999974475895));
#1902=IFCCARTESIANPOINT((26.500000000007578,-10.,1612.826343146553));
#1903=IFCCARTESIANPOINT((26.50000000000751,-10.,1099.652686293118));
#1904=IFCCARTESIANPOINT((26.50000000000751,-10.,378.76845752874738));
#1905=IFCCARTESIANPOINT((26.500000000007578,-10.,1698.3552859554586));
#1906=IFCCARTESIANPOINT((26.500000000007578,-10.,1869.4131715732708));
#1907=IFCCARTESIANPOINT((26.50000000000751,-10.,1270.71057191093));
#1908=IFCCARTESIANPOINT((26.50000000000751,-10.,928.59480067530615));
#1909=IFCCARTESIANPOINT((26.50000000000751,-10.,568.15268629312072));
#1910=IFCCARTESIANPOINT((26.50000000000751,-10.,662.84480067530762));
#1911=IFCCARTESIANPOINT((26.50000000000751,-10.,1014.123743484212));
#1912=IFCCARTESIANPOINT((26.500000000007578,-10.,1356.2395147198351));
#1913=IFCCARTESIANPOINT((26.50000000000751,-10.,843.06585786640039));
#1914=IFCCARTESIANPOINT((26.50000000000751,-10.,473.46057191093388));
#1915=IFCCARTESIANPOINT((32.500000000007503,-4.,927.50000765720108));
#1916=IFCCARTESIANPOINT((32.500000000007503,-4.,1192.499992342787));
#1917=IFCCARTESIANPOINT((32.500000000007503,-4.,265.00000510480271));
#1918=IFCCARTESIANPOINT((32.500000000007503,-4.,397.49999744759566));
#1919=IFCCARTESIANPOINT((26.50000000000751,-10.,189.38422876437377));
#1920=IFCCARTESIANPOINT((26.500000000007578,-10.,1185.1816291020239));
#1921=IFCCARTESIANPOINT((26.50000000000751,-10.,284.07634314656053));
#1922=IFCCARTESIANPOINT((32.500000000007503,-4.,132.50001276200982));
#1923=IFCCARTESIANPOINT((26.50000000000751,-10.,94.692114382186773));
#1924=IFCCARTESIANPOINT((32.500000000007503,-4.,2053.7499936189834));
#1925=IFCCARTESIANPOINT((32.500000000007503,-4.,2077.2355030927965));
#1926=IFCCARTESIANPOINT((32.500000000007503,-4.,66.250006381004908));
#1927=IFCCARTESIANPOINT((30.609552832407477,-8.3716787985479115,2065.4927646301035));
#1928=IFCCARTESIANPOINT((26.50000000000751,-10.,42.764471404452927));
#1929=IFCCARTESIANPOINT((32.500000000007503,-4.,1523.7500038285943));
#1930=IFCCARTESIANPOINT((26.500000000007578,-10.,1527.2974003376476));
#1931=IFCCARTESIANPOINT((26.50000000000751,-10.,1484.5329289331946));
#1932=IFCCARTESIANPOINT((32.500000000007503,-4.,2020.624980218872));
#1933=IFCCARTESIANPOINT((26.500000000007578,-10.,1997.7065857866291));
#1934=IFCCARTESIANPOINT((32.500000000007503,-4.,42.76445606875766));
#1935=IFCCARTESIANPOINT((30.742640687082883,-8.2426406871586639,54.507235469695253));
#1936=IFCCARTESIANPOINT((32.500000000007503,-4.,99.375019781115839));
#1937=IFCCARTESIANPOINT((26.50000000000751,-10.,142.03817157328018));
#1938=IFCCARTESIANPOINT((30.60944837542436,-8.3717769899371159,115.93749952275355));
#1939=IFCCARTESIANPOINT((30.912374825841752,-8.0658269019114854,2004.0625005523104));
#1940=IFCCARTESIANPOINT((32.500000000007503,-4.,1921.25000127619));
#1941=IFCCARTESIANPOINT((30.968178867787042,-8.0044197589029267,1966.4126149585607));
#1942=IFCCARTESIANPOINT((26.500000000007578,-10.,1912.1776429777235));
#1943=IFCCARTESIANPOINT((32.500000000007503,-4.,1888.1250082952961));
#1944=IFCCARTESIANPOINT((30.90120683268028,-8.0779134880471943,1904.6874924210006));
#1945=IFCCARTESIANPOINT((32.500000000007503,-4.,331.25001148580765));
#1946=IFCCARTESIANPOINT((32.500000000007503,-4.,198.74999872379783));
#1947=IFCCARTESIANPOINT((30.963168323902782,-8.010003555178141,153.30703115341569));
#1948=IFCCARTESIANPOINT((32.500000000007503,-4.,1656.2499961713877));
#1949=IFCCARTESIANPOINT((32.500000000007503,-4.,1391.2499910665849));
#1950=IFCCARTESIANPOINT((30.638318687935691,-8.344458359462628,1505.9151586494702));
#1951=IFCCARTESIANPOINT((30.840639001663337,-8.1423245958358557,1544.3877324762811));
#1952=IFCCARTESIANPOINT((26.50000000000751,-10.,1570.0618717421003));
#1953=IFCCARTESIANPOINT((30.691221873378836,-8.2934437469395572,1469.7405713940122));
#1954=IFCCARTESIANPOINT((32.500000000007503,-4.,1424.3749840474788));
#1955=IFCCARTESIANPOINT((26.500000000007578,-10.,1399.0039861242883));
#1956=IFCCARTESIANPOINT((30.885872746460802,-8.0944010858586815,1407.812494393489));
#1957=IFCCARTESIANPOINT((30.946152448651318,-8.028861924089961,1369.7215977761236));
#1958=IFCCARTESIANPOINT((26.500000000007578,-10.,1313.4750433153822));
#1959=IFCCARTESIANPOINT((32.500000000007503,-4.,1258.749998723792));
#1960=IFCCARTESIANPOINT((32.500000000007503,-4.,1291.8750121239027));
#1961=IFCCARTESIANPOINT((30.923025418082425,-8.0542380481449687,1308.4374947883318));
#1962=IFCCARTESIANPOINT((32.500000000007503,-4.,1954.3749942570842));
#1963=IFCCARTESIANPOINT((32.500000000007503,-4.,165.62500574290382));
#1964=IFCCARTESIANPOINT((31.278390260110697,-7.6286342502542208,2035.0563764171598));
#1965=IFCCARTESIANPOINT((31.269269315864179,-7.6406139856890531,1438.9434997377041));
#1966=IFCCARTESIANPOINT((32.500000000007503,-4.,1358.1249980856905));
#1967=IFCCARTESIANPOINT((32.500000000007503,-4.,728.75000893340325));
#1968=IFCCARTESIANPOINT((32.500000000007503,-4.,596.24999617139349));
#1969=IFCCARTESIANPOINT((26.50000000000751,-10.,615.49874348421429));
#1970=IFCCARTESIANPOINT((31.284864082811872,-7.6200933287769734,1935.5053726198905));
#1971=IFCCARTESIANPOINT((32.500000000007503,-4.,1556.8749968094887));
#1972=IFCCARTESIANPOINT((30.392384033007065,-8.5661084677883199,1591.4441011204538));
#1973=IFCCARTESIANPOINT((32.500000000007503,-4.,1623.1249827712763));
#1974=IFCCARTESIANPOINT((26.500000000007578,-10.,1655.5908145510059));
#1975=IFCCARTESIANPOINT((30.758468082114678,-8.2267540256840217,1639.687493471997));
#1976=IFCCARTESIANPOINT((30.867608964411254,-8.1138779678088131,1679.3361762616385));
#1977=IFCCARTESIANPOINT((26.500000000007578,-10.,1741.1197573599115));
#1978=IFCCARTESIANPOINT((32.500000000007503,-4.,1788.7499885141804));
#1979=IFCCARTESIANPOINT((26.500000000007578,-10.,1826.6487001688176));
#1980=IFCCARTESIANPOINT((32.500000000007503,-4.,1755.6249955332864));
#1981=IFCCARTESIANPOINT((30.843290461506573,-8.1395444153932566,1772.1874929462299));
#1982=IFCCARTESIANPOINT((30.916695417472113,-8.0611330425522745,1810.8657716307825));
#1983=IFCCARTESIANPOINT((30.442597336902477,-8.52282281756289,1847.7349132330166));
#1984=IFCCARTESIANPOINT((30.568158148398538,-8.410225536142077,1715.2090723008419));
#1985=IFCCARTESIANPOINT((31.295887775630355,-7.6054764516771414,1339.0634776563675));
#1986=IFCCARTESIANPOINT((30.730615824602673,-8.25463156391314,639.17176953000353));
#1987=IFCCARTESIANPOINT((30.748854536359747,-8.2364177236056548,674.84244462730146));
#1988=IFCCARTESIANPOINT((26.50000000000751,-10.,710.19085786640107));
#1989=IFCCARTESIANPOINT((32.500000000007503,-4.,695.62501595250922));
#1990=IFCCARTESIANPOINT((30.938139825427928,-8.0376868241581594,712.18749715635249));
#1991=IFCCARTESIANPOINT((30.996061307770493,-7.9730885614091864,749.27698233831268));
#1992=IFCCARTESIANPOINT((26.50000000000751,-10.,800.30138646194735));
#1993=IFCCARTESIANPOINT((32.500000000007503,-4.,861.25000127619626));
#1994=IFCCARTESIANPOINT((32.500000000007503,-4.,828.12498787608536));
#1995=IFCCARTESIANPOINT((30.850513849197924,-8.1319522320526207,811.56249676126367));
#1996=IFCCARTESIANPOINT((29.896383414060455,-8.9461681840290161,780.18078418597236));
#1997=IFCCARTESIANPOINT((32.500000000007503,-4.,761.87500191429717));
#1998=IFCCARTESIANPOINT((32.500000000007503,-4.,1126.2500063809987));
#1999=IFCCARTESIANPOINT((32.500000000007503,-4.,1490.6250108477007));
#2000=IFCCARTESIANPOINT((32.500000000007503,-4.,1821.8749814950745));
#2001=IFCCARTESIANPOINT((30.696000949462192,-8.2887732549222388,604.24816287105216));
#2002=IFCCARTESIANPOINT((32.500000000007503,-4.,563.12500319049934));
#2003=IFCCARTESIANPOINT((26.500000000007578,-10.,520.80662910202727));
#2004=IFCCARTESIANPOINT((30.598157980508567,-8.3823625097446861,546.56249781251279));
#2005=IFCCARTESIANPOINT((32.500000000007567,-4.,463.75000382860054));
#2006=IFCCARTESIANPOINT((30.958637307909516,-8.0150408910181703,509.11551577139096));
#2007=IFCCARTESIANPOINT((32.500000000007503,-4.,496.87501722871144));
#2008=IFCCARTESIANPOINT((32.500000000007503,-4.,1689.3750095714984));
#2009=IFCCARTESIANPOINT((32.500000000007503,-4.,993.74999361898915));
#2010=IFCCARTESIANPOINT((31.253108702783514,-7.661687815688536,85.354880875449453));
#2011=IFCCARTESIANPOINT((32.500000000007503,-4.,629.37498915228753));
#2012=IFCCARTESIANPOINT((26.50000000000751,-10.,426.11451471984049));
#2013=IFCCARTESIANPOINT((30.463396637972469,-8.5046073180829822,449.78754151769704));
#2014=IFCCARTESIANPOINT((30.811712231292262,-8.1724258692697802,413.44970809504588));
#2015=IFCCARTESIANPOINT((32.500000000007503,-4.,364.37500446670163));
#2016=IFCCARTESIANPOINT((26.500000000007578,-10.,331.42240033765398));
#2017=IFCCARTESIANPOINT((30.746847964381359,-8.2384292335080058,347.81249860251393));
#2018=IFCCARTESIANPOINT((30.802031465431728,-8.1824066361918657,306.80753788638981));
#2019=IFCCARTESIANPOINT((32.500000000007503,-4.,430.62499042848964));
#2020=IFCCARTESIANPOINT((31.18062921815924,-7.7538926625770923,380.58796153206737));
#2021=IFCCARTESIANPOINT((30.666336269914535,-8.3175967952111698,271.86267295774985));
#2022=IFCCARTESIANPOINT((26.50000000000751,-10.,236.73028595546717));
#2023=IFCCARTESIANPOINT((32.500000000007503,-4.,231.87499170469181));
#2024=IFCCARTESIANPOINT((30.603829311563942,-8.377052088057706,215.31249912806894));
#2025=IFCCARTESIANPOINT((31.247037743218193,-7.6695548319243816,184.60356179004421));
#2026=IFCCARTESIANPOINT((32.500000000007503,-4.,298.12501850491367));
#2027=IFCCARTESIANPOINT((26.50000000000751,-10.,1056.8882148886651));
#2028=IFCCARTESIANPOINT((30.847087062763094,-8.1355572863624257,1035.5059750647033));
#2029=IFCCARTESIANPOINT((30.650236407655111,-8.3330748621039099,1078.2704463004784));
#2030=IFCCARTESIANPOINT((30.68626192043693,-8.2982800203713456,1114.3724042191325));
#2031=IFCCARTESIANPOINT((32.500000000007503,-4.,1159.3749993618931));
#2032=IFCCARTESIANPOINT((26.50000000000751,-10.,1142.4171576975707));
#2033=IFCCARTESIANPOINT((30.880245367287859,-8.1004207738208791,1175.937495314327));
#2034=IFCCARTESIANPOINT((26.50000000000751,-10.,1227.9461005064768));
#2035=IFCCARTESIANPOINT((30.941945246450018,-8.0335000220119017,1214.1124603971045));
#2036=IFCCARTESIANPOINT((30.632233848199334,-8.350246363577341,1000.3260177511805));
#2037=IFCCARTESIANPOINT((26.50000000000751,-10.,971.35927207975908));
#2038=IFCCARTESIANPOINT((32.500000000007503,-4.,960.625000638095));
#2039=IFCCARTESIANPOINT((30.768543624709679,-8.21657862774736,944.06249623465976));
#2040=IFCCARTESIANPOINT((26.50000000000751,-10.,885.83032927085321));
#2041=IFCCARTESIANPOINT((30.873014721212449,-8.1081312354995809,904.52001705350051));
#2042=IFCCARTESIANPOINT((30.557189091935811,-8.420318616604181,868.55410021985665));
#2043=IFCCARTESIANPOINT((31.276375519214692,-7.6312858465680256,1144.983389839286));
#2044=IFCCARTESIANPOINT((32.500000000007503,-4.,1225.6249853236809));
#2045=IFCCARTESIANPOINT((32.500000000007503,-4.,1093.1250134001048));
#2046=IFCCARTESIANPOINT((32.500000000007503,-4.,894.37501467630705));
#2047=IFCCARTESIANPOINT((32.500000000007503,-4.,1026.8749865998832));
#2048=IFCCARTESIANPOINT((30.89157375130463,-8.0882857026975206,1273.28778140594));
#2049=IFCCARTESIANPOINT((42.499999999981199,3.4619015303532437,2110.));
#2050=IFCCARTESIANPOINT((41.486032517533744,1.013967482423362,2111.0139674824618));
#2051=IFCCARTESIANPOINT((39.038098469603895,-0.,1073.9850643435759));
#2052=IFCCARTESIANPOINT((39.038098469603966,-0.,1593.7234829369836));
#2053=IFCCARTESIANPOINT((39.038098469603966,-0.,1853.5926922336876));
#2054=IFCCARTESIANPOINT((39.038098469603966,-0.,1983.5272968820398));
#2055=IFCCARTESIANPOINT((42.499999999981199,3.4619015303532521,1055.));
#2056=IFCCARTESIANPOINT((42.499999999981199,3.4619015303532437,1582.5000000000109));
#2057=IFCCARTESIANPOINT((42.499999999981199,3.4619015303532437,1846.2500000000125));
#2058=IFCCARTESIANPOINT((42.499999999981199,3.4619015303532521,1318.7500000000091));
#2059=IFCCARTESIANPOINT((42.499999999981199,3.4619015303532437,1714.3750160522306));
#2060=IFCCARTESIANPOINT((42.499999999981199,3.4619015303532437,1978.1249839477941));
#2061=IFCCARTESIANPOINT((42.499999999981199,3.4619015303532521,1186.8750160522275));
#2062=IFCCARTESIANPOINT((42.499999999981199,3.4619015303532521,1120.9375080261173));
#2063=IFCCARTESIANPOINT((39.038098469603895,-0.,536.99253217178807));
#2064=IFCCARTESIANPOINT((39.038098469603966,-0.,1333.8542736402794));
#2065=IFCCARTESIANPOINT((39.038098469603895,-0.,805.48879825768188));
#2066=IFCCARTESIANPOINT((39.038098469603966,-0.,1723.6580875853358));
#2067=IFCCARTESIANPOINT((39.038098469603895,-0.,1463.7888782886314));
#2068=IFCCARTESIANPOINT((39.038098469603895,-0.,1203.9196689919277));
#2069=IFCCARTESIANPOINT((39.038098469603895,-0.,939.73693130062873));
#2070=IFCCARTESIANPOINT((39.038098469603966,-0.,1268.8869713161032));
#2071=IFCCARTESIANPOINT((39.038098469603966,-0.,1138.9523666677517));
#2072=IFCCARTESIANPOINT((39.038098469603895,-0.,1006.8609978221024));
#2073=IFCCARTESIANPOINT((42.499999999981199,3.4619015303532605,527.50000000000375));
#2074=IFCCARTESIANPOINT((42.499999999981199,3.4619015303532521,791.25000000000557));
#2075=IFCCARTESIANPOINT((42.499999999981199,3.4619015303532521,659.37501605222383));
#2076=IFCCARTESIANPOINT((42.499999999981199,3.4619015303532521,1252.8125240783372));
#2077=IFCCARTESIANPOINT((42.499999999981199,3.4619015303532521,1450.6249839477907));
#2078=IFCCARTESIANPOINT((42.499999999981199,3.4619015303532521,923.12498394778731));
#2079=IFCCARTESIANPOINT((42.49999999998127,3.4619015303532605,857.18747592167722));
#2080=IFCCARTESIANPOINT((42.499999999981199,3.4619015303532437,1384.687475921681));
#2081=IFCCARTESIANPOINT((42.499999999981199,3.4619015303532521,1516.5624919739007));
#2082=IFCCARTESIANPOINT((42.499999999981135,3.4619015303532437,989.06249197389729));
#2083=IFCCARTESIANPOINT((39.038098469603895,-0.,1528.7561806128076));
#2084=IFCCARTESIANPOINT((39.038098469603895,-0.,872.61286477915564));
#2085=IFCCARTESIANPOINT((39.038098469603895,-0.,1398.8215759644556));
#2086=IFCCARTESIANPOINT((39.038098469603895,-0.,671.24066521473503));
#2087=IFCCARTESIANPOINT((39.038098469603895,-0.,268.49626608589415));
#2088=IFCCARTESIANPOINT((39.038098469603895,-0.,738.36473173620846));
#2089=IFCCARTESIANPOINT((39.038098469603895,-0.,402.74439912884122));
#2090=IFCCARTESIANPOINT((42.499999999981199,3.4619015303532521,725.31252407833381));
#2091=IFCCARTESIANPOINT((42.499999999981199,3.4619015303532605,263.75000000000205));
#2092=IFCCARTESIANPOINT((42.499999999981199,3.4619015303532605,395.62498394778368));
#2093=IFCCARTESIANPOINT((42.499999999981199,3.4619015303532605,129.93459169545022));
#2094=IFCCARTESIANPOINT((39.038098469603895,-0.,134.24813304294733));
#2095=IFCCARTESIANPOINT((39.038098469603895,-0.,64.967302324176316));
#2096=IFCCARTESIANPOINT((42.499999999981199,3.4619015303532521,64.967311899944406));
#2097=IFCCARTESIANPOINT((39.038098469603966,-0.,2048.4945992062153));
#2098=IFCCARTESIANPOINT((42.499999999981199,3.4619015303532437,2044.0624919739046));
#2099=IFCCARTESIANPOINT((42.499999999981199,3.4619015303532437,2077.5163440500423));
#2100=IFCCARTESIANPOINT((42.499999999981199,3.4619015303532605,329.68747592167369));
#2101=IFCCARTESIANPOINT((39.038098469603895,-0.,335.62033260736757));
#2102=IFCCARTESIANPOINT((39.038098469603895,-0.,302.05829934663086));
#2103=IFCCARTESIANPOINT((39.038098469603895,-0.,201.37219956442075));
#2104=IFCCARTESIANPOINT((42.499999999981199,3.4619015303532521,196.84229584772612));
#2105=IFCCARTESIANPOINT((42.499999999981199,3.4619015303532605,230.29614792386408));
#2106=IFCCARTESIANPOINT((42.499999999981199,3.4619015303532605,32.483655949972338));
#2107=IFCCARTESIANPOINT((39.038098469603895,-0.,32.483651162088059));
#2108=IFCCARTESIANPOINT((39.038098469603966,-0.,2080.9782503683036));
#2109=IFCCARTESIANPOINT((39.038098469603895,-0.,469.86846565031465));
#2110=IFCCARTESIANPOINT((42.499999999981135,3.4619015303532521,461.56249197389377));
#2111=IFCCARTESIANPOINT((42.499999999981199,3.4619015303532521,494.53124598694876));
#2112=IFCCARTESIANPOINT((42.499999999981199,3.4619015303532437,1780.3125240783409));
#2113=IFCCARTESIANPOINT((39.038098469603966,-0.,1788.6253899095118));
#2114=IFCCARTESIANPOINT((39.03809846960403,-0.,1756.1417387474235));
#2115=IFCCARTESIANPOINT((42.499999999981199,3.4619015303532521,1912.1874759216844));
#2116=IFCCARTESIANPOINT((39.038098469603966,-0.,1918.5599945578638));
#2117=IFCCARTESIANPOINT((39.038098469603966,-0.,1886.0763433957757));
#2118=IFCCARTESIANPOINT((42.499999999981199,3.4619015303532437,1648.4375080261207));
#2119=IFCCARTESIANPOINT((39.038098469603895,-0.,1658.6907852611596));
#2120=IFCCARTESIANPOINT((39.038098469603966,-0.,1626.2071340990715));
#2121=IFCCARTESIANPOINT((39.038098469603895,-0.,604.11659869326172));
#2122=IFCCARTESIANPOINT((42.499999999981199,3.4619015303532605,593.43750802611385));
#2123=IFCCARTESIANPOINT((42.499999999981199,3.4619015303532521,626.40626203916884));
#2124=IFCCARTESIANPOINT((42.499999999981135,3.4619015303532605,97.450967849916481));
#2125=IFCCARTESIANPOINT((39.038098469603895,-0.,99.607717683561475));
#2126=IFCCARTESIANPOINT((42.499999999981199,3.4619015303532521,163.38844377158816));
#2127=IFCCARTESIANPOINT((39.038098469603895,-0.,167.81016630368401));
#2128=IFCCARTESIANPOINT((42.49999999998127,3.4619015303532521,1615.4687540130658));
#2129=IFCCARTESIANPOINT((39.038098469603895,-0.,637.67863195399832));
#2130=IFCCARTESIANPOINT((42.499999999981199,3.4619015303532437,2011.0937379608492));
#2131=IFCCARTESIANPOINT((39.038098469603966,-0.,2016.0109480441274));
#2132=IFCCARTESIANPOINT((39.038098469603895,-0.,369.18236586810451));
#2133=IFCCARTESIANPOINT((42.499999999981199,3.4619015303532605,362.65622993472874));
#2134=IFCCARTESIANPOINT((39.038098469603966,-0.,1951.0436457199517));
#2135=IFCCARTESIANPOINT((42.499999999981199,3.4619015303532437,1945.1562299347393));
#2136=IFCCARTESIANPOINT((42.499999999981199,3.4619015303532605,428.59373796083872));
#2137=IFCCARTESIANPOINT((39.038098469603895,-0.,436.30643238957794));
#2138=IFCCARTESIANPOINT((39.038098469603895,-0.,503.4304989110513));
#2139=IFCCARTESIANPOINT((39.038098469603966,-0.,1821.1090410715997));
#2140=IFCCARTESIANPOINT((42.499999999981199,3.4619015303532437,1813.281278091396));
#2141=IFCCARTESIANPOINT((42.49999999998127,3.4619015303532437,1747.343770065286));
#2142=IFCCARTESIANPOINT((42.49999999998127,3.4619015303532605,560.46875401305874));
#2143=IFCCARTESIANPOINT((39.038098469603895,-0.,570.55456543252478));
#2144=IFCCARTESIANPOINT((42.499999999981199,3.4619015303532437,1879.2187219086293));
#2145=IFCCARTESIANPOINT((39.038098469603895,-0.,1691.1744364232479));
#2146=IFCCARTESIANPOINT((42.499999999981199,3.4619015303532437,1681.4062620391758));
#2147=IFCCARTESIANPOINT((39.038098469603895,-0.,704.80269847547174));
#2148=IFCCARTESIANPOINT((42.499999999981199,3.4619015303532521,692.3437700652787));
#2149=IFCCARTESIANPOINT((42.499999999981199,3.4619015303532437,1549.5312459869558));
#2150=IFCCARTESIANPOINT((39.038098469603966,-0.,1561.2398317748953));
#2151=IFCCARTESIANPOINT((41.704847286139717,1.2543660367465423,1895.703119194834));
#2152=IFCCARTESIANPOINT((41.344749409230097,0.88040513315451918,1874.8409804834853));
#2153=IFCCARTESIANPOINT((42.499999999981199,3.4619015303532521,1483.5937379608458));
#2154=IFCCARTESIANPOINT((39.038098469603966,-0.,1496.2725294507195));
#2155=IFCCARTESIANPOINT((39.038098469603895,-0.,771.92676499694528));
#2156=IFCCARTESIANPOINT((42.499999999981199,3.4619015303532605,758.2812780913888));
#2157=IFCCARTESIANPOINT((42.499999999981199,3.4619015303532437,1417.6562299347356));
#2158=IFCCARTESIANPOINT((39.038098469603966,-0.,1431.3052271265435));
#2159=IFCCARTESIANPOINT((39.038098469603895,-0.,839.05083151841882));
#2160=IFCCARTESIANPOINT((42.499999999981199,3.4619015303532521,824.21872190862234));
#2161=IFCCARTESIANPOINT((42.499999999981199,3.4619015303532437,1351.7187219086259));
#2162=IFCCARTESIANPOINT((39.038098469603895,-0.,1366.3379248023673));
#2163=IFCCARTESIANPOINT((41.482700519134362,1.0106400132033482,1915.1702975638359));
#2164=IFCCARTESIANPOINT((39.038098469603895,-0.,1934.8018201389077));
#2165=IFCCARTESIANPOINT((41.40650985798478,0.93694812456214749,1942.9227270769061));
#2166=IFCCARTESIANPOINT((41.337216710818858,0.87369413546755048,1966.6636715357533));
#2167=IFCCARTESIANPOINT((41.570880018699789,1.1018634309599538,1987.0524122835182));
#2168=IFCCARTESIANPOINT((39.038098469603895,-0.,906.17489803989224));
#2169=IFCCARTESIANPOINT((42.49999999998127,3.4619015303532605,890.15622993473221));
#2170=IFCCARTESIANPOINT((42.499999999981199,3.4619015303532605,296.7187219086187));
#2171=IFCCARTESIANPOINT((41.66796770105281,1.210557480345154,313.2031240373127));
#2172=IFCCARTESIANPOINT((41.393307461215073,0.92462881898335014,292.74905248660559));
#2173=IFCCARTESIANPOINT((39.038098469603895,-0.,234.93423282515747));
#2174=IFCCARTESIANPOINT((41.307840530791395,0.84789441833061652,218.15321552986742));
#2175=IFCCARTESIANPOINT((41.553090568386864,1.082914992121536,238.32456754858717));
#2176=IFCCARTESIANPOINT((42.499999999981199,3.4619015303532521,1285.7812780913923));
#2177=IFCCARTESIANPOINT((39.038098469603895,-0.,1301.3706224781915));
#2178=IFCCARTESIANPOINT((42.499999999981199,3.4619015303532605,956.0937379608423));
#2179=IFCCARTESIANPOINT((39.038098469603895,-0.,973.29896456136566));
#2180=IFCCARTESIANPOINT((41.486477277944232,1.0144123236562348,332.68310604017819));
#2181=IFCCARTESIANPOINT((39.038098469603966,-0.,352.40134923773604));
#2182=IFCCARTESIANPOINT((41.398598422477406,0.92955041360171364,360.79185645769496));
#2183=IFCCARTESIANPOINT((41.351290808447153,0.88626502464340917,384.33678461578245));
#2184=IFCCARTESIANPOINT((41.58378216326328,1.1157862864095212,404.64332510722994));
#2185=IFCCARTESIANPOINT((42.499999999981199,3.4619015303532521,1219.8437700652823));
#2186=IFCCARTESIANPOINT((39.038098469603895,-0.,1236.4033201540155));
#2187=IFCCARTESIANPOINT((41.743335690800272,1.3017039044212657,1763.8281195974282));
#2188=IFCCARTESIANPOINT((41.263645866206673,0.81016606249394207,1742.3003378516398));
#2189=IFCCARTESIANPOINT((41.46355174970995,0.99169129799424516,1783.4207756132357));
#2190=IFCCARTESIANPOINT((39.038098469603966,-0.,1804.8672154905553));
#2191=IFCCARTESIANPOINT((41.400008044900027,0.93086510940767664,1812.9881228103013));
#2192=IFCCARTESIANPOINT((41.314702201322767,0.85386823786016242,1836.2478767622608));
#2193=IFCCARTESIANPOINT((41.680825884770172,1.2256649562946849,1855.5180151427253));
#2194=IFCCARTESIANPOINT((42.499999999981199,3.4619015303532521,1022.0312459869524));
#2195=IFCCARTESIANPOINT((39.038098469603895,-0.,1040.4230310828391));
#2196=IFCCARTESIANPOINT((39.038098469603895,-0.,486.64948228068312));
#2197=IFCCARTESIANPOINT((41.722510156274929,1.275878634203133,478.25897251481081));
#2198=IFCCARTESIANPOINT((41.293368657463169,0.83539842055464641,457.00608743688525));
#2199=IFCCARTESIANPOINT((41.462306382758506,0.99046911172894891,497.94778948584002));
#2200=IFCCARTESIANPOINT((39.038098469603895,-0.,520.21151554141989));
#2201=IFCCARTESIANPOINT((41.395592439172638,0.92675175381627362,528.60202225557384));
#2202=IFCCARTESIANPOINT((41.317380590189011,0.85620868183685961,551.43941544652046));
#2203=IFCCARTESIANPOINT((41.657163434278111,1.1979976196616791,572.37302038552718));
#2204=IFCCARTESIANPOINT((41.481811011773694,1.0097532442028403,198.74471532034582));
#2205=IFCCARTESIANPOINT((42.499999999981199,3.4619015303532605,180.11536980965712));
#2206=IFCCARTESIANPOINT((41.554898212255203,1.0848274336076751,171.75191516994238));
#2207=IFCCARTESIANPOINT((41.584379948590659,1.1164350872342059,147.47633678918041));
#2208=IFCCARTESIANPOINT((41.435039448980511,0.96401519438563898,127.5352080652742));
#2209=IFCCARTESIANPOINT((39.038098469603895,-0.,1106.4687155056636));
#2210=IFCCARTESIANPOINT((42.499999999981199,3.4619015303532521,1087.9687540130624));
#2211=IFCCARTESIANPOINT((39.038098469603895,-0.,1171.4360178298396));
#2212=IFCCARTESIANPOINT((42.499999999981199,3.4619015303532437,1153.9062620391724));
#2213=IFCCARTESIANPOINT((41.645516729831719,1.1845934215855956,2060.7894245780799));
#2214=IFCCARTESIANPOINT((41.420981175944704,0.95060062965447878,2040.6372302387861));
#2215=IFCCARTESIANPOINT((41.494232272636786,1.0221947964141544,2080.1710647819345));
#2216=IFCCARTESIANPOINT((41.486032518097652,1.0139674829873073,48.725476591861053));
#2217=IFCCARTESIANPOINT((41.486032517818131,1.0139674827077501,22.00297699065775));
#2218=IFCCARTESIANPOINT((41.176541916323465,0.73943539994675278,1642.4489547233748));
#2219=IFCCARTESIANPOINT((42.499999999981199,3.4619015303532437,1664.9218850326483));
#2220=IFCCARTESIANPOINT((41.297688979037638,0.83911428474876959,1673.1640573744828));
#2221=IFCCARTESIANPOINT((41.682581538618962,1.2277413964950867,1694.4775509738272));
#2222=IFCCARTESIANPOINT((41.533701228340874,1.0625830694954788,1622.5835942779142));
#2223=IFCCARTESIANPOINT((41.737027680061146,1.2938278870078246,1599.834205572693));
#2224=IFCCARTESIANPOINT((41.167081041377585,0.73203057825451234,1577.6626796470491));
#2225=IFCCARTESIANPOINT((41.55328302471262,1.0831184675728533,1557.6537577333097));
#2226=IFCCARTESIANPOINT((41.681805295387512,1.2268229130930701,1535.3101186780304));
#2227=IFCCARTESIANPOINT((41.178407779526744,0.740902033130589,1513.3665104784397));
#2228=IFCCARTESIANPOINT((41.5875664857628,1.1198991732640793,1493.1196306895583));
#2229=IFCCARTESIANPOINT((41.608978199380523,1.1434236630765044,1471.2091622240312));
#2230=IFCCARTESIANPOINT((41.215398273811829,0.77040979367176576,1449.5886431099641));
#2231=IFCCARTESIANPOINT((41.637591960158062,1.1755516449255852,1428.9501884348538));
#2232=IFCCARTESIANPOINT((41.523970536510987,1.0525027935312474,1407.448441303522));
#2233=IFCCARTESIANPOINT((41.274001932423161,0.81889227744068216,1386.1407438490771));
#2234=IFCCARTESIANPOINT((41.697750468117526,1.2458208791063501,1364.9432832759637));
#2235=IFCCARTESIANPOINT((41.44016987883721,0.96894843192312219,1343.7769420168479));
#2236=IFCCARTESIANPOINT((41.341038051288336,0.87709370594160263,1322.6671608197314));
#2237=IFCCARTESIANPOINT((42.499999999981199,3.4619015303532437,1302.2656229934814));
#2238=IFCCARTESIANPOINT((41.503884333017659,1.0319504440518557,1294.023433534747));
#2239=IFCCARTESIANPOINT((41.694241338787272,1.241616128762979,1272.3049556383087));
#2240=IFCCARTESIANPOINT((39.038098469603895,-0.,1252.6451457350597));
#2241=IFCCARTESIANPOINT((41.489556527159948,1.0174965724806559,1244.5242291852182));
#2242=IFCCARTESIANPOINT((41.250779205815505,0.79942032560709209,1222.8281377613478));
#2243=IFCCARTESIANPOINT((42.499999999981199,3.4619015303532521,1203.3593930587549));
#2244=IFCCARTESIANPOINT((41.473737916249462,1.0017343222202879,1195.1171838374137));
#2245=IFCCARTESIANPOINT((41.69745506989991,1.2454664019340862,1173.5628664393855));
#2246=IFCCARTESIANPOINT((41.24846365383047,0.797497664872721,1152.3487078565286));
#2247=IFCCARTESIANPOINT((41.541481583534029,1.070702000636423,1131.1573432876473));
#2248=IFCCARTESIANPOINT((41.613549789352639,1.1485030118024475,1110.1755083297146));
#2249=IFCCARTESIANPOINT((39.038098469603895,-0.,1090.2268899246199));
#2250=IFCCARTESIANPOINT((41.445147856126098,0.97375453773574017,1082.1059738645074));
#2251=IFCCARTESIANPOINT((41.261214755976212,0.80812757929891066,1060.0707573106256));
#2252=IFCCARTESIANPOINT((42.499999999981199,3.4619015303532521,1038.5156229934798));
#2253=IFCCARTESIANPOINT((41.440570794835089,0.96933479453118132,1030.2734343419027));
#2254=IFCCARTESIANPOINT((41.696263475443445,1.2440374660430185,1008.7881787690795));
#2255=IFCCARTESIANPOINT((39.038098469603895,-0.,990.07998119173396));
#2256=IFCCARTESIANPOINT((41.465349043038856,0.99345731186500263,981.6894699095418));
#2257=IFCCARTESIANPOINT((41.268920402703834,0.81460182899174227,959.97820746895502));
#2258=IFCCARTESIANPOINT((42.499999999981199,3.4619015303532521,939.60936095431487));
#2259=IFCCARTESIANPOINT((41.483309893394008,1.0112478830593723,931.36718464472926));
#2260=IFCCARTESIANPOINT((41.692981257775351,1.2401095537947662,909.66925969703459));
#2261=IFCCARTESIANPOINT((39.038098469603895,-0.,889.39388140952383));
#2262=IFCCARTESIANPOINT((41.503147412128698,1.0312028824361941,881.00337043065622));
#2263=IFCCARTESIANPOINT((41.263330112525438,0.80990108891865564,859.50726829308724));
#2264=IFCCARTESIANPOINT((42.499999999981199,3.4619015303532605,840.70309891514967));
#2265=IFCCARTESIANPOINT((41.517300664229076,1.0456402273907428,832.46093494754393));
#2266=IFCCARTESIANPOINT((41.686132128059633,1.2319508695282235,810.50296669579848));
#2267=IFCCARTESIANPOINT((39.038098469603895,-0.,788.70778162731358));
#2268=IFCCARTESIANPOINT((41.548296589666322,1.0778571507194674,780.31727095174097));
#2269=IFCCARTESIANPOINT((41.262382783541824,0.80910649552710034,758.98272358745908));
#2270=IFCCARTESIANPOINT((41.68308688162687,1.2283396874009012,737.98237816619837));
#2271=IFCCARTESIANPOINT((41.42447520896949,0.95392061658151661,716.21197032629425));
#2272=IFCCARTESIANPOINT((41.39108879868116,0.92257116246145854,695.6608674933633));
#2273=IFCCARTESIANPOINT((42.499999999981199,3.4619015303532605,675.85939305875138));
#2274=IFCCARTESIANPOINT((41.555389423443984,1.0853476261164334,667.61718545220378));
#2275=IFCCARTESIANPOINT((41.667855664499598,1.2104266133437698,645.12918040223531));
#2276=IFCCARTESIANPOINT((41.228870865174471,0.78136454742716888,623.56990656720779));
#2277=IFCCARTESIANPOINT((41.606820837777811,1.1410336751595476,603.29729721290448));
#2278=IFCCARTESIANPOINT((41.486032518065095,1.0139674829547283,81.209127656035335));
#2279=IFCCARTESIANPOINT((41.407617869309398,0.93798789862025167,2007.4387108181797));
#2280=IFCCARTESIANPOINT((41.560675948507424,1.0909597198152274,272.34374637602093));
#2281=IFCCARTESIANPOINT((41.344057225931579,0.87978681172743989,425.47589498113956));
#2282=IFCCARTESIANPOINT((41.563758938000618,1.0942441640085159,1722.3306189781993));
#2283=IFCCARTESIANPOINT((41.530179079391452,1.058924951118791,106.57261526004532));
#2284=IFCCARTESIANPOINT((48.052914270609911,119.79555495869641,2104.4470857293859));
#2285=IFCCARTESIANPOINT((49.499999999994841,119.19615242366864,2103.));
#2286=IFCCARTESIANPOINT((50.74264068711414,118.24264068808122,2101.7573593128814));
#2287=IFCCARTESIANPOINT((51.696152422701509,117.,2100.8038475772942));
#2288=IFCCARTESIANPOINT((52.295554957729273,115.55291427157712,2100.2044450422663));
#2289=IFCCARTESIANPOINT((52.499999999994834,114.,2100.));
#2290=IFCCARTESIANPOINT((46.499999999994841,120.,737.53694769142987));
#2291=IFCCARTESIANPOINT((46.499999999994913,120.,1421.7684738457151));
#2292=IFCCARTESIANPOINT((46.499999999994913,120.,1763.884236922858));
#2293=IFCCARTESIANPOINT((46.499999999994913,120.,1934.9421184614296));
#2294=IFCCARTESIANPOINT((46.499999999994913,120.,2020.4710592307149));
#2295=IFCCARTESIANPOINT((46.499999999994913,120.,2063.2355112165533));
#2296=IFCCARTESIANPOINT((52.499999999994834,114.,1049.9999913622778));
#2297=IFCCARTESIANPOINT((52.499999999994834,114.,1575.0000043188616));
#2298=IFCCARTESIANPOINT((52.499999999994834,114.,1837.5000107971537));
#2299=IFCCARTESIANPOINT((52.499999999994834,114.,1968.7499967608549));
#2300=IFCCARTESIANPOINT((52.499999999994834,114.,524.99999568113901));
#2301=IFCCARTESIANPOINT((52.499999999994834,114.,1312.4999978405697));
#2302=IFCCARTESIANPOINT((52.499999999994834,114.,1706.2500075580078));
#2303=IFCCARTESIANPOINT((52.499999999994834,114.,787.4999848839858));
#2304=IFCCARTESIANPOINT((52.499999999994834,114.,1443.750001079716));
#2305=IFCCARTESIANPOINT((52.499999999994834,114.,656.24999892028484));
#2306=IFCCARTESIANPOINT((46.499999999994841,120.,1079.6527107685727));
#2307=IFCCARTESIANPOINT((46.499999999994913,120.,1849.4131776921436));
#2308=IFCCARTESIANPOINT((46.499999999994913,120.,368.76845544691031));
#2309=IFCCARTESIANPOINT((46.499999999994913,120.,1250.710592307144));
#2310=IFCCARTESIANPOINT((46.499999999994913,120.,1592.8263553842867));
#2311=IFCCARTESIANPOINT((46.499999999994913,120.,908.5948292300011));
#2312=IFCCARTESIANPOINT((46.499999999994841,120.,553.15270156917006));
#2313=IFCCARTESIANPOINT((46.499999999994913,120.,1336.2395330764298));
#2314=IFCCARTESIANPOINT((46.499999999994913,120.,1678.3552961535725));
#2315=IFCCARTESIANPOINT((46.499999999994841,120.,823.06588846071554));
#2316=IFCCARTESIANPOINT((46.499999999994841,120.,645.34480623149523));
#2317=IFCCARTESIANPOINT((52.499999999994834,114.,918.74998812313186));
#2318=IFCCARTESIANPOINT((52.499999999994834,114.,1181.2499946014239));
#2319=IFCCARTESIANPOINT((52.499999999994834,114.,262.50000647829194));
#2320=IFCCARTESIANPOINT((52.499999999994834,114.,393.7499924419929));
#2321=IFCCARTESIANPOINT((46.499999999994841,120.,184.38424612225975));
#2322=IFCCARTESIANPOINT((46.499999999994841,120.,1165.1816515378582));
#2323=IFCCARTESIANPOINT((46.499999999994841,120.,276.57635078458503));
#2324=IFCCARTESIANPOINT((52.499999999994834,114.,131.25000323914585));
#2325=IFCCARTESIANPOINT((46.499999999994841,120.,92.192104662325278));
#2326=IFCCARTESIANPOINT((52.499999999994834,114.,2034.3749897427051));
#2327=IFCCARTESIANPOINT((52.499999999994763,114.,2057.2355169887928));
#2328=IFCCARTESIANPOINT((52.499999999994834,114.,65.624992981850596));
#2329=IFCCARTESIANPOINT((50.612415020129006,118.36898646262276,2045.8052646731826));
#2330=IFCCARTESIANPOINT((46.499999999994841,120.,42.764451985838214));
#2331=IFCCARTESIANPOINT((46.499999999994841,120.,460.96059690684484));
#2332=IFCCARTESIANPOINT((46.499999999994913,120.,1507.2974146150009));
#2333=IFCCARTESIANPOINT((52.499999999994834,114.,1509.3750113370113));
#2334=IFCCARTESIANPOINT((46.499999999994841,120.,994.12376999928688));
#2335=IFCCARTESIANPOINT((52.499999999994834,114.,984.37499838042743));
#2336=IFCCARTESIANPOINT((52.499999999994834,114.,2001.5624932517801));
#2337=IFCCARTESIANPOINT((46.499999999994913,120.,1977.7066072448767));
#2338=IFCCARTESIANPOINT((52.499999999994834,114.,42.764465735763117));
#2339=IFCCARTESIANPOINT((50.742640687044023,118.24264068815137,54.194735467580486));
#2340=IFCCARTESIANPOINT((52.499999999994834,114.,98.437489472775781));
#2341=IFCCARTESIANPOINT((46.499999999994841,120.,138.28817539229252));
#2342=IFCCARTESIANPOINT((50.558104949283006,118.41947782312184,114.84374952208405));
#2343=IFCCARTESIANPOINT((50.897967664721655,118.08140667268898,1985.1562429401802));
#2344=IFCCARTESIANPOINT((52.499999999994834,114.,196.87501349644137));
#2345=IFCCARTESIANPOINT((52.499999999994834,114.,1903.1250037790044));
#2346=IFCCARTESIANPOINT((50.965898551322113,118.00696270720886,1947.2636076403339));
#2347=IFCCARTESIANPOINT((46.499999999994841,120.,1892.1776296779817));
#2348=IFCCARTESIANPOINT((52.499999999994834,114.,1870.3125072880789));
#2349=IFCCARTESIANPOINT((50.92305213216293,118.0542089048202,1853.9062425910849));
#2350=IFCCARTESIANPOINT((46.499999999994913,120.,1806.6487257063054));
#2351=IFCCARTESIANPOINT((52.499999999994834,114.,1771.8750178153032));
#2352=IFCCARTESIANPOINT((50.989796413427179,117.98016685248095,1816.4974326508675));
#2353=IFCCARTESIANPOINT((50.929172716445116,118.04752134715062,153.07133966381096));
#2354=IFCCARTESIANPOINT((52.499999999994834,114.,1378.1249908224202));
#2355=IFCCARTESIANPOINT((52.499999999994834,114.,328.12499946014253));
#2356=IFCCARTESIANPOINT((46.499999999994841,120.,322.67238471694304));
#2357=IFCCARTESIANPOINT((52.499999999994834,114.,1640.6249973007123));
#2358=IFCCARTESIANPOINT((52.499999999994834,114.,590.62500593843447));
#2359=IFCCARTESIANPOINT((52.499999999994834,114.,295.31250296921712));
#2360=IFCCARTESIANPOINT((50.851725155684505,118.13067647937784,311.71874873876902));
#2361=IFCCARTESIANPOINT((50.895989126528235,118.08353763387301,351.04115296581057));
#2362=IFCCARTESIANPOINT((46.499999999994841,120.,414.86452617687758));
#2363=IFCCARTESIANPOINT((52.499999999994834,114.,459.3749854238435));
#2364=IFCCARTESIANPOINT((50.517929321884431,118.45603455696575,387.17897773646519));
#2365=IFCCARTESIANPOINT((52.499999999994834,114.,426.56248893291809));
#2366=IFCCARTESIANPOINT((50.702036961141467,118.28285948700137,442.96874821464934));
#2367=IFCCARTESIANPOINT((46.499999999994841,120.,507.05666763681205));
#2368=IFCCARTESIANPOINT((50.805510303484922,118.17882531754805,484.11229398106656));
#2369=IFCCARTESIANPOINT((52.499999999994834,114.,1115.6249843441285));
#2370=IFCCARTESIANPOINT((52.499999999994834,114.,853.1249778658364));
#2371=IFCCARTESIANPOINT((52.499999999994834,114.,1804.6875143062286));
#2372=IFCCARTESIANPOINT((51.299649632210112,117.60046711065426,2015.7614641927173));
#2373=IFCCARTESIANPOINT((52.499999999994898,114.,1935.9375002699294));
#2374=IFCCARTESIANPOINT((52.499999999994834,114.,164.06251700551618));
#2375=IFCCARTESIANPOINT((50.664985258998477,118.31890006837294,518.9226638410089));
#2376=IFCCARTESIANPOINT((52.499999999994834,114.,557.81250944750911));
#2377=IFCCARTESIANPOINT((46.499999999994841,120.,599.24873550152802));
#2378=IFCCARTESIANPOINT((50.611307896027142,118.37002830567839,574.21874769087515));
#2379=IFCCARTESIANPOINT((52.499999999994834,114.,623.43750242935971));
#2380=IFCCARTESIANPOINT((50.915912610408931,118.06198422264302,639.84374743093099));
#2381=IFCCARTESIANPOINT((52.499999999994834,114.,721.87499190213543));
#2382=IFCCARTESIANPOINT((46.499999999994841,120.,691.44087696146255));
#2383=IFCCARTESIANPOINT((50.953555126780493,118.02067739820258,677.99759517237715));
#2384=IFCCARTESIANPOINT((51.176049328618994,117.75959607983449,606.8254540596231));
#2385=IFCCARTESIANPOINT((52.499999999994834,114.,689.06249541120997));
#2386=IFCCARTESIANPOINT((52.499999999994834,114.,360.93749595106772));
#2387=IFCCARTESIANPOINT((46.499999999994841,120.,230.48031685222705));
#2388=IFCCARTESIANPOINT((50.39588691567026,118.56312011117926,253.52831351514661));
#2389=IFCCARTESIANPOINT((50.86651065167284,118.11504371018097,216.20279668897061));
#2390=IFCCARTESIANPOINT((52.499999999994834,114.,229.68750998736678));
#2391=IFCCARTESIANPOINT((51.147274928358307,117.79510681634996,184.66511805677453));
#2392=IFCCARTESIANPOINT((52.499999999994834,114.,492.18748191476868));
#2393=IFCCARTESIANPOINT((52.499999999994834,114.,1246.8750048587194));
#2394=IFCCARTESIANPOINT((46.499999999994841,120.,1207.9461035236966));
#2395=IFCCARTESIANPOINT((50.630576145466648,118.35182039092055,1229.328331275032));
#2396=IFCCARTESIANPOINT((50.850070479618516,118.13241900468208,1267.9410796697284));
#2397=IFCCARTESIANPOINT((46.499999999994913,120.,1293.4750810905912));
#2398=IFCCARTESIANPOINT((50.687467252293125,118.2971057724004,1193.2123159561556));
#2399=IFCCARTESIANPOINT((52.499999999994834,114.,1148.4374808350535));
#2400=IFCCARTESIANPOINT((46.499999999994841,120.,1122.4171995520201));
#2401=IFCCARTESIANPOINT((50.871550383766547,118.10968943474469,1132.0312454683647));
#2402=IFCCARTESIANPOINT((50.945714793895604,118.02934485729932,1093.7319009253376));
#2403=IFCCARTESIANPOINT((46.499999999994841,120.,1036.8882219851253));
#2404=IFCCARTESIANPOINT((52.499999999994834,114.,1017.1874948713526));
#2405=IFCCARTESIANPOINT((50.90592455642323,118.07281583316721,1000.7812459918463));
#2406=IFCCARTESIANPOINT((46.499999999994841,120.,951.35931801344873));
#2407=IFCCARTESIANPOINT((50.972732968691723,117.99933241909525,963.02669589783864));
#2408=IFCCARTESIANPOINT((52.499999999994834,114.,951.56250188950196));
#2409=IFCCARTESIANPOINT((50.395151492441222,118.56374789615653,1314.8572737460267));
#2410=IFCCARTESIANPOINT((50.923620070958556,118.05358920903016,1354.200556979054));
#2411=IFCCARTESIANPOINT((46.499999999994913,120.,1379.0039850622679));
#2412=IFCCARTESIANPOINT((50.77096957738538,118.21412136478202,1400.3862162138803));
#2413=IFCCARTESIANPOINT((50.642676730364158,118.34030292906007,1435.7929512516423));
#2414=IFCCARTESIANPOINT((46.499999999994913,120.,1464.5329626291627));
#2415=IFCCARTESIANPOINT((52.499999999994834,114.,1476.5625148460858));
#2416=IFCCARTESIANPOINT((50.789689125060193,118.19506462624445,1492.968744028869));
#2417=IFCCARTESIANPOINT((46.499999999994913,120.,1550.061866600839));
#2418=IFCCARTESIANPOINT((50.894706317951709,118.08491816157547,1532.2879858422452));
#2419=IFCCARTESIANPOINT((50.519731111627827,118.45440925362053,1568.4145566076818));
#2420=IFCCARTESIANPOINT((52.499999999994834,114.,1607.8125008097873));
#2421=IFCCARTESIANPOINT((46.499999999994913,120.,1635.5908441677341));
#2422=IFCCARTESIANPOINT((50.844980520425672,118.13777044856742,1624.218743505917));
#2423=IFCCARTESIANPOINT((50.927779763607489,118.04904511863387,1662.8781122061043));
#2424=IFCCARTESIANPOINT((46.499999999994841,120.,1721.1197481394106));
#2425=IFCCARTESIANPOINT((52.499999999994763,114.,1739.0625213243782));
#2426=IFCCARTESIANPOINT((50.88702973222297,118.0931613865595,1755.4687429829571));
#2427=IFCCARTESIANPOINT((49.813650421407132,119.00197170066942,1786.1713888393951));
#2428=IFCCARTESIANPOINT((52.499999999994834,114.,1214.0625083677942));
#2429=IFCCARTESIANPOINT((51.289659425303654,117.6137463381515,1162.7914338308692));
#2430=IFCCARTESIANPOINT((52.499999999994834,114.,1082.8124878532033));
#2431=IFCCARTESIANPOINT((52.499999999994834,114.,1279.6875013496444));
#2432=IFCCARTESIANPOINT((52.499999999994834,114.,1673.4374937916373));
#2433=IFCCARTESIANPOINT((52.499999999994834,114.,1542.1875078279365));
#2434=IFCCARTESIANPOINT((52.499999999994834,114.,1345.3124943314949));
#2435=IFCCARTESIANPOINT((52.499999999994834,114.,1410.9374873133456));
#2436=IFCCARTESIANPOINT((46.499999999994841,120.,780.30143647487739));
#2437=IFCCARTESIANPOINT((52.499999999994834,114.,754.68748839306068));
#2438=IFCCARTESIANPOINT((50.877037267303024,118.10384511994432,771.09374690742288));
#2439=IFCCARTESIANPOINT((50.949668648756116,118.02497812714246,809.31354551680897));
#2440=IFCCARTESIANPOINT((46.499999999994841,120.,865.83034044655369));
#2441=IFCCARTESIANPOINT((52.499999999994834,114.,885.93747435676164));
#2442=IFCCARTESIANPOINT((50.927645138130913,118.04919233162988,869.53124651525525));
#2443=IFCCARTESIANPOINT((52.499999999994834,114.,820.31248137491116));
#2444=IFCCARTESIANPOINT((51.26799402008659,117.64228404045829,84.716860431206527));
#2445=IFCCARTESIANPOINT((50.520997502661224,118.45326611512476,1910.9798814800301));
#2446=IFCCARTESIANPOINT((50.391139377876961,118.56716918349676,715.12679258567118));
#2447=IFCCARTESIANPOINT((50.468409684119621,118.50019161676511,1057.1373842181613));
#2448=IFCCARTESIANPOINT((50.539733260170088,118.43627717745061,926.85229648764721));
#2449=IFCCARTESIANPOINT((50.424458227230176,118.53857110018311,1699.7380504796836));
#2450=IFCCARTESIANPOINT((32.500000000001343,124.,2120.));
#2451=IFCCARTESIANPOINT((28.052914270590907,129.79555495869587,2124.4470857294045));
#2452=IFCCARTESIANPOINT((29.499999999975831,129.19615242366808,2123.));
#2453=IFCCARTESIANPOINT((30.742640687095133,128.24264068808068,2121.7573593129005));
#2454=IFCCARTESIANPOINT((31.696152422682506,127.,2120.8038475773133));
#2455=IFCCARTESIANPOINT((32.295554957710273,125.55291427157657,2120.2044450422854));
#2456=IFCCARTESIANPOINT((26.499999999975838,130.,757.53694803877806));
#2457=IFCCARTESIANPOINT((26.499999999975905,130.,1441.7684740193988));
#2458=IFCCARTESIANPOINT((26.499999999975838,130.,1783.884215516136));
#2459=IFCCARTESIANPOINT((26.499999999975905,130.,1954.942107758078));
#2460=IFCCARTESIANPOINT((26.499999999975905,130.,2040.4710538790487));
#2461=IFCCARTESIANPOINT((26.499999999975905,130.,2083.2355269395343));
#2462=IFCCARTESIANPOINT((32.499999999975827,124.,1059.9999898530016));
#2463=IFCCARTESIANPOINT((32.499999999975827,124.,1589.9999847795023));
#2464=IFCCARTESIANPOINT((32.499999999975827,124.,1854.9999822427528));
#2465=IFCCARTESIANPOINT((32.499999999975827,124.,1987.4999809743781));
#2466=IFCCARTESIANPOINT((32.499999999975827,124.,529.99999492650079));
#2467=IFCCARTESIANPOINT((32.499999999975827,124.,1324.9999873162521));
#2468=IFCCARTESIANPOINT((32.499999999975827,124.,1722.4999835111278));
#2469=IFCCARTESIANPOINT((32.499999999975827,124.,794.99999238975113));
#2470=IFCCARTESIANPOINT((32.499999999975827,124.,1457.4999860478772));
#2471=IFCCARTESIANPOINT((32.499999999975827,124.,662.49999365812607));
#2472=IFCCARTESIANPOINT((26.499999999975838,130.,1099.6527325226618));
#2473=IFCCARTESIANPOINT((26.499999999975905,130.,1869.4131616371069));
#2474=IFCCARTESIANPOINT((26.499999999975838,130.,378.76847401938903));
#2475=IFCCARTESIANPOINT((26.499999999975838,130.,1270.7106247646036));
#2476=IFCCARTESIANPOINT((26.499999999975905,130.,1612.8263232741942));
#2477=IFCCARTESIANPOINT((26.499999999975838,130.,928.59484028071995));
#2478=IFCCARTESIANPOINT((26.499999999975838,130.,843.06589415974906));
#2479=IFCCARTESIANPOINT((26.499999999975838,130.,568.15268953551038));
#2480=IFCCARTESIANPOINT((26.499999999975838,130.,1356.2395708855745));
#2481=IFCCARTESIANPOINT((26.499999999975905,130.,1698.3552693951649));
#2482=IFCCARTESIANPOINT((26.499999999975838,130.,1014.1237864016908));
#2483=IFCCARTESIANPOINT((26.499999999975905,130.,473.46060327102299));
#2484=IFCCARTESIANPOINT((26.499999999975838,130.,662.84481878714416));
#2485=IFCCARTESIANPOINT((32.499999999975827,124.,264.99999746325039));
#2486=IFCCARTESIANPOINT((32.499999999975827,124.,397.49999619487568));
#2487=IFCCARTESIANPOINT((32.499999999975827,124.,927.49999112137641));
#2488=IFCCARTESIANPOINT((32.499999999975827,124.,1192.4999885846269));
#2489=IFCCARTESIANPOINT((26.499999999975838,130.,1185.1816786436325));
#2490=IFCCARTESIANPOINT((26.49999999997577,130.,189.38425850326777));
#2491=IFCCARTESIANPOINT((26.499999999975838,130.,284.07634476775519));
#2492=IFCCARTESIANPOINT((32.499999999975827,124.,132.49999873162531));
#2493=IFCCARTESIANPOINT((26.499999999975838,130.,94.692129251633887));
#2494=IFCCARTESIANPOINT((32.499999999975891,124.,2053.750000634207));
#2495=IFCCARTESIANPOINT((32.499999999975827,124.,2077.2355352938075));
#2496=IFCCARTESIANPOINT((32.499999999975827,124.,66.249999365812656));
#2497=IFCCARTESIANPOINT((30.609552833077906,128.37167879885394,2065.4927646318915));
#2498=IFCCARTESIANPOINT((26.499999999975838,130.,42.764473060485457));
#2499=IFCCARTESIANPOINT((32.499999999975827,124.,1523.74998541369));
#2500=IFCCARTESIANPOINT((26.499999999975905,130.,1527.2973771532234));
#2501=IFCCARTESIANPOINT((26.499999999975905,130.,1570.0618502137088));
#2502=IFCCARTESIANPOINT((32.499999999975827,124.,2020.6249908042926));
#2503=IFCCARTESIANPOINT((26.499999999975905,130.,1997.7065808185632));
#2504=IFCCARTESIANPOINT((32.499999999975827,124.,42.764485000228525));
#2505=IFCCARTESIANPOINT((30.742640687040854,128.242640688135,54.507235469617562));
#2506=IFCCARTESIANPOINT((32.499999999975827,124.,99.375009195727174));
#2507=IFCCARTESIANPOINT((26.499999999975838,130.,142.03821537102408));
#2508=IFCCARTESIANPOINT((30.609448375360135,128.37177699093374,115.93749952273866));
#2509=IFCCARTESIANPOINT((32.499999999975827,124.,198.74999809743775));
#2510=IFCCARTESIANPOINT((30.912374831010343,128.06582689723402,2004.0625005466072));
#2511=IFCCARTESIANPOINT((32.499999999975891,124.,1921.2499816085653));
#2512=IFCCARTESIANPOINT((30.96817887104627,128.00441975619685,1966.4126149641274));
#2513=IFCCARTESIANPOINT((26.499999999975905,130.,1912.1776346975926));
#2514=IFCCARTESIANPOINT((32.499999999975827,124.,1888.1249717786509));
#2515=IFCCARTESIANPOINT((30.901206833195861,128.07791348842255,1904.6874924226704));
#2516=IFCCARTESIANPOINT((32.499999999975827,124.,331.24999682906304));
#2517=IFCCARTESIANPOINT((30.963168323831582,128.01000355618811,153.30703115343493));
#2518=IFCCARTESIANPOINT((30.862606092798973,128.1191829392227,1548.679629881952));
#2519=IFCCARTESIANPOINT((32.499999999975827,124.,1656.249984145315));
#2520=IFCCARTESIANPOINT((32.499999999975827,124.,1391.2499866820644));
#2521=IFCCARTESIANPOINT((32.499999999975827,124.,1954.3749914384798));
#2522=IFCCARTESIANPOINT((32.499999999975827,124.,165.62498826752321));
#2523=IFCCARTESIANPOINT((30.675363819049814,128.30886725098995,1512.8252301399402));
#2524=IFCCARTESIANPOINT((26.499999999975905,130.,1484.5329040927379));
#2525=IFCCARTESIANPOINT((32.499999999975827,124.,1490.6249755837753));
#2526=IFCCARTESIANPOINT((30.862893675149529,128.11887834088964,1474.0624941313697));
#2527=IFCCARTESIANPOINT((31.016811676771248,127.94948253369462,1437.4572608829221));
#2528=IFCCARTESIANPOINT((26.499999999975905,130.,1399.0040439460599));
#2529=IFCCARTESIANPOINT((32.499999999975827,124.,1424.3749965119791));
#2530=IFCCARTESIANPOINT((30.536802365031519,128.43894431976977,1377.6217449438132));
#2531=IFCCARTESIANPOINT((30.745836546273924,128.23944241973771,1340.6888123055533));
#2532=IFCCARTESIANPOINT((26.499999999975905,130.,1313.4750978250888));
#2533=IFCCARTESIANPOINT((32.499999999975827,124.,1258.7499879504394));
#2534=IFCCARTESIANPOINT((32.499999999975827,124.,1291.8749977803539));
#2535=IFCCARTESIANPOINT((30.925997387662402,128.05099335126349,1275.3124949208377));
#2536=IFCCARTESIANPOINT((26.499999999975838,130.,1227.9461517041182));
#2537=IFCCARTESIANPOINT((30.982096404708116,127.98883589864967,1237.9421626346104));
#2538=IFCCARTESIANPOINT((31.198485932976396,127.73151845025201,1308.1117780210718));
#2539=IFCCARTESIANPOINT((32.499999999975827,124.,1358.12497685215));
#2540=IFCCARTESIANPOINT((32.499999999975827,124.,1225.6249781205249));
#2541=IFCCARTESIANPOINT((31.278390261243445,127.62863424968688,2035.0563764160786));
#2542=IFCCARTESIANPOINT((32.499999999975827,124.,728.74999302393849));
#2543=IFCCARTESIANPOINT((26.499999999975838,130.,710.19090490653434));
#2544=IFCCARTESIANPOINT((30.754807238715212,128.23043914615323,686.5178265319862));
#2545=IFCCARTESIANPOINT((32.499999999975827,124.,596.24999429231343));
#2546=IFCCARTESIANPOINT((30.392384032693776,128.56610846899443,1591.4441011190047));
#2547=IFCCARTESIANPOINT((32.499999999975827,124.,1623.1249743154003));
#2548=IFCCARTESIANPOINT((26.499999999975838,130.,1655.5907963346799));
#2549=IFCCARTESIANPOINT((30.758468081910422,128.2267540268239,1639.6874934732248));
#2550=IFCCARTESIANPOINT((30.867608964200837,128.11387796896454,1679.3361762621398));
#2551=IFCCARTESIANPOINT((26.499999999975905,130.,1741.1197424556506));
#2552=IFCCARTESIANPOINT((32.499999999975827,124.,1788.7499828769401));
#2553=IFCCARTESIANPOINT((32.499999999975827,124.,1755.6249730470258));
#2554=IFCCARTESIANPOINT((30.843290461416355,128.13954441642068,1772.1874929475875));
#2555=IFCCARTESIANPOINT((26.499999999975905,130.,1826.6486885766215));
#2556=IFCCARTESIANPOINT((30.916695417440778,128.06113304351797,1810.8657716314767));
#2557=IFCCARTESIANPOINT((30.442597336892192,128.52282281851021,1847.734913234111));
#2558=IFCCARTESIANPOINT((30.56815814811916,128.41022553733652,1715.2090723017518));
#2559=IFCCARTESIANPOINT((31.284864083753494,127.62009332845653,1935.5053726231795));
#2560=IFCCARTESIANPOINT((30.73668292444567,128.24859009621724,651.020635264509));
#2561=IFCCARTESIANPOINT((26.499999999975838,130.,615.49873266775398));
#2562=IFCCARTESIANPOINT((32.499999999975827,124.,629.37500412222801));
#2563=IFCCARTESIANPOINT((30.935861941373261,128.04018920901368,612.81249755139879));
#2564=IFCCARTESIANPOINT((31.000252194251409,127.96834098781194,575.80973102945461));
#2565=IFCCARTESIANPOINT((26.499999999975838,130.,520.80664640326665));
#2566=IFCCARTESIANPOINT((32.499999999975827,124.,463.74999556068809));
#2567=IFCCARTESIANPOINT((26.499999999975838,130.,426.11456013877921));
#2568=IFCCARTESIANPOINT((32.499999999975827,124.,496.87500539060267));
#2569=IFCCARTESIANPOINT((30.902487236020832,128.0765311410928,513.43749794581129));
#2570=IFCCARTESIANPOINT((32.499999999975827,124.,563.12498446239897));
#2571=IFCCARTESIANPOINT((29.679998332713144,129.08798689204008,544.82060434089647));
#2572=IFCCARTESIANPOINT((32.499999999975827,124.,1126.2499892188143));
#2573=IFCCARTESIANPOINT((32.499999999975756,124.,1821.8749927068548));
#2574=IFCCARTESIANPOINT((30.690419431834524,128.29422693780361,721.35769046666974));
#2575=IFCCARTESIANPOINT((32.499999999975827,124.,761.87500285385318));
#2576=IFCCARTESIANPOINT((26.499999999975905,130.,800.30142109926362));
#2577=IFCCARTESIANPOINT((30.620530319622727,128.36133349943074,778.43749689226536));
#2578=IFCCARTESIANPOINT((32.499999999975827,124.,861.24999175556388));
#2579=IFCCARTESIANPOINT((30.894534671668815,128.08510281720589,817.34872618906775));
#2580=IFCCARTESIANPOINT((32.499999999975827,124.,828.12498192564931));
#2581=IFCCARTESIANPOINT((32.499999999975827,124.,1689.3749939752295));
#2582=IFCCARTESIANPOINT((32.499999999975827,124.,993.74999048718917));
#2583=IFCCARTESIANPOINT((30.463396637847264,128.50460731913128,449.78754151688622));
#2584=IFCCARTESIANPOINT((30.811712231142828,128.17242587035747,413.44970809444033));
#2585=IFCCARTESIANPOINT((32.499999999975827,124.,364.37500665897755));
#2586=IFCCARTESIANPOINT((26.499999999975905,130.,331.42238789999885));
#2587=IFCCARTESIANPOINT((30.746847964244985,128.23842923457889,347.81249860269179));
#2588=IFCCARTESIANPOINT((30.802031465313288,128.18240663724711,306.80753788640794));
#2589=IFCCARTESIANPOINT((32.499999999975827,124.,430.62498573077357));
#2590=IFCCARTESIANPOINT((31.222771247163518,127.70073394799643,481.22181056220501));
#2591=IFCCARTESIANPOINT((31.180629218056232,127.75389266363199,380.58796153186302));
#2592=IFCCARTESIANPOINT((30.666336269824388,128.3175967962336,271.8626729578757));
#2593=IFCCARTESIANPOINT((26.499999999975838,130.,236.73030163551149));
#2594=IFCCARTESIANPOINT((32.499999999975827,124.,231.87500792735224));
#2595=IFCCARTESIANPOINT((30.603829311490983,128.3770520890624,215.31249912813419));
#2596=IFCCARTESIANPOINT((31.253108702730724,127.66168781668186,85.354880875426986));
#2597=IFCCARTESIANPOINT((32.499999999975827,124.,1556.8749952436042));
#2598=IFCCARTESIANPOINT((31.247037743145437,127.66955483294352,184.60356179008372));
#2599=IFCCARTESIANPOINT((32.499999999975827,124.,695.62498319402391));
#2600=IFCCARTESIANPOINT((32.499999999975827,124.,298.12498699914852));
#2601=IFCCARTESIANPOINT((30.745375112999668,128.23990449867335,852.05641885444948));
#2602=IFCCARTESIANPOINT((26.499999999975905,130.,885.83036722023462));
#2603=IFCCARTESIANPOINT((32.499999999975827,124.,894.37500158547823));
#2604=IFCCARTESIANPOINT((30.714791223369563,128.27030853117364,910.93749636659504));
#2605=IFCCARTESIANPOINT((26.499999999975838,130.,971.35931334120528));
#2606=IFCCARTESIANPOINT((30.845113556735253,128.13763074558636,951.02593427961654));
#2607=IFCCARTESIANPOINT((30.608154948510691,128.37299244536703,986.54610202275535));
#2608=IFCCARTESIANPOINT((32.499999999975827,124.,1026.8750003171035));
#2609=IFCCARTESIANPOINT((26.499999999975838,130.,1056.8882594621762));
#2610=IFCCARTESIANPOINT((30.81127406124882,128.17287861992401,1043.4374958409483));
#2611=IFCCARTESIANPOINT((30.897084575513052,128.08235804939042,1082.5049608549521));
#2612=IFCCARTESIANPOINT((26.499999999975838,130.,1142.4172055831471));
#2613=IFCCARTESIANPOINT((32.499999999975827,124.,1159.3749990487286));
#2614=IFCCARTESIANPOINT((30.880245367035549,128.10042077502257,1175.9374953151826));
#2615=IFCCARTESIANPOINT((30.500518041167314,128.47167255181992,1118.9313231959497));
#2616=IFCCARTESIANPOINT((29.836607250044526,128.98668748453099,1207.1184228959403));
#2617=IFCCARTESIANPOINT((32.499999999975827,124.,1093.1249793888996));
#2618=IFCCARTESIANPOINT((32.499999999975827,124.,960.62498065727436));
#2619=IFCCARTESIANPOINT((-37.499999999972793,124.,2190.));
#2620=IFCCARTESIANPOINT((-37.295554957707239,125.55291427157627,2189.7955549577027));
#2621=IFCCARTESIANPOINT((-36.696152422679404,127.,2189.1961524226754));
#2622=IFCCARTESIANPOINT((-35.742640687092099,128.24264068808037,2188.2426406870877));
#2623=IFCCARTESIANPOINT((-34.4999999999728,129.19615242366774,2187.));
#2624=IFCCARTESIANPOINT((-33.052914270587877,129.79555495869553,2185.5529142705836));
#2625=IFCCARTESIANPOINT((-37.499999999972793,124.,1095.0000648171958));
#2626=IFCCARTESIANPOINT((-37.499999999972793,124.,1642.5000324085822));
#2627=IFCCARTESIANPOINT((-31.499999999972808,130.,1092.));
#2628=IFCCARTESIANPOINT((-31.499999999972808,130.,1638.));
#2629=IFCCARTESIANPOINT((-31.499999999972808,130.,684.231563772595));
#2630=IFCCARTESIANPOINT((-37.499999999972793,124.,547.49996759138639));
#2631=IFCCARTESIANPOINT((-37.499999999972793,124.,821.25001620429111));
#2632=IFCCARTESIANPOINT((-37.499999999972793,124.,958.12504051074347));
#2633=IFCCARTESIANPOINT((-37.499999999972793,124.,684.37499189783864));
#2634=IFCCARTESIANPOINT((-31.499999999972808,130.,342.11581264258791));
#2635=IFCCARTESIANPOINT((-31.499999999972808,130.,888.11575112999924));
#2636=IFCCARTESIANPOINT((-31.499999999972808,130.,786.17365745129712));
#2637=IFCCARTESIANPOINT((-31.499999999972808,130.,513.17368820759157));
#2638=IFCCARTESIANPOINT((-37.499999999972793,124.,273.74991897848156));
#2639=IFCCARTESIANPOINT((-31.499999999972808,130.,990.05784480870147));
#2640=IFCCARTESIANPOINT((-37.499999999972793,124.,889.68752835751729));
#2641=IFCCARTESIANPOINT((-37.499999999972793,124.,410.62494328493392));
#2642=IFCCARTESIANPOINT((-31.499999999972808,130.,598.70262599009322));
#2643=IFCCARTESIANPOINT((-31.499999999972808,130.,171.05793707758428));
#2644=IFCCARTESIANPOINT((-37.499999999972793,124.,342.18743113170774));
#2645=IFCCARTESIANPOINT((-31.499999999972808,130.,427.6447504250898));
#2646=IFCCARTESIANPOINT((-31.499999999972808,130.,256.58687486008614));
#2647=IFCCARTESIANPOINT((-37.499999999972793,124.,136.87489467202914));
#2648=IFCCARTESIANPOINT((-31.499999999972808,130.,85.528999295082713));
#2649=IFCCARTESIANPOINT((-31.499999999972808,130.,1910.999969243682));
#2650=IFCCARTESIANPOINT((-37.499999999972793,124.,1916.2499513870637));
#2651=IFCCARTESIANPOINT((-37.499999999972793,124.,2018.9420635349265));
#2652=IFCCARTESIANPOINT((-31.499999999972808,130.,2047.499953865535));
#2653=IFCCARTESIANPOINT((-37.499999999972793,124.,2104.4710965846593));
#2654=IFCCARTESIANPOINT((-31.499999999972808,130.,2115.7500076890424));
#2655=IFCCARTESIANPOINT((-31.499999999972736,130.,2081.6249807772883));
#2656=IFCCARTESIANPOINT((-31.499999999972808,130.,1365.0000307562709));
#2657=IFCCARTESIANPOINT((-37.499999999972793,124.,1368.7501134301008));
#2658=IFCCARTESIANPOINT((-37.499999999972793,124.,1505.6251377365534));
#2659=IFCCARTESIANPOINT((-31.499999999972875,130.,1501.5000153781236));
#2660=IFCCARTESIANPOINT((-37.499999999972793,124.,2147.235548292314));
#2661=IFCCARTESIANPOINT((-31.499999999972875,130.,2141.2355311087176));
#2662=IFCCARTESIANPOINT((-31.499999999972736,130.,1774.4999846218291));
#2663=IFCCARTESIANPOINT((-37.499999999972793,124.,1779.3749270806115));
#2664=IFCCARTESIANPOINT((-37.499999999972793,124.,1847.8124392338375));
#2665=IFCCARTESIANPOINT((-31.499999999972808,130.,1842.7499769327555));
#2666=IFCCARTESIANPOINT((-37.499999999972793,124.,1231.8750891236482));
#2667=IFCCARTESIANPOINT((-31.499999999972808,130.,1228.500046134418));
#2668=IFCCARTESIANPOINT((-31.499999999972808,130.,1160.2499923109108));
#2669=IFCCARTESIANPOINT((-37.499999999972793,124.,1163.4375769704222));
#2670=IFCCARTESIANPOINT((-37.499999999972793,124.,68.437512153226194));
#2671=IFCCARTESIANPOINT((-35.88028167212574,128.10038199202015,2128.4927645699031));
#2672=IFCCARTESIANPOINT((-37.499999999972793,124.,2061.7065152425812));
#2673=IFCCARTESIANPOINT((-31.499999999972808,130.,42.764468891250793));
#2674=IFCCARTESIANPOINT((-37.499999999972729,124.,42.764451707654707));
#2675=IFCCARTESIANPOINT((-35.742640687123441,128.24264068804908,55.600985474332383));
#2676=IFCCARTESIANPOINT((-37.499999999972793,124.,1574.0625202553558));
#2677=IFCCARTESIANPOINT((-31.499999999972808,130.,1569.7500076890499));
#2678=IFCCARTESIANPOINT((-31.499999999972808,130.,1535.6249807772963));
#2679=IFCCARTESIANPOINT((-35.863667026841505,128.11805901931172,1552.6874939552213));
#2680=IFCCARTESIANPOINT((-31.499999999972808,130.,1433.2500230671972));
#2681=IFCCARTESIANPOINT((-37.499999999972793,124.,1437.187625583327));
#2682=IFCCARTESIANPOINT((-37.499999999972793,124.,1471.4063168427285));
#2683=IFCCARTESIANPOINT((-35.629872590863144,128.35248806906796,1454.2968693497319));
#2684=IFCCARTESIANPOINT((-37.499999999972793,124.,1710.9375445618084));
#2685=IFCCARTESIANPOINT((-31.499999999972808,130.,1706.2499923109028));
#2686=IFCCARTESIANPOINT((-31.499999999972808,130.,1672.1249653991492));
#2687=IFCCARTESIANPOINT((-35.875280302309939,128.10571824214384,1689.1874934247885));
#2688=IFCCARTESIANPOINT((-37.499999999972793,124.,1300.3126012768746));
#2689=IFCCARTESIANPOINT((-31.499999999972808,130.,1296.7500384453444));
#2690=IFCCARTESIANPOINT((-31.499999999972808,130.,1262.6250115335906));
#2691=IFCCARTESIANPOINT((-35.840946540058937,128.14200231096939,1279.6874950161107));
#2692=IFCCARTESIANPOINT((-37.499999999972793,124.,102.65620341262768));
#2693=IFCCARTESIANPOINT((-31.499999999972808,130.,128.29346818633348));
#2694=IFCCARTESIANPOINT((-35.902483805421234,128.07653484599359,119.7656245256304));
#2695=IFCCARTESIANPOINT((-35.527877605808065,128.44704418698072,2064.5625005176835));
#2696=IFCCARTESIANPOINT((-37.499999999972793,124.,205.31240682525535));
#2697=IFCCARTESIANPOINT((-35.923777478987205,128.05341742532849,157.62326974817634));
#2698=IFCCARTESIANPOINT((-31.499999999972808,130.,1979.2499615546085));
#2699=IFCCARTESIANPOINT((-35.498805649171096,128.47320392878953,2027.6132312928091));
#2700=IFCCARTESIANPOINT((-37.499999999972793,124.,1967.5960722782067));
#2701=IFCCARTESIANPOINT((-35.633534456791914,128.34901056593901,1318.9411979757795));
#2702=IFCCARTESIANPOINT((-31.499999999972808,130.,213.82240596883534));
#2703=IFCCARTESIANPOINT((-35.61528689304091,128.36628146093844,1591.5466123214226));
#2704=IFCCARTESIANPOINT((-35.857302541207169,128.12479267019344,1415.2924633147802));
#2705=IFCCARTESIANPOINT((-35.606737062687131,128.37432402847995,1727.8577555028971));
#2706=IFCCARTESIANPOINT((-37.499999999972793,124.,239.53109808465686));
#2707=IFCCARTESIANPOINT((-35.90160907009038,128.07747931959153,222.42187412754294));
#2708=IFCCARTESIANPOINT((-37.499999999972793,124.,1026.5625526639699));
#2709=IFCCARTESIANPOINT((-31.499999999972808,130.,2013.3749884663623));
#2710=IFCCARTESIANPOINT((-37.499999999972793,124.,479.06245543816016));
#2711=IFCCARTESIANPOINT((-37.499999999972793,124.,752.81250405106493));
#2712=IFCCARTESIANPOINT((-31.499999999972808,130.,735.20261061194617));
#2713=IFCCARTESIANPOINT((-35.222566479821715,128.70558166565522,2096.7811388679024));
#2714=IFCCARTESIANPOINT((-37.499999999972793,124.,171.09371556585387));
#2715=IFCCARTESIANPOINT((-36.19163497833437,127.74012850541314,190.03352874706457));
#2716=IFCCARTESIANPOINT((-37.499999999972793,124.,1266.093910017473));
#2717=IFCCARTESIANPOINT((-36.201172973884894,127.72813259910711,87.578839427431831));
#2718=IFCCARTESIANPOINT((-37.499999999972793,124.,1608.2813411491807));
#2719=IFCCARTESIANPOINT((-37.499999999972793,124.,1745.1562358212097));
#2720=IFCCARTESIANPOINT((-37.499999999972793,124.,1539.8438289959545));
#2721=IFCCARTESIANPOINT((-31.499999999972808,130.,1467.3750499789508));
#2722=IFCCARTESIANPOINT((-37.499999999972793,124.,1676.7187236679836));
#2723=IFCCARTESIANPOINT((-31.499999999972808,130.,1399.1249961554438));
#2724=IFCCARTESIANPOINT((-31.499999999972875,130.,1740.3750192226564));
#2725=IFCCARTESIANPOINT((-37.499999999972793,124.,1334.5312925362759));
#2726=IFCCARTESIANPOINT((-31.499999999972808,130.,1603.8750346008039));
#2727=IFCCARTESIANPOINT((-37.499999999972793,124.,1402.9689343239252));
#2728=IFCCARTESIANPOINT((-31.499999999972808,130.,1330.8750653570978));
#2729=IFCCARTESIANPOINT((-31.499999999972808,130.,1945.1249346428551));
#2730=IFCCARTESIANPOINT((-35.628843613659335,128.3534641863794,1928.062492498306));
#2731=IFCCARTESIANPOINT((-37.499999999972793,124.,1882.0311304932391));
#2732=IFCCARTESIANPOINT((-35.592765585552087,128.38739898686356,1864.9218677576753));
#2733=IFCCARTESIANPOINT((-35.881318824155429,128.09927376113654,1826.4800881240672));
#2734=IFCCARTESIANPOINT((-31.499999999972808,130.,1808.624950021002));
#2735=IFCCARTESIANPOINT((-37.499999999972793,124.,1813.5937479744362));
#2736=IFCCARTESIANPOINT((-31.499999999972808,130.,1876.8750038445091));
#2737=IFCCARTESIANPOINT((-35.194725477219706,128.72747328462782,1896.5139623137156));
#2738=IFCCARTESIANPOINT((-35.737234533994155,128.24803996118948,709.71706824724038));
#2739=IFCCARTESIANPOINT((-37.499999999972793,124.,615.93747974461257));
#2740=IFCCARTESIANPOINT((-35.732741439473635,128.25251689173678,744.38644375402828));
#2741=IFCCARTESIANPOINT((-37.499999999972793,124.,787.03119531046639));
#2742=IFCCARTESIANPOINT((-31.499999999972808,130.,837.14470429064806));
#2743=IFCCARTESIANPOINT((-35.720293551992803,128.26487072992563,804.14062187118452));
#2744=IFCCARTESIANPOINT((-35.996805440899848,127.97224632092274,840.33952439308405));
#2745=IFCCARTESIANPOINT((-37.499999999972793,124.,855.46883709811584));
#2746=IFCCARTESIANPOINT((-35.74464126342977,128.24063916794506,674.89055150339971));
#2747=IFCCARTESIANPOINT((-31.499999999972808,130.,641.46709488134422));
#2748=IFCCARTESIANPOINT((-37.499999999972793,124.,650.15617100401403));
#2749=IFCCARTESIANPOINT((-35.903781798633446,128.07513262086263,633.04687253521126));
#2750=IFCCARTESIANPOINT((-36.003392801572247,127.96477657404849,596.76855709773906));
#2751=IFCCARTESIANPOINT((-31.499999999972808,130.,555.93815709884245));
#2752=IFCCARTESIANPOINT((-37.499999999972793,124.,581.71878848521112));
#2753=IFCCARTESIANPOINT((-35.522688876980823,128.45173833545428,534.55589042586985));
#2754=IFCCARTESIANPOINT((-35.787715467886592,128.19708185222547,497.01458037872402));
#2755=IFCCARTESIANPOINT((-31.499999999972808,130.,470.40921931634057));
#2756=IFCCARTESIANPOINT((-37.499999999972793,124.,444.84376417875865));
#2757=IFCCARTESIANPOINT((-35.953896300940947,128.0202994599843,427.73437333153697));
#2758=IFCCARTESIANPOINT((-31.499999999972808,130.,384.88028153383874));
#2759=IFCCARTESIANPOINT((-35.98781433242403,127.98240160268905,391.12487801368502));
#2760=IFCCARTESIANPOINT((-37.499999999972793,124.,376.40612239110925));
#2761=IFCCARTESIANPOINT((-36.326384399988655,127.5645495690389,565.18487395731438));
#2762=IFCCARTESIANPOINT((-36.038083053645664,127.92502257388563,462.41853467202503));
#2763=IFCCARTESIANPOINT((-37.499999999972793,124.,513.28114669756167));
#2764=IFCCARTESIANPOINT((-37.499999999972793,124.,718.59381279166348));
#2765=IFCCARTESIANPOINT((-31.499999999972808,130.,939.0867979693503));
#2766=IFCCARTESIANPOINT((-35.684723314922316,128.29977799259254,913.60129624660954));
#2767=IFCCARTESIANPOINT((-35.766816107951392,128.21832671906799,878.49230808550601));
#2768=IFCCARTESIANPOINT((-35.746994264303964,128.2382826388627,948.45151840744506));
#2769=IFCCARTESIANPOINT((-37.499999999972793,124.,992.3438614045682));
#2770=IFCCARTESIANPOINT((-31.499999999972808,130.,1041.0288916480524));
#2771=IFCCARTESIANPOINT((-35.680364089777356,128.30401627377796,1009.4531210748996));
#2772=IFCCARTESIANPOINT((-35.990385229392679,127.97950254417022,1045.7183794136192));
#2773=IFCCARTESIANPOINT((-37.499999999972793,124.,1060.7812439233712));
#2774=IFCCARTESIANPOINT((-37.499999999972793,124.,923.90621961691875));
#2775=IFCCARTESIANPOINT((-36.251809382138241,127.66337380055688,979.01542932394329));
#2776=IFCCARTESIANPOINT((-37.499999999972793,124.,307.96873987230629));
#2777=IFCCARTESIANPOINT((-31.499999999972808,130.,299.35134375133714));
#2778=IFCCARTESIANPOINT((-35.744455126384281,128.24082547247949,325.07812372898417));
#2779=IFCCARTESIANPOINT((-35.304883177760807,128.63927408247278,358.311336498157));
#2780=IFCCARTESIANPOINT((-35.404901209176927,128.55540849486766,277.9690630168588));
#2781=IFCCARTESIANPOINT((-31.499999999972808,130.,1126.1250269117377));
#2782=IFCCARTESIANPOINT((-35.829843028726437,128.15360799237692,1143.1874955465571));
#2783=IFCCARTESIANPOINT((-35.643244907204668,128.33976055180921,1182.6472659476071));
#2784=IFCCARTESIANPOINT((-37.499999999972793,124.,1129.2188857110207));
#2785=IFCCARTESIANPOINT((-37.499999999972793,124.,1197.6562682298234));
#2786=IFCCARTESIANPOINT((-31.499999999972808,130.,1194.3750192226644));
#2787=IFCCARTESIANPOINT((-35.661737360032745,128.32202986502745,1516.6744102468624));
#2788=IFCCARTESIANPOINT((-35.079893833921538,128.8150140339267,1485.5121540514583));
#2789=IFCCARTESIANPOINT((-35.655253672245124,128.32826373126537,1653.2229811071045));
#2790=IFCCARTESIANPOINT((-35.062538128557627,128.82786931178333,1622.4186728904372));
#2791=IFCCARTESIANPOINT((-35.675153383289953,128.30907115676433,1243.5760450913972));
#2792=IFCCARTESIANPOINT((-35.039198924381353,128.84500474538243,1213.1414605371417));
#2793=IFCCARTESIANPOINT((-36.019228813786896,127.94671647524611,1990.0109711759299));
#2794=IFCCARTESIANPOINT((-35.18456105056994,128.73539965298866,1959.4368659990862));
#2795=IFCCARTESIANPOINT((-35.836004804388104,128.14717522466307,1763.867290662715));
#2796=IFCCARTESIANPOINT((-36.299076767696199,127.60123064860051,1795.1372550002488));
#2797=IFCCARTESIANPOINT((-35.672084499669175,128.31204254799067,1379.4682315054183));
#2798=IFCCARTESIANPOINT((-34.995051521772751,128.87694728998977,1349.242950776159));
#2799=IFCCARTESIANPOINT((-35.796277277544547,128.18831727096594,1081.3575987250508));
#2800=IFCCARTESIANPOINT((-36.374455418188326,127.49852602999523,1112.2378825275293));
#2801=IFCCARTESIANPOINT((51.499999999991878,47.,2101.));
#2802=IFCCARTESIANPOINT((51.363703305148107,45.964723819578431,2101.1362966948477));
#2803=IFCCARTESIANPOINT((50.964101615129621,45.,2101.535898384866));
#2804=IFCCARTESIANPOINT((50.328427124738084,44.171572875242369,2102.1715728752574));
#2805=IFCCARTESIANPOINT((49.499999999991857,43.53589838485081,2103.));
#2806=IFCCARTESIANPOINT((48.535276180401929,43.136296694832296,2103.9647238195935));
#2807=IFCCARTESIANPOINT((47.499999999991978,43.,2105.));
#2808=IFCCARTESIANPOINT((46.46472381958182,43.136296694832332,2106.0352761804138));
#2809=IFCCARTESIANPOINT((45.499999999991893,43.53589838485086,2107.));
#2810=IFCCARTESIANPOINT((44.671572875245666,44.171572875242454,2107.8284271247499));
#2811=IFCCARTESIANPOINT((44.035898384854129,45.,2108.4641016151413));
#2812=IFCCARTESIANPOINT((43.636296694835643,45.964723819578545,2108.86370330516));
#2813=IFCCARTESIANPOINT((43.499999999991935,47.,2109.));
#2814=IFCCARTESIANPOINT((43.499999999992006,47.,1054.5000074088773));
#2815=IFCCARTESIANPOINT((43.499999999991935,47.,1581.7500037044408));
#2816=IFCCARTESIANPOINT((43.499999999991935,47.,1845.3750018522223));
#2817=IFCCARTESIANPOINT((51.499999999991878,47.,1050.4997993538468));
#2818=IFCCARTESIANPOINT((51.499999999991878,47.,1575.7496990307702));
#2819=IFCCARTESIANPOINT((51.499999999991878,47.,1838.3746488692318));
#2820=IFCCARTESIANPOINT((43.499999999991935,47.,558.67271222720819));
#2821=IFCCARTESIANPOINT((51.499999999991878,47.,525.24989967692341));
#2822=IFCCARTESIANPOINT((51.499999999991878,47.,787.87484951538511));
#2823=IFCCARTESIANPOINT((51.499999999991878,47.,919.1873244346159));
#2824=IFCCARTESIANPOINT((43.499999999991935,47.,279.33634870472838));
#2825=IFCCARTESIANPOINT((43.499999999991935,47.,806.58635981804298));
#2826=IFCCARTESIANPOINT((43.499999999991935,47.,419.00453046596829));
#2827=IFCCARTESIANPOINT((51.499999999991878,47.,262.6249498384617));
#2828=IFCCARTESIANPOINT((43.499999999991935,47.,930.54317620458448));
#2829=IFCCARTESIANPOINT((51.49999999999195,47.,393.93742475769255));
#2830=IFCCARTESIANPOINT((51.499999999991878,47.,1961.3314153050746));
#2831=IFCCARTESIANPOINT((43.499999999991935,47.,1977.1875083349887));
#2832=IFCCARTESIANPOINT((43.499999999991935,47.,1911.2812625024812));
#2833=IFCCARTESIANPOINT((43.499999999991935,47.,139.6681669434885));
#2834=IFCCARTESIANPOINT((51.49999999999195,47.,131.31247491923085));
#2835=IFCCARTESIANPOINT((51.499999999991878,47.,196.96871237884628));
#2836=IFCCARTESIANPOINT((51.499999999991878,47.,2031.1659082986944));
#2837=IFCCARTESIANPOINT((43.499999999991935,47.,2039.1659091193837));
#2838=IFCCARTESIANPOINT((43.499999999991935,47.,69.834090880619939));
#2839=IFCCARTESIANPOINT((51.499999999991815,47.,69.834091701309532));
#2840=IFCCARTESIANPOINT((51.499999999991878,47.,1313.1247491923084));
#2841=IFCCARTESIANPOINT((43.499999999991935,47.,1318.1250055566591));
#2842=IFCCARTESIANPOINT((43.499999999991871,47.,1186.3124990738927));
#2843=IFCCARTESIANPOINT((51.499999999991878,47.,1181.8122742730775));
#2844=IFCCARTESIANPOINT((51.49999999999195,47.,1707.0621739500009));
#2845=IFCCARTESIANPOINT((43.499999999991935,47.,1713.5624953694557));
#2846=IFCCARTESIANPOINT((43.499999999991935,47.,1647.6562495369483));
#2847=IFCCARTESIANPOINT((51.499999999991878,47.,1444.4372241115393));
#2848=IFCCARTESIANPOINT((43.499999999991871,47.,1449.9375120394257));
#2849=IFCCARTESIANPOINT((43.499999999991935,47.,1384.031266206918));
#2850=IFCCARTESIANPOINT((43.499999999991935,47.,682.62954343150113));
#2851=IFCCARTESIANPOINT((51.499999999991878,47.,656.5623745961542));
#2852=IFCCARTESIANPOINT((51.499999999991878,47.,722.21861205576965));
#2853=IFCCARTESIANPOINT((43.499999999991935,47.,744.60795903364749));
#2854=IFCCARTESIANPOINT((43.499999999991935,47.,209.50225782410845));
#2855=IFCCARTESIANPOINT((51.499999999991878,47.,1899.853032087153));
#2856=IFCCARTESIANPOINT((47.948563429610694,43.025230717425309,1930.5926098850719));
#2857=IFCCARTESIANPOINT((46.998437055950852,43.031570258495755,1878.3281197179747));
#2858=IFCCARTESIANPOINT((47.681851665257348,43.0041358917086,1976.5590599765408));
#2859=IFCCARTESIANPOINT((47.500000004072085,43.,100.57329432768999));
#2860=IFCCARTESIANPOINT((47.500000004559645,43.,52.692563027816696));
#2861=IFCCARTESIANPOINT((43.499999999991935,47.,1120.406253241385));
#2862=IFCCARTESIANPOINT((51.499999999991878,47.,1116.1560368134624));
#2863=IFCCARTESIANPOINT((51.499999999991878,47.,1641.4059364903856));
#2864=IFCCARTESIANPOINT((47.791536041965372,43.010638304650556,1674.2343694570568));
#2865=IFCCARTESIANPOINT((47.315442925500491,43.004259932584908,1625.737652578724));
#2866=IFCCARTESIANPOINT((46.937457904029287,43.039754251266672,174.5852226976821));
#2867=IFCCARTESIANPOINT((47.90427154266407,43.020481873407761,223.79191142622705));
#2868=IFCCARTESIANPOINT((47.39821493788677,43.001295234551137,1832.6229490856167));
#2869=IFCCARTESIANPOINT((51.499999999991878,47.,1772.7184114096165));
#2870=IFCCARTESIANPOINT((43.499999999992006,47.,1779.4687412019632));
#2871=IFCCARTESIANPOINT((51.499999999991878,47.,1247.4685117326931));
#2872=IFCCARTESIANPOINT((43.499999999992006,47.,1252.2187449064002));
#2873=IFCCARTESIANPOINT((43.499999999992006,47.,1515.8437578719329));
#2874=IFCCARTESIANPOINT((51.499999999991878,47.,1510.0934615711546));
#2875=IFCCARTESIANPOINT((51.499999999991878,47.,1378.780986651924));
#2876=IFCCARTESIANPOINT((47.749072342752733,43.007762160371364,1411.6093703146473));
#2877=IFCCARTESIANPOINT((47.351610209638736,43.002753388867511,1363.4196346105421));
#2878=IFCCARTESIANPOINT((47.599996256465062,43.001250101746479,1720.101084172278));
#2879=IFCCARTESIANPOINT((47.589849210153254,43.001009237379428,1457.5817296492635));
#2880=IFCCARTESIANPOINT((43.499999999991935,47.,992.52159180673095));
#2881=IFCCARTESIANPOINT((51.499999999991815,47.,984.84356189423124));
#2882=IFCCARTESIANPOINT((47.317803045681444,43.004151620752964,1023.5107916591438));
#2883=IFCCARTESIANPOINT((47.625591642103103,43.00197214372848,1072.4791312135035));
#2884=IFCCARTESIANPOINT((47.36119343075584,43.00240913343697,977.17828806639272));
#2885=IFCCARTESIANPOINT((47.282941481274712,43.00589364193398,1153.3593716380028));
#2886=IFCCARTESIANPOINT((47.621622300475877,43.001849425532328,1201.2602669544312));
#2887=IFCCARTESIANPOINT((47.727241143970112,43.006460033682572,1280.29687074855));
#2888=IFCCARTESIANPOINT((46.866429572533264,43.050495155903711,775.59714956624282));
#2889=IFCCARTESIANPOINT((51.499999999991878,47.,853.53108697500045));
#2890=IFCCARTESIANPOINT((47.809150580338773,43.011964654273712,825.86488460811017));
#2891=IFCCARTESIANPOINT((43.499999999991935,47.,868.56476060243813));
#2892=IFCCARTESIANPOINT((47.775538904043721,43.009501495747053,872.71801224905164));
#2893=IFCCARTESIANPOINT((47.36111438927756,43.00241187874142,729.46594736700683));
#2894=IFCCARTESIANPOINT((47.217754207006273,43.009970261710706,1548.7968705112062));
#2895=IFCCARTESIANPOINT((47.377538960314844,43.00187502773457,1503.1838920388043));
#2896=IFCCARTESIANPOINT((51.49999999999195,47.,328.2811872980771));
#2897=IFCCARTESIANPOINT((43.499999999991935,47.,349.17043958534828));
#2898=IFCCARTESIANPOINT((47.453117327343442,43.000274757549384,269.19577093886124));
#2899=IFCCARTESIANPOINT((43.499999999991935,47.,488.83862134658818));
#2900=IFCCARTESIANPOINT((51.499999999991878,47.,459.59366221730795));
#2901=IFCCARTESIANPOINT((47.750909565223672,43.00787720752902,2055.1331270263991));
#2902=IFCCARTESIANPOINT((43.499999999991935,47.,620.65112782935466));
#2903=IFCCARTESIANPOINT((51.499999999991878,47.,590.90613713653875));
#2904=IFCCARTESIANPOINT((46.768460729140813,43.06746261361797,651.64032851890113));
#2905=IFCCARTESIANPOINT((47.452724013453434,43.000279387108634,604.76747018094909));
#2906=IFCCARTESIANPOINT((47.611385278456204,43.001551135773695,1786.59363402909));
#2907=IFCCARTESIANPOINT((47.620823286729461,43.001825199735116,931.63564097691574));
#2908=IFCCARTESIANPOINT((46.83840592134073,43.055092741877992,1112.7864613785871));
#2909=IFCCARTESIANPOINT((48.048438395434914,43.037776466869353,1321.9751445713446));
#2910=IFCCARTESIANPOINT((48.23080119696003,43.067325387144308,361.10937379817392));
#2911=IFCCARTESIANPOINT((43.499999999991935,47.,314.25340155391405));
#2912=IFCCARTESIANPOINT((47.531773145265099,43.00012619357426,407.27744582356291));
#2913=IFCCARTESIANPOINT((43.499999999991935,47.,453.9215833151539));
#2914=IFCCARTESIANPOINT((47.369657159601068,43.002124221033114,471.38010135670044));
#2915=IFCCARTESIANPOINT((46.649067687041494,43.091558597232648,522.02715311711415));
#2916=IFCCARTESIANPOINT((49.043676270347902,43.309869436940737,562.38734491633147));
#2917=IFCCARTESIANPOINT((47.622367099889779,43.001872151499683,315.71664590425797));
#2918=IFCCARTESIANPOINT((445.00001691514035,-4.,2190.));
#2919=IFCCARTESIANPOINT((445.,-10.,2184.));
#2920=IFCCARTESIANPOINT((206.74999999995336,-10.,2184.));
#2921=IFCCARTESIANPOINT((203.75000845752285,-4.,2190.));
#2922=IFCCARTESIANPOINT((48.028965852480624,-4.,2190.));
#2923=IFCCARTESIANPOINT((87.62498389143154,-10.,2184.));
#2924=IFCCARTESIANPOINT((125.88948715500175,-4.,2190.));
#2925=IFCCARTESIANPOINT((683.25000000004889,-10.,2184.));
#2926=IFCCARTESIANPOINT((686.25002537275793,-4.,2190.));
#2927=IFCCARTESIANPOINT((565.62502114394908,-4.,2190.));
#2928=IFCCARTESIANPOINT((564.12498389152711,-10.,2184.));
#2929=IFCCARTESIANPOINT((841.97106797780009,-4.,2190.));
#2930=IFCCARTESIANPOINT((802.37501610857078,-10.,2184.));
#2931=IFCCARTESIANPOINT((861.93750805433376,-10.,2184.));
#2932=IFCCARTESIANPOINT((764.11054667527901,-4.,2190.));
#2933=IFCCARTESIANPOINT((28.062491945668452,-10.,2184.));
#2934=IFCCARTESIANPOINT((884.73551707380921,-4.,2190.));
#2935=IFCCARTESIANPOINT((5.264482926193037,-4.,2190.));
#2936=IFCCARTESIANPOINT((-10.11777316674706,-10.,2184.));
#2937=IFCCARTESIANPOINT((900.11777316674943,-10.,2184.));
#2938=IFCCARTESIANPOINT((325.87501610847517,-10.,2184.));
#2939=IFCCARTESIANPOINT((324.37501268633156,-4.,2190.));
#2940=IFCCARTESIANPOINT((264.06249365678804,-4.,2190.));
#2941=IFCCARTESIANPOINT((504.56249194576418,-10.,2184.));
#2942=IFCCARTESIANPOINT((505.31250211440545,-4.,2190.));
#2943=IFCCARTESIANPOINT((384.68753171587525,-4.,2190.));
#2944=IFCCARTESIANPOINT((385.43750805423815,-10.,2184.));
#2945=IFCCARTESIANPOINT((623.6875080542859,-10.,2184.));
#2946=IFCCARTESIANPOINT((625.93754017349283,-4.,2190.));
#2947=IFCCARTESIANPOINT((8.9723675079974825,-8.4943636508038729,2187.9750088522173));
#2948=IFCCARTESIANPOINT((44.616794441167983,-8.4325451693725473,2188.043827805725));
#2949=IFCCARTESIANPOINT((86.959226503741178,-4.,2190.));
#2950=IFCCARTESIANPOINT((147.18750805419032,-10.,2184.));
#2951=IFCCARTESIANPOINT((106.42433821882173,-8.2237221617584897,2188.2614752259265));
#2952=IFCCARTESIANPOINT((881.02763261266318,-8.4943636685753976,2187.9750088321239));
#2953=IFCCARTESIANPOINT((845.38320676403248,-8.4325451628067185,2188.0438278129218));
#2954=IFCCARTESIANPOINT((803.04080732653949,-4.,2190.));
#2955=IFCCARTESIANPOINT((742.81249194581198,-10.,2184.));
#2956=IFCCARTESIANPOINT((783.57565333843706,-8.2237221524638588,2188.2614752351387));
#2957=IFCCARTESIANPOINT((142.04178887372203,-8.0654413960647275,2188.4127300230243));
#2958=IFCCARTESIANPOINT((164.81974780626223,-4.,2190.));
#2959=IFCCARTESIANPOINT((176.96877013556974,-10.,2184.));
#2960=IFCCARTESIANPOINT((191.85937300076938,-8.3017517937792729,2188.1826942878506));
#2961=IFCCARTESIANPOINT((266.31249194571637,-10.,2184.));
#2962=IFCCARTESIANPOINT((235.97297960584794,-8.2904999600928253,2188.1942353407203));
#2963=IFCCARTESIANPOINT((747.95820346183234,-8.065441403592633,2188.412730016089));
#2964=IFCCARTESIANPOINT((725.18028602401841,-4.,2190.));
#2965=IFCCARTESIANPOINT((713.03122986443259,-10.,2184.));
#2966=IFCCARTESIANPOINT((698.14061856478861,-8.3017517938039322,2188.1826942878256));
#2967=IFCCARTESIANPOINT((654.02701233121991,-8.290499928152526,2188.1942353733939));
#2968=IFCCARTESIANPOINT((75.337343535511735,-7.7844237296925671,2188.6559786334465));
#2969=IFCCARTESIANPOINT((814.66265103164471,-7.7844234171498723,2188.6559788874843));
#2970=IFCCARTESIANPOINT((474.78124552113189,-8.2426406855284835,2188.2426406888176));
#2971=IFCCARTESIANPOINT((534.3437449996361,-8.2751973227047237,2188.2098322832207));
#2972=IFCCARTESIANPOINT((354.53124656273576,-8.1767740535068185,2188.3075002619703));
#2973=IFCCARTESIANPOINT((415.218746043012,-8.2426406861192394,2188.2426406882269));
#2974=IFCCARTESIANPOINT((593.90624447813582,-8.3066795488859313,2188.1776202872102));
#2975=IFCCARTESIANPOINT((296.09374708753751,-8.3066795492340049,2188.1776202868514));
#2976=IFCCARTESIANPOINT((384.90462664063824,-7.9276239032751707,2188.5358318394069));
#2977=IFCCARTESIANPOINT((521.38422695548115,-10.,2126.));
#2978=IFCCARTESIANPOINT((368.61577304452106,-10.,2126.));
#2979=IFCCARTESIANPOINT((692.44211347773785,-10.,2126.));
#2980=IFCCARTESIANPOINT((197.55788652226437,-10.,2126.));
#2981=IFCCARTESIANPOINT((777.97105673886631,-10.,2126.));
#2982=IFCCARTESIANPOINT((112.02894326113591,-10.,2126.));
#2983=IFCCARTESIANPOINT((820.73552836943065,-10.,2126.));
#2984=IFCCARTESIANPOINT((69.264471630571634,-10.,2126.));
#2985=IFCCARTESIANPOINT((445.00000154532762,-4.,2120.));
#2986=IFCCARTESIANPOINT((238.75000077263334,-4.,2120.));
#2987=IFCCARTESIANPOINT((135.62500038628627,-4.,2120.));
#2988=IFCCARTESIANPOINT((651.25000231802198,-4.,2120.));
#2989=IFCCARTESIANPOINT((341.87500115898047,-4.,2120.));
#2990=IFCCARTESIANPOINT((548.12500193167477,-4.,2120.));
#2991=IFCCARTESIANPOINT((754.37500270436897,-4.,2120.));
#2992=IFCCARTESIANPOINT((283.08682978339272,-10.,2126.));
#2993=IFCCARTESIANPOINT((445.,-10.,2126.));
#2994=IFCCARTESIANPOINT((606.9131702166095,-10.,2126.));
#2995=IFCCARTESIANPOINT((75.26447098547952,-4.,2120.));
#2996=IFCCARTESIANPOINT((814.7355290144543,-4.,2120.));
#2997=IFCCARTESIANPOINT((90.646706760288737,-8.4028962150011566,2121.9239105848887));
#2998=IFCCARTESIANPOINT((126.27847260925236,-8.3274905585887833,2121.8439411138215));
#2999=IFCCARTESIANPOINT((187.18750057945982,-4.,2120.));
#3000=IFCCARTESIANPOINT((154.79341489170005,-10.,2126.));
#3001=IFCCARTESIANPOINT((161.40625048287311,-4.,2120.));
#3002=IFCCARTESIANPOINT((174.29687358620453,-8.3983588657578903,2121.9190149120504));
#3003=IFCCARTESIANPOINT((212.96874824884281,-7.8118703183014526,2121.3664652071525));
#3004=IFCCARTESIANPOINT((240.32235815282849,-10.,2126.));
#3005=IFCCARTESIANPOINT((290.31250096580698,-4.,2120.));
#3006=IFCCARTESIANPOINT((325.85130141395689,-10.,2126.));
#3007=IFCCARTESIANPOINT((261.70459169386305,-8.1906733970622305,2121.7060209037281));
#3008=IFCCARTESIANPOINT((799.3532853314814,-8.4028962707839892,2121.9239106451437));
#3009=IFCCARTESIANPOINT((763.7215213958948,-8.3274905148929719,2121.8439410683236));
#3010=IFCCARTESIANPOINT((702.81250251119548,-4.,2120.));
#3011=IFCCARTESIANPOINT((735.20658510830208,-10.,2126.));
#3012=IFCCARTESIANPOINT((728.59375260778233,-4.,2120.));
#3013=IFCCARTESIANPOINT((715.70311861573077,-8.3983588828774014,2121.9190149305018));
#3014=IFCCARTESIANPOINT((677.03124398968885,-7.8118704352629722,2121.3664653033734));
#3015=IFCCARTESIANPOINT((649.67764184717373,-10.,2126.));
#3016=IFCCARTESIANPOINT((599.68750212484827,-4.,2120.));
#3017=IFCCARTESIANPOINT((628.29540036583546,-8.1906733950027704,2121.7060209017186));
#3018=IFCCARTESIANPOINT((304.46906293552104,-8.4285809139557983,2121.9518311437637));
#3019=IFCCARTESIANPOINT((339.4062784294797,-8.3722024964392112,2121.8910043404517));
#3020=IFCCARTESIANPOINT((393.43750135215407,-4.,2120.));
#3021=IFCCARTESIANPOINT((564.14869858604527,-10.,2126.));
#3022=IFCCARTESIANPOINT((585.53092913781916,-8.4285809218387158,2121.9518311523875));
#3023=IFCCARTESIANPOINT((550.59371436322647,-8.3722024866835341,2121.8910043300712));
#3024=IFCCARTESIANPOINT((496.56250173850123,-4.,2120.));
#3025=IFCCARTESIANPOINT((375.48699677230383,-8.0340604759011303,2121.5585637371632));
#3026=IFCCARTESIANPOINT((406.80788652226113,-10.,2126.));
#3027=IFCCARTESIANPOINT((425.90393946909307,-8.2426406902618741,2121.7573593160159));
#3028=IFCCARTESIANPOINT((464.889640977596,-8.2426406951532858,2121.7573593209077));
#3029=IFCCARTESIANPOINT((483.19211347774109,-10.,2126.));
#3030=IFCCARTESIANPOINT((502.28816572482458,-8.4812823537041062,2122.010249573415));
#3031=IFCCARTESIANPOINT((105.44473568588283,-4.,2120.));
#3032=IFCCARTESIANPOINT((784.55526740477251,-4.,2120.));
#3033=IFCCARTESIANPOINT((331.22348116003201,-0.,2113.461901530392));
#3034=IFCCARTESIANPOINT((168.97270356219542,-0.,2113.4619015303915));
#3035=IFCCARTESIANPOINT((591.09269134521514,-0.,2113.461901530392));
#3036=IFCCARTESIANPOINT((721.02729643780663,-0.,2113.461901530392));
#3037=IFCCARTESIANPOINT((445.,3.4619015303532521,2110.));
#3038=IFCCARTESIANPOINT((646.25000000001103,3.4619015303532437,2110.));
#3039=IFCCARTESIANPOINT((545.62500144889577,3.4619015303532437,2110.));
#3040=IFCCARTESIANPOINT((243.74999999999102,3.4619015303532605,2110.));
#3041=IFCCARTESIANPOINT((746.87499855112628,3.4619015303532437,2110.));
#3042=IFCCARTESIANPOINT((595.93749927556371,3.4619015303532521,2110.));
#3043=IFCCARTESIANPOINT((344.37499855110633,3.4619015303532605,2110.));
#3044=IFCCARTESIANPOINT((143.12500144887574,3.4619015303532521,2110.));
#3045=IFCCARTESIANPOINT((696.56250072445846,3.4619015303532437,2110.));
#3046=IFCCARTESIANPOINT((193.43749927554367,3.4619015303532605,2110.));
#3047=IFCCARTESIANPOINT((461.15808625262355,-0.,2113.461901530392));
#3048=IFCCARTESIANPOINT((785.99459898410237,-0.,2113.461901530392));
#3049=IFCCARTESIANPOINT((656.05999389151089,-0.,2113.461901530392));
#3050=IFCCARTESIANPOINT((104.00540101589972,-0.,2113.4619015303915));
#3051=IFCCARTESIANPOINT((250.09809236111371,-0.,2113.4619015303915));
#3052=IFCCARTESIANPOINT((396.19078370632781,-0.,2113.461901530392));
#3053=IFCCARTESIANPOINT((526.1253887989194,-0.,2113.461901530392));
#3054=IFCCARTESIANPOINT((92.812500724428318,3.4619015303532605,2110.));
#3055=IFCCARTESIANPOINT((495.3125007244484,3.4619015303532437,2110.));
#3056=IFCCARTESIANPOINT((394.68749927555365,3.4619015303532605,2110.));
#3057=IFCCARTESIANPOINT((797.18749927557371,3.4619015303532437,2110.));
#3058=IFCCARTESIANPOINT((818.47825025725047,-0.,2113.461901530392));
#3059=IFCCARTESIANPOINT((71.521749742751766,-0.,2113.4619015303915));
#3060=IFCCARTESIANPOINT((815.01634784951648,3.4619015303532437,2110.));
#3061=IFCCARTESIANPOINT((74.983652150485554,3.4619015303532521,2110.));
#3062=IFCCARTESIANPOINT((806.10191895715604,0.92116837766441195,2111.1104259823887));
#3063=IFCCARTESIANPOINT((83.898075301200024,0.92116846488389403,2111.1104258881496));
#3064=IFCCARTESIANPOINT((294.06250072443839,3.4619015303532521,2110.));
#3065=IFCCARTESIANPOINT((290.66078676057299,-0.,2113.4619015303915));
#3066=IFCCARTESIANPOINT((270.37943956084325,-0.,2113.461901530392));
#3067=IFCCARTESIANPOINT((268.90625181110437,3.4619015303532605,2110.));
#3068=IFCCARTESIANPOINT((280.52011154550416,1.0554675913550948,2110.9731592972012));
#3069=IFCCARTESIANPOINT((302.32911148030905,0.92845072829928021,2111.1025818743046));
#3070=IFCCARTESIANPOINT((319.21874963777231,3.4619015303532605,2110.));
#3071=IFCCARTESIANPOINT((259.00262333357608,1.038217156056686,2110.9899556855521));
#3072=IFCCARTESIANPOINT((209.53539796165452,-0.,2113.4619015303915));
#3073=IFCCARTESIANPOINT((229.81674516138415,-0.,2113.4619015303915));
#3074=IFCCARTESIANPOINT((218.59374818887764,3.4619015303532605,2110.));
#3075=IFCCARTESIANPOINT((219.6760703430671,0.88695782830413394,2111.1479380178648));
#3076=IFCCARTESIANPOINT((198.46872289059544,0.89243214454291653,2111.141860737343));
#3077=IFCCARTESIANPOINT((168.2812503622097,3.4619015303532521,2110.));
#3078=IFCCARTESIANPOINT((827.2553695052552,1.2061143215972414,2110.8358424535922));
#3079=IFCCARTESIANPOINT((772.03124746446031,3.4619015303532437,2110.));
#3080=IFCCARTESIANPOINT((753.5109477109545,-0.,2113.461901530392));
#3081=IFCCARTESIANPOINT((62.701598676403492,1.0088841503934411,2111.0190613924287));
#3082=IFCCARTESIANPOINT((117.96875253554175,3.4619015303532605,2110.));
#3083=IFCCARTESIANPOINT((136.48905228904746,-0.,2113.4619015303915));
#3084=IFCCARTESIANPOINT((239.40084462637506,0.81539453056648048,2111.2301392432946));
#3085=IFCCARTESIANPOINT((189.25405076192496,-0.,2113.4619015303915));
#3086=IFCCARTESIANPOINT((785.02642899754028,1.2097666463298165,2110.8327095118825));
#3087=IFCCARTESIANPOINT((763.68153517439384,0.97104605435253122,2111.0576550364344));
#3088=IFCCARTESIANPOINT((742.62003712229034,0.88835993894107401,2111.1463787204634));
#3089=IFCCARTESIANPOINT((721.71874963779226,3.4619015303532437,2110.));
#3090=IFCCARTESIANPOINT((104.97356765358755,1.2097667141956459,2110.8327094537494));
#3091=IFCCARTESIANPOINT((126.3184631334981,0.97104624940003903,2111.0576548343611));
#3092=IFCCARTESIANPOINT((147.379965584178,0.88835983197877533,2111.1463788393444));
#3093=IFCCARTESIANPOINT((310.94213396030239,-0.,2113.461901530392));
#3094=IFCCARTESIANPOINT((688.54364516465876,-0.,2113.461901530392));
#3095=IFCCARTESIANPOINT((671.40625181112443,3.4619015303532437,2110.));
#3096=IFCCARTESIANPOINT((709.14062018479808,1.0357870951549342,2110.9923406476942));
#3097=IFCCARTESIANPOINT((623.57634261836301,-0.,2113.4619015303915));
#3098=IFCCARTESIANPOINT((689.07206528419465,1.0866992382021716,2110.9433352165165));
#3099=IFCCARTESIANPOINT((658.82812054630438,1.2147256819711281,2110.8284697556014));
#3100=IFCCARTESIANPOINT((636.51359741653903,0.92256442044177256,2111.108918477275));
#3101=IFCCARTESIANPOINT((621.09374818889762,3.4619015303532521,2110.));
#3102=IFCCARTESIANPOINT((608.51562089998095,0.92745702022538901,2111.1036493744273));
#3103=IFCCARTESIANPOINT((331.79687288614792,1.2248738024548538,2110.8198437810906));
#3104=IFCCARTESIANPOINT((363.70713243317982,-0.,2113.4619015303915));
#3105=IFCCARTESIANPOINT((353.30496827202603,0.97769318170757891,2111.050787454586));
#3106=IFCCARTESIANPOINT((369.5312474644403,3.4619015303532521,2110.));
#3107=IFCCARTESIANPOINT((374.36354793950062,0.9009078881535183,2111.132508096332));
#3108=IFCCARTESIANPOINT((588.40799227866455,1.0783338394914068,2110.9512507643335));
#3109=IFCCARTESIANPOINT((558.60904007206727,-0.,2113.461901530392));
#3110=IFCCARTESIANPOINT((570.78125036222968,3.4619015303532437,2110.));
#3111=IFCCARTESIANPOINT((558.20312126608871,1.2251011467676107,2110.8196513056746));
#3112=IFCCARTESIANPOINT((536.65839121189504,0.97505920163523729,2111.0535042545825));
#3113=IFCCARTESIANPOINT((520.46875253556175,3.4619015303532521,2110.));
#3114=IFCCARTESIANPOINT((493.64173752577142,-0.,2113.4619015303915));
#3115=IFCCARTESIANPOINT((470.15624891333505,3.4619015303532521,2110.));
#3116=IFCCARTESIANPOINT((515.64482684091672,0.9053559539858379,2111.1276271416396));
#3117=IFCCARTESIANPOINT((482.73437180243309,1.0648719983981951,2110.9641001714035));
#3118=IFCCARTESIANPOINT((462.63109309863563,1.084890915308143,2110.9450418318802));
#3119=IFCCARTESIANPOINT((428.67443497947568,-0.,2113.4619015303915));
#3120=IFCCARTESIANPOINT((441.24758265479005,0.83619878891818267,2111.2056995625599));
#3121=IFCCARTESIANPOINT((419.84375108666711,3.4619015303532605,2110.));
#3122=IFCCARTESIANPOINT((421.18883962506982,0.94533285754266783,2111.0845828052188));
#3123=IFCCARTESIANPOINT((177.30759510216916,1.029431837795286,2110.9986002088285));
#3124=IFCCARTESIANPOINT((393.76572436152458,1.0075150181414683,2111.0204369996845));
#3125=IFCCARTESIANPOINT((501.3842311685903,120.,2106.));
#3126=IFCCARTESIANPOINT((672.44211798350557,120.,2106.));
#3127=IFCCARTESIANPOINT((217.55788681491003,120.,2106.));
#3128=IFCCARTESIANPOINT((757.97105659254964,120.,2106.));
#3129=IFCCARTESIANPOINT((132.02894340745235,120.,2106.));
#3130=IFCCARTESIANPOINT((800.73552589707162,120.,2106.));
#3131=IFCCARTESIANPOINT((89.264469304516794,120.,2106.));
#3132=IFCCARTESIANPOINT((445.,114.,2100.));
#3133=IFCCARTESIANPOINT((641.24999892159281,114.,2100.));
#3134=IFCCARTESIANPOINT((248.75000107840941,114.,2100.));
#3135=IFCCARTESIANPOINT((739.37500053921156,114.,2100.));
#3136=IFCCARTESIANPOINT((543.12499946079686,114.,2100.));
#3137=IFCCARTESIANPOINT((150.62499946079075,114.,2100.));
#3138=IFCCARTESIANPOINT((586.91317457604794,120.,2106.));
#3139=IFCCARTESIANPOINT((359.47105899175023,120.,2106.));
#3140=IFCCARTESIANPOINT((430.4276426809634,120.,2106.));
#3141=IFCCARTESIANPOINT((346.87500053920519,114.,2100.));
#3142=IFCCARTESIANPOINT((95.264472340533558,114.,2100.));
#3143=IFCCARTESIANPOINT((794.73552765946863,114.,2100.));
#3144=IFCCARTESIANPOINT((288.51447530253682,120.,2106.));
#3145=IFCCARTESIANPOINT((110.64670672214046,118.40289621622023,2101.9239105851739));
#3146=IFCCARTESIANPOINT((145.73993847690303,118.362491603051,2101.8806958085502));
#3147=IFCCARTESIANPOINT((199.68750026960006,114.,2100.));
#3148=IFCCARTESIANPOINT((174.793417510388,120.,2106.));
#3149=IFCCARTESIANPOINT((779.35328607696943,118.40289625050288,2101.9239106222053));
#3150=IFCCARTESIANPOINT((744.26005712091694,118.36249155770817,2101.8806957605307));
#3151=IFCCARTESIANPOINT((690.31249973040212,114.,2100.));
#3152=IFCCARTESIANPOINT((715.20658728802766,120.,2106.));
#3153=IFCCARTESIANPOINT((196.17564919859083,118.55913501845083,2102.0994503089564));
#3154=IFCCARTESIANPOINT((233.00053717099092,118.2355438679804,2101.7502743440837));
#3155=IFCCARTESIANPOINT((297.81250188721873,114.,2100.));
#3156=IFCCARTESIANPOINT((272.14405835010149,118.03073560102334,2101.5555460940191));
#3157=IFCCARTESIANPOINT((253.03618105872349,120.,2106.));
#3158=IFCCARTESIANPOINT((323.99276474793669,120.,2106.));
#3159=IFCCARTESIANPOINT((341.73190779029369,118.45073769526377,2101.976204033936));
#3160=IFCCARTESIANPOINT((395.93749919119176,114.,2100.));
#3161=IFCCARTESIANPOINT((379.97569378493017,118.36359466765673,2101.8818643071427));
#3162=IFCCARTESIANPOINT((417.87283562201145,117.99627337559265,2101.5245336427129));
#3163=IFCCARTESIANPOINT((465.90593692477682,120.,2106.));
#3164=IFCCARTESIANPOINT((494.0625008088104,114.,2100.));
#3165=IFCCARTESIANPOINT((483.64507690660992,118.39260854789224,2101.9128261410324));
#3166=IFCCARTESIANPOINT((544.14870047311229,120.,2106.));
#3167=IFCCARTESIANPOINT((522.76645866079662,118.31750951214062,2101.8335732790706));
#3168=IFCCARTESIANPOINT((592.18749811278337,114.,2100.));
#3169=IFCCARTESIANPOINT((306.75269261270478,118.53747093987518,2102.0742698158797));
#3170=IFCCARTESIANPOINT((560.11989912083141,118.21756204899322,2101.7324280473554));
#3171=IFCCARTESIANPOINT((394.94935323556359,120.,2106.));
#3172=IFCCARTESIANPOINT((450.4884495101341,118.62699928724993,2102.1801992716));
#3173=IFCCARTESIANPOINT((629.67764867898359,120.,2106.));
#3174=IFCCARTESIANPOINT((608.29540113348446,118.38659411411344,2101.9063717698773));
#3175=IFCCARTESIANPOINT((643.21945210077149,118.37353638639674,2101.8924241351779));
#3176=IFCCARTESIANPOINT((693.82434361188098,118.5591350570507,2102.0994503540737));
#3177=IFCCARTESIANPOINT((521.38422369432794,130.,2126.));
#3178=IFCCARTESIANPOINT((692.44210840049413,130.,2126.));
#3179=IFCCARTESIANPOINT((368.61576941230805,130.,2126.));
#3180=IFCCARTESIANPOINT((777.97105075357729,130.,2126.));
#3181=IFCCARTESIANPOINT((197.55788470614189,130.,2126.));
#3182=IFCCARTESIANPOINT((820.73552193011869,130.,2126.));
#3183=IFCCARTESIANPOINT((112.02894235305882,130.,2126.));
#3184=IFCCARTESIANPOINT((69.264471176517191,130.,2126.));
#3185=IFCCARTESIANPOINT((445.00000153961571,124.,2120.));
#3186=IFCCARTESIANPOINT((238.75000076979572,124.,2120.));
#3187=IFCCARTESIANPOINT((651.24999923020641,124.,2120.));
#3188=IFCCARTESIANPOINT((135.62499884527128,124.,2120.));
#3189=IFCCARTESIANPOINT((341.8750026943203,124.,2120.));
#3190=IFCCARTESIANPOINT((754.37499807550182,124.,2120.));
#3191=IFCCARTESIANPOINT((548.12500038491112,124.,2120.));
#3192=IFCCARTESIANPOINT((444.99999310663509,130.,2126.));
#3193=IFCCARTESIANPOINT((283.08682705922496,130.,2126.));
#3194=IFCCARTESIANPOINT((606.9131660474111,130.,2126.));
#3195=IFCCARTESIANPOINT((75.264470375638268,124.,2120.));
#3196=IFCCARTESIANPOINT((814.73552654513469,124.,2120.));
#3197=IFCCARTESIANPOINT((90.646706760673553,128.40289621600672,2121.9239105849629));
#3198=IFCCARTESIANPOINT((126.27847260972938,128.32749055964533,2121.8439411139475));
#3199=IFCCARTESIANPOINT((187.18749826791884,124.,2120.));
#3200=IFCCARTESIANPOINT((154.79341352960034,130.,2126.));
#3201=IFCCARTESIANPOINT((161.40624855659502,124.,2120.));
#3202=IFCCARTESIANPOINT((174.29687358730416,128.39835886687433,2121.9190149122446));
#3203=IFCCARTESIANPOINT((212.96874825043733,127.81187031948396,2121.3664652073626));
#3204=IFCCARTESIANPOINT((240.32235588268338,130.,2126.));
#3205=IFCCARTESIANPOINT((290.3125032716726,124.,2120.));
#3206=IFCCARTESIANPOINT((261.70459169427738,128.19067339829488,2121.7060209040205));
#3207=IFCCARTESIANPOINT((799.35328531921766,128.40289626725459,2121.9239106403197));
#3208=IFCCARTESIANPOINT((763.72152139008779,128.32749051520111,2121.8439410676701));
#3209=IFCCARTESIANPOINT((702.81249865285406,124.,2120.));
#3210=IFCCARTESIANPOINT((735.20657957703577,130.,2126.));
#3211=IFCCARTESIANPOINT((728.59374836417794,124.,2120.));
#3212=IFCCARTESIANPOINT((715.70311862249775,128.39835888341889,2121.9190149300757));
#3213=IFCCARTESIANPOINT((677.03124399645242,127.81187043638258,2121.3664653035316));
#3214=IFCCARTESIANPOINT((649.67763722395262,130.,2126.));
#3215=IFCCARTESIANPOINT((599.68749980755877,124.,2120.));
#3216=IFCCARTESIANPOINT((564.14869487086958,130.,2126.));
#3217=IFCCARTESIANPOINT((628.2954003584797,128.19067339580968,2121.7060209015949));
#3218=IFCCARTESIANPOINT((585.53092913038688,128.42858092287605,2121.9518311524971));
#3219=IFCCARTESIANPOINT((550.59371435619846,128.3722024880359,2121.8910043305141));
#3220=IFCCARTESIANPOINT((496.56250096226336,124.,2120.));
#3221=IFCCARTESIANPOINT((325.85129823576648,130.,2126.));
#3222=IFCCARTESIANPOINT((304.46906293589882,128.42858091519969,2121.9518311440997));
#3223=IFCCARTESIANPOINT((339.40627843001181,128.3722024976677,2121.8910043407627));
#3224=IFCCARTESIANPOINT((393.43750211696795,124.,2120.));
#3225=IFCCARTESIANPOINT((514.51299628191941,128.0340604421892,2121.5585637056979));
#3226=IFCCARTESIANPOINT((483.19210840048152,130.,2126.));
#3227=IFCCARTESIANPOINT((464.09605258900905,128.24264069658224,2121.7573593214024));
#3228=IFCCARTESIANPOINT((425.11035079418718,128.2426406912389,2121.7573593160587));
#3229=IFCCARTESIANPOINT((406.80787781278855,130.,2126.));
#3230=IFCCARTESIANPOINT((387.71182635103168,128.48128234914657,2122.0102495672427));
#3231=IFCCARTESIANPOINT((105.44473461045473,124.,2120.));
#3232=IFCCARTESIANPOINT((784.55526231031831,124.,2120.));
#3233=IFCCARTESIANPOINT((445.,124.,2190.));
#3234=IFCCARTESIANPOINT((445.,130.,2184.));
#3235=IFCCARTESIANPOINT((206.75000791038923,130.,2184.));
#3236=IFCCARTESIANPOINT((203.7499999999946,124.,2190.));
#3237=IFCCARTESIANPOINT((324.37501722490214,124.,2190.));
#3238=IFCCARTESIANPOINT((325.87500395519515,130.,2184.));
#3239=IFCCARTESIANPOINT((683.24999208961287,130.,2184.));
#3240=IFCCARTESIANPOINT((686.24999999998147,124.,2190.));
#3241=IFCCARTESIANPOINT((841.97104869110547,124.,2190.));
#3242=IFCCARTESIANPOINT((802.37498813441891,130.,2184.));
#3243=IFCCARTESIANPOINT((764.11052434554347,124.,2190.));
#3244=IFCCARTESIANPOINT((54.028952836025589,130.,2184.));
#3245=IFCCARTESIANPOINT((83.124982775086963,124.,2190.));
#3246=IFCCARTESIANPOINT((143.43749138754083,124.,2190.));
#3247=IFCCARTESIANPOINT((130.38948037320739,130.,2184.));
#3248=IFCCARTESIANPOINT((861.93748615682182,130.,2184.));
#3249=IFCCARTESIANPOINT((11.264484328401462,130.,2184.));
#3250=IFCCARTESIANPOINT((5.2644584295249883,124.,2190.));
#3251=IFCCARTESIANPOINT((884.73554157045112,124.,2190.));
#3252=IFCCARTESIANPOINT((900.11776574616295,130.,2184.));
#3253=IFCCARTESIANPOINT((564.12499604480706,130.,2184.));
#3254=IFCCARTESIANPOINT((565.62498277507393,124.,2190.));
#3255=IFCCARTESIANPOINT((625.93749138752764,124.,2190.));
#3256=IFCCARTESIANPOINT((384.68749138753429,124.,2190.));
#3257=IFCCARTESIANPOINT((385.43750197759812,130.,2184.));
#3258=IFCCARTESIANPOINT((504.5624980224041,130.,2184.));
#3259=IFCCARTESIANPOINT((505.31250861244189,124.,2190.));
#3260=IFCCARTESIANPOINT((266.31250593279225,130.,2184.));
#3261=IFCCARTESIANPOINT((264.06250861244831,124.,2190.));
#3262=IFCCARTESIANPOINT((44.194720602305978,124.,2190.));
#3263=IFCCARTESIANPOINT((24.729603126067879,128.09374606970138,2188.3864841415875));
#3264=IFCCARTESIANPOINT((-5.4328468445640281,128.46378040327303,2188.0093222020291));
#3265=IFCCARTESIANPOINT((60.528637103230835,128.07304075701308,2188.4057166272087));
#3266=IFCCARTESIANPOINT((92.209216604616458,130.,2184.));
#3267=IFCCARTESIANPOINT((111.29933821407766,127.91288214879727,2188.5485550779185));
#3268=IFCCARTESIANPOINT((881.02763261747737,128.49436367168286,2187.9750088295559));
#3269=IFCCARTESIANPOINT((845.38320676391322,128.43254517113888,2188.0438278047018));
#3270=IFCCARTESIANPOINT((803.04078651832447,124.,2190.));
#3271=IFCCARTESIANPOINT((742.81249011201601,130.,2184.));
#3272=IFCCARTESIANPOINT((783.57565333209129,128.22372216037044,2188.2614752281161));
#3273=IFCCARTESIANPOINT((747.95820345654363,128.06544140678827,2188.4127300138925));
#3274=IFCCARTESIANPOINT((725.18026217276258,124.,2190.));
#3275=IFCCARTESIANPOINT((713.03124110081444,130.,2184.));
#3276=IFCCARTESIANPOINT((698.14061856993169,128.30175179514293,2188.1826942872972));
#3277=IFCCARTESIANPOINT((623.68749406720997,130.,2184.));
#3278=IFCCARTESIANPOINT((654.02701233370522,128.29049992893633,2188.1942353734362));
#3279=IFCCARTESIANPOINT((146.45186066077574,128.4230073258405,2188.0542577870442));
#3280=IFCCARTESIANPOINT((168.56974414179828,130.,2184.));
#3281=IFCCARTESIANPOINT((187.65986594111891,128.32011604075191,2188.1637239825041));
#3282=IFCCARTESIANPOINT((228.41282221332014,128.13842620494967,2188.344355942354));
#3283=IFCCARTESIANPOINT((814.66265080219364,127.78442342836125,2188.6559788790169));
#3284=IFCCARTESIANPOINT((354.53124656065853,128.1767740537542,2188.3075002625237));
#3285=IFCCARTESIANPOINT((414.84374603724302,128.20941227734372,2188.275610867136));
#3286=IFCCARTESIANPOINT((474.78124552438931,128.24264068566751,2188.2426406895006));
#3287=IFCCARTESIANPOINT((535.46874499149237,128.17677405293213,2188.3075002633209));
#3288=IFCCARTESIANPOINT((296.09374708940823,128.30667954987854,2188.1776202870383));
#3289=IFCCARTESIANPOINT((593.90624448238179,128.30667954917348,2188.1776202877654));
#3290=IFCCARTESIANPOINT((262.08599524961181,128.25296933553918,2188.2322868332467));
#3291=IFCCARTESIANPOINT((505.16115944400741,128.53077674420263,2187.9334542202314));
#3292=IFCCARTESIANPOINT((445.,47.,2109.));
#3293=IFCCARTESIANPOINT((444.99999031003006,47.,2101.));
#3294=IFCCARTESIANPOINT((191.16817880283514,47.,2101.));
#3295=IFCCARTESIANPOINT((244.24999999999656,47.,2109.));
#3296=IFCCARTESIANPOINT((143.87499999999423,47.,2109.));
#3297=IFCCARTESIANPOINT((318.08408455643263,47.,2101.));
#3298=IFCCARTESIANPOINT((344.62499999999881,47.,2109.));
#3299=IFCCARTESIANPOINT((698.83180181722491,47.,2101.));
#3300=IFCCARTESIANPOINT((645.75000000000557,47.,2109.));
#3301=IFCCARTESIANPOINT((545.37500000000341,47.,2109.));
#3302=IFCCARTESIANPOINT((571.91589606362754,47.,2101.));
#3303=IFCCARTESIANPOINT((635.37384894042623,47.,2101.));
#3304=IFCCARTESIANPOINT((121.33408940141339,47.,2101.));
#3305=IFCCARTESIANPOINT((113.33408629217293,47.,2109.));
#3306=IFCCARTESIANPOINT((746.12500000000796,47.,2109.));
#3307=IFCCARTESIANPOINT((768.66591059858865,47.,2101.));
#3308=IFCCARTESIANPOINT((776.66590960459951,47.,2109.));
#3309=IFCCARTESIANPOINT((128.60454410567948,43.002510254817835,2105.1416888748481));
#3310=IFCCARTESIANPOINT((87.941464626405605,43.216934358870915,2106.2993899934218));
#3311=IFCCARTESIANPOINT((761.39545184581345,43.002510260685902,2105.1416890404048));
#3312=IFCCARTESIANPOINT((801.96426552371292,43.008306626504833,2105.2576509501009));
#3313=IFCCARTESIANPOINT((695.93750205162166,47.,2109.));
#3314=IFCCARTESIANPOINT((194.06249794838052,47.,2109.));
#3315=IFCCARTESIANPOINT((670.84374662186383,43.001822181934891,2104.879276616919));
#3316=IFCCARTESIANPOINT((254.62613167963391,47.,2101.));
#3317=IFCCARTESIANPOINT((294.43750205161257,47.,2109.));
#3318=IFCCARTESIANPOINT((219.15624889302106,43.001822185443892,2104.8792765007065));
#3319=IFCCARTESIANPOINT((269.34374864448233,43.013167012445571,2105.3242880346875));
#3320=IFCCARTESIANPOINT((316.86944532374969,43.01941807178487,2105.3936591328306));
#3321=IFCCARTESIANPOINT((381.54203743323131,47.,2101.));
#3322=IFCCARTESIANPOINT((365.2568014392703,43.001987695981548,2105.1260857526022));
#3323=IFCCARTESIANPOINT((394.81249794838504,47.,2109.));
#3324=IFCCARTESIANPOINT((419.90624785258433,43.,2105.0000000100063));
#3325=IFCCARTESIANPOINT((508.4579431868288,47.,2101.));
#3326=IFCCARTESIANPOINT((472.27842681765634,43.,2104.9999999147199));
#3327=IFCCARTESIANPOINT((495.18750205161717,47.,2109.));
#3328=IFCCARTESIANPOINT((622.32844322892208,43.011048697272962,2105.2970984762087));
#3329=IFCCARTESIANPOINT((595.56249794838959,47.,2109.));
#3330=IFCCARTESIANPOINT((570.4687471087135,43.030370973048718,2105.4919810854904));
#3331=IFCCARTESIANPOINT((521.80603728675192,43.010986803875291,2105.2962663012163));
#3332=IFCCARTESIANPOINT((716.17844122879683,43.01904566474149,2104.6101249165768));
#3333=IFCCARTESIANPOINT((173.96019385772652,43.038340830474667,2105.5525003390139));
#3334=IFCPOLYLOOP((#379,#380,#381,#382,#383,#384,#385,#386,#387,#388,#389,#390,#391,#392,#393,#394,#395,#396,#397,#398,#399,#400,#401,#402,#403,#404,#405,#365,#366,#367,#368,#369,#370,#371,#372,#373,#374,#375,#376,#377,#378));
#3335=IFCFACEOUTERBOUND(#3334,.T.);
#3336=IFCFACE((#3335));
#3337=IFCPOLYLOOP((#1683,#1138,#1137,#1684,#1685,#1686,#1687,#1688,#1689,#1690,#1691,#1692,#1693,#1694,#1695,#1696,#1016,#1015,#1697,#1698,#771,#770,#1699,#1700,#596,#595,#1701,#1702,#410,#409,#1676,#1675,#1678,#1679,#1491,#1490,#1680,#1681,#1315,#1314,#1682));
#3338=IFCFACEOUTERBOUND(#3337,.T.);
#3339=IFCFACE((#3338));
#3340=IFCPOLYLOOP((#366,#365,#406,#407));
#3341=IFCFACEOUTERBOUND(#3340,.T.);
#3342=IFCFACE((#3341));
#3343=IFCPOLYLOOP((#409,#410,#411,#412,#367,#366,#407,#408));
#3344=IFCFACEOUTERBOUND(#3343,.T.);
#3345=IFCFACE((#3344));
#3346=IFCPOLYLOOP((#368,#367,#412,#413,#450,#449,#504,#426,#497,#425,#511,#476,#518,#456,#573,#459,#574,#421,#482,#481,#520,#460,#580,#463,#579,#451,#474,#473,#524,#454,#522,#468,#513,#420,#561,#498,#557,#432,#562,#439,#533,#430,#529,#501,#552,#431,#536,#527,#540,#429,#551,#499,#544,#441,#548,#444,#569,#438,#494,#487,#502,#446,#484,#464,#466));
#3347=IFCFACEOUTERBOUND(#3346,.T.);
#3348=IFCFACE((#3347));
#3349=IFCPOLYLOOP((#405,#404,#1542,#1541,#1594,#1530,#1608,#1533,#1612,#1512,#1614,#1520,#1624,#1509,#1621,#1547,#1642,#1511,#1596,#1590,#1617,#1510,#1601,#1521,#1650,#1518,#1646,#1582,#1641,#1500,#1567,#1566,#1670,#1543,#1656,#1546,#1657,#1534,#1661,#1558,#1632,#1537,#1564,#1563,#1633,#1501,#1628,#1554,#1631,#1506,#1572,#1550,#1553,#1505,#1576,#1526,#1619,#1525,#1569,#1529,#1539,#1499,#1673));
#3350=IFCFACEOUTERBOUND(#3349,.T.);
#3351=IFCFACE((#3350));
#3352=IFCPOLYLOOP((#449,#503,#505));
#3353=IFCFACEOUTERBOUND(#3352,.T.);
#3354=IFCFACE((#3353));
#3355=IFCPOLYLOOP((#529,#528,#552,#501));
#3356=IFCFACEOUTERBOUND(#3355,.T.);
#3357=IFCFACE((#3356));
#3358=IFCPOLYLOOP((#455,#448,#503));
#3359=IFCFACEOUTERBOUND(#3358,.T.);
#3360=IFCFACE((#3359));
#3361=IFCPOLYLOOP((#517,#455,#503));
#3362=IFCFACEOUTERBOUND(#3361,.T.);
#3363=IFCFACE((#3362));
#3364=IFCPOLYLOOP((#517,#415,#416));
#3365=IFCFACEOUTERBOUND(#3364,.T.);
#3366=IFCFACE((#3365));
#3367=IFCPOLYLOOP((#509,#508,#496));
#3368=IFCFACEOUTERBOUND(#3367,.T.);
#3369=IFCFACE((#3368));
#3370=IFCPOLYLOOP((#466,#464,#467,#369,#368));
#3371=IFCFACEOUTERBOUND(#3370,.T.);
#3372=IFCFACE((#3371));
#3373=IFCPOLYLOOP((#571,#459,#572));
#3374=IFCFACEOUTERBOUND(#3373,.T.);
#3375=IFCFACE((#3374));
#3376=IFCPOLYLOOP((#582,#420,#513));
#3377=IFCFACEOUTERBOUND(#3376,.T.);
#3378=IFCFACE((#3377));
#3379=IFCPOLYLOOP((#418,#419,#455));
#3380=IFCFACEOUTERBOUND(#3379,.T.);
#3381=IFCFACE((#3380));
#3382=IFCPOLYLOOP((#550,#445,#545));
#3383=IFCFACEOUTERBOUND(#3382,.T.);
#3384=IFCFACE((#3383));
#3385=IFCPOLYLOOP((#488,#485,#486));
#3386=IFCFACEOUTERBOUND(#3385,.T.);
#3387=IFCFACE((#3386));
#3388=IFCPOLYLOOP((#586,#456,#518));
#3389=IFCFACEOUTERBOUND(#3388,.T.);
#3390=IFCFACE((#3389));
#3391=IFCPOLYLOOP((#563,#557,#559));
#3392=IFCFACEOUTERBOUND(#3391,.T.);
#3393=IFCFACE((#3392));
#3394=IFCPOLYLOOP((#493,#477,#479));
#3395=IFCFACEOUTERBOUND(#3394,.T.);
#3396=IFCFACE((#3395));
#3397=IFCPOLYLOOP((#506,#507,#508));
#3398=IFCFACEOUTERBOUND(#3397,.T.);
#3399=IFCFACE((#3398));
#3400=IFCPOLYLOOP((#455,#517,#418));
#3401=IFCFACEOUTERBOUND(#3400,.T.);
#3402=IFCFACE((#3401));
#3403=IFCPOLYLOOP((#492,#481,#483));
#3404=IFCFACEOUTERBOUND(#3403,.T.);
#3405=IFCFACE((#3404));
#3406=IFCPOLYLOOP((#526,#552,#528));
#3407=IFCFACEOUTERBOUND(#3406,.T.);
#3408=IFCFACE((#3407));
#3409=IFCPOLYLOOP((#428,#534,#526));
#3410=IFCFACEOUTERBOUND(#3409,.T.);
#3411=IFCFACE((#3410));
#3412=IFCPOLYLOOP((#553,#434,#554));
#3413=IFCFACEOUTERBOUND(#3412,.T.);
#3414=IFCFACE((#3413));
#3415=IFCPOLYLOOP((#547,#545,#445));
#3416=IFCFACEOUTERBOUND(#3415,.T.);
#3417=IFCFACE((#3416));
#3418=IFCPOLYLOOP((#556,#553,#554));
#3419=IFCFACEOUTERBOUND(#3418,.T.);
#3420=IFCFACE((#3419));
#3421=IFCPOLYLOOP((#529,#531,#528));
#3422=IFCFACEOUTERBOUND(#3421,.T.);
#3423=IFCFACE((#3422));
#3424=IFCPOLYLOOP((#539,#541,#549));
#3425=IFCFACEOUTERBOUND(#3424,.T.);
#3426=IFCFACE((#3425));
#3427=IFCPOLYLOOP((#558,#560,#583));
#3428=IFCFACEOUTERBOUND(#3427,.T.);
#3429=IFCFACE((#3428));
#3430=IFCPOLYLOOP((#555,#530,#532));
#3431=IFCFACEOUTERBOUND(#3430,.T.);
#3432=IFCFACE((#3431));
#3433=IFCPOLYLOOP((#431,#526,#534));
#3434=IFCFACEOUTERBOUND(#3433,.T.);
#3435=IFCFACE((#3434));
#3436=IFCPOLYLOOP((#545,#547,#441));
#3437=IFCFACEOUTERBOUND(#3436,.T.);
#3438=IFCFACE((#3437));
#3439=IFCPOLYLOOP((#512,#487,#495));
#3440=IFCFACEOUTERBOUND(#3439,.T.);
#3441=IFCFACE((#3440));
#3442=IFCPOLYLOOP((#548,#567,#444));
#3443=IFCFACEOUTERBOUND(#3442,.T.);
#3444=IFCFACE((#3443));
#3445=IFCPOLYLOOP((#566,#565,#564));
#3446=IFCFACEOUTERBOUND(#3445,.T.);
#3447=IFCFACE((#3446));
#3448=IFCPOLYLOOP((#528,#500,#526));
#3449=IFCFACEOUTERBOUND(#3448,.T.);
#3450=IFCFACE((#3449));
#3451=IFCPOLYLOOP((#488,#486,#446));
#3452=IFCFACEOUTERBOUND(#3451,.T.);
#3453=IFCFACE((#3452));
#3454=IFCPOLYLOOP((#486,#515,#484));
#3455=IFCFACEOUTERBOUND(#3454,.T.);
#3456=IFCFACE((#3455));
#3457=IFCPOLYLOOP((#448,#505,#503));
#3458=IFCFACEOUTERBOUND(#3457,.T.);
#3459=IFCFACE((#3458));
#3460=IFCPOLYLOOP((#414,#450,#413));
#3461=IFCFACEOUTERBOUND(#3460,.T.);
#3462=IFCFACE((#3461));
#3463=IFCPOLYLOOP((#517,#414,#415));
#3464=IFCFACEOUTERBOUND(#3463,.T.);
#3465=IFCFACE((#3464));
#3466=IFCPOLYLOOP((#577,#463,#578));
#3467=IFCFACEOUTERBOUND(#3466,.T.);
#3468=IFCFACE((#3467));
#3469=IFCPOLYLOOP((#490,#473,#475));
#3470=IFCFACEOUTERBOUND(#3469,.T.);
#3471=IFCFACE((#3470));
#3472=IFCPOLYLOOP((#584,#452,#514));
#3473=IFCFACEOUTERBOUND(#3472,.T.);
#3474=IFCFACE((#3473));
#3475=IFCPOLYLOOP((#489,#469,#471));
#3476=IFCFACEOUTERBOUND(#3475,.T.);
#3477=IFCFACE((#3476));
#3478=IFCPOLYLOOP((#450,#414,#517));
#3479=IFCFACEOUTERBOUND(#3478,.T.);
#3480=IFCFACE((#3479));
#3481=IFCPOLYLOOP((#418,#517,#417));
#3482=IFCFACEOUTERBOUND(#3481,.T.);
#3483=IFCFACE((#3482));
#3484=IFCPOLYLOOP((#458,#571,#572));
#3485=IFCFACEOUTERBOUND(#3484,.T.);
#3486=IFCFACE((#3485));
#3487=IFCPOLYLOOP((#456,#587,#573));
#3488=IFCFACEOUTERBOUND(#3487,.T.);
#3489=IFCFACE((#3488));
#3490=IFCPOLYLOOP((#589,#423,#588));
#3491=IFCFACEOUTERBOUND(#3490,.T.);
#3492=IFCFACE((#3491));
#3493=IFCPOLYLOOP((#578,#462,#577));
#3494=IFCFACEOUTERBOUND(#3493,.T.);
#3495=IFCFACE((#3494));
#3496=IFCPOLYLOOP((#588,#423,#519));
#3497=IFCFACEOUTERBOUND(#3496,.T.);
#3498=IFCFACE((#3497));
#3499=IFCPOLYLOOP((#460,#593,#580));
#3500=IFCFACEOUTERBOUND(#3499,.T.);
#3501=IFCFACE((#3500));
#3502=IFCPOLYLOOP((#585,#452,#584));
#3503=IFCFACEOUTERBOUND(#3502,.T.);
#3504=IFCFACE((#3503));
#3505=IFCPOLYLOOP((#484,#515,#464));
#3506=IFCFACEOUTERBOUND(#3505,.T.);
#3507=IFCFACE((#3506));
#3508=IFCPOLYLOOP((#465,#370,#369,#467,#447));
#3509=IFCFACEOUTERBOUND(#3508,.T.);
#3510=IFCFACE((#3509));
#3511=IFCPOLYLOOP((#590,#523,#453,#525));
#3512=IFCFACEOUTERBOUND(#3511,.T.);
#3513=IFCFACE((#3512));
#3514=IFCPOLYLOOP((#469,#470,#471));
#3515=IFCFACEOUTERBOUND(#3514,.T.);
#3516=IFCFACE((#3515));
#3517=IFCPOLYLOOP((#471,#468,#489));
#3518=IFCFACEOUTERBOUND(#3517,.T.);
#3519=IFCFACE((#3518));
#3520=IFCPOLYLOOP((#582,#470,#422));
#3521=IFCFACEOUTERBOUND(#3520,.T.);
#3522=IFCFACE((#3521));
#3523=IFCPOLYLOOP((#582,#513,#471));
#3524=IFCFACEOUTERBOUND(#3523,.T.);
#3525=IFCFACE((#3524));
#3526=IFCPOLYLOOP((#490,#523,#590));
#3527=IFCFACEOUTERBOUND(#3526,.T.);
#3528=IFCFACE((#3527));
#3529=IFCPOLYLOOP((#473,#474,#475));
#3530=IFCFACEOUTERBOUND(#3529,.T.);
#3531=IFCFACE((#3530));
#3532=IFCPOLYLOOP((#475,#472,#490));
#3533=IFCFACEOUTERBOUND(#3532,.T.);
#3534=IFCFACE((#3533));
#3535=IFCPOLYLOOP((#584,#474,#451));
#3536=IFCFACEOUTERBOUND(#3535,.T.);
#3537=IFCFACE((#3536));
#3538=IFCPOLYLOOP((#584,#514,#475));
#3539=IFCFACEOUTERBOUND(#3538,.T.);
#3540=IFCFACE((#3539));
#3541=IFCPOLYLOOP((#479,#477,#478));
#3542=IFCFACEOUTERBOUND(#3541,.T.);
#3543=IFCFACE((#3542));
#3544=IFCPOLYLOOP((#511,#591,#493));
#3545=IFCFACEOUTERBOUND(#3544,.T.);
#3546=IFCFACE((#3545));
#3547=IFCPOLYLOOP((#479,#476,#493));
#3548=IFCFACEOUTERBOUND(#3547,.T.);
#3549=IFCFACE((#3548));
#3550=IFCPOLYLOOP((#586,#478,#457));
#3551=IFCFACEOUTERBOUND(#3550,.T.);
#3552=IFCFACE((#3551));
#3553=IFCPOLYLOOP((#586,#518,#479));
#3554=IFCFACEOUTERBOUND(#3553,.T.);
#3555=IFCFACE((#3554));
#3556=IFCPOLYLOOP((#460,#520,#592));
#3557=IFCFACEOUTERBOUND(#3556,.T.);
#3558=IFCFACE((#3557));
#3559=IFCPOLYLOOP((#481,#482,#483));
#3560=IFCFACEOUTERBOUND(#3559,.T.);
#3561=IFCFACE((#3560));
#3562=IFCPOLYLOOP((#483,#480,#492));
#3563=IFCFACEOUTERBOUND(#3562,.T.);
#3564=IFCFACE((#3563));
#3565=IFCPOLYLOOP((#588,#482,#421));
#3566=IFCFACEOUTERBOUND(#3565,.T.);
#3567=IFCFACE((#3566));
#3568=IFCPOLYLOOP((#588,#519,#483));
#3569=IFCFACEOUTERBOUND(#3568,.T.);
#3570=IFCFACE((#3569));
#3571=IFCPOLYLOOP((#484,#446,#486));
#3572=IFCFACEOUTERBOUND(#3571,.T.);
#3573=IFCFACE((#3572));
#3574=IFCPOLYLOOP((#494,#495,#487));
#3575=IFCFACEOUTERBOUND(#3574,.T.);
#3576=IFCFACE((#3575));
#3577=IFCPOLYLOOP((#447,#467,#515));
#3578=IFCFACEOUTERBOUND(#3577,.T.);
#3579=IFCFACE((#3578));
#3580=IFCPOLYLOOP((#447,#486,#485));
#3581=IFCFACEOUTERBOUND(#3580,.T.);
#3582=IFCFACE((#3581));
#3583=IFCPOLYLOOP((#488,#442,#485));
#3584=IFCFACEOUTERBOUND(#3583,.T.);
#3585=IFCFACE((#3584));
#3586=IFCPOLYLOOP((#488,#446,#502));
#3587=IFCFACEOUTERBOUND(#3586,.T.);
#3588=IFCFACE((#3587));
#3589=IFCPOLYLOOP((#495,#443,#491));
#3590=IFCFACEOUTERBOUND(#3589,.T.);
#3591=IFCFACE((#3590));
#3592=IFCPOLYLOOP((#489,#468,#522));
#3593=IFCFACEOUTERBOUND(#3592,.T.);
#3594=IFCFACE((#3593));
#3595=IFCPOLYLOOP((#590,#525,#489));
#3596=IFCFACEOUTERBOUND(#3595,.T.);
#3597=IFCFACE((#3596));
#3598=IFCPOLYLOOP((#490,#454,#524,#473));
#3599=IFCFACEOUTERBOUND(#3598,.T.);
#3600=IFCFACE((#3599));
#3601=IFCPOLYLOOP((#516,#461,#592));
#3602=IFCFACEOUTERBOUND(#3601,.T.);
#3603=IFCFACE((#3602));
#3604=IFCPOLYLOOP((#512,#442,#488));
#3605=IFCFACEOUTERBOUND(#3604,.T.);
#3606=IFCFACE((#3605));
#3607=IFCPOLYLOOP((#592,#520,#492));
#3608=IFCFACEOUTERBOUND(#3607,.T.);
#3609=IFCFACE((#3608));
#3610=IFCPOLYLOOP((#511,#425,#497,#591));
#3611=IFCFACEOUTERBOUND(#3610,.T.);
#3612=IFCFACE((#3611));
#3613=IFCPOLYLOOP((#493,#424,#521,#477));
#3614=IFCFACEOUTERBOUND(#3613,.T.);
#3615=IFCFACE((#3614));
#3616=IFCPOLYLOOP((#438,#566,#568));
#3617=IFCFACEOUTERBOUND(#3616,.T.);
#3618=IFCFACE((#3617));
#3619=IFCPOLYLOOP((#494,#568,#495));
#3620=IFCFACEOUTERBOUND(#3619,.T.);
#3621=IFCFACE((#3620));
#3622=IFCPOLYLOOP((#491,#442,#512));
#3623=IFCFACEOUTERBOUND(#3622,.T.);
#3624=IFCFACE((#3623));
#3625=IFCPOLYLOOP((#497,#508,#509));
#3626=IFCFACEOUTERBOUND(#3625,.T.);
#3627=IFCFACE((#3626));
#3628=IFCPOLYLOOP((#509,#591,#497));
#3629=IFCFACEOUTERBOUND(#3628,.T.);
#3630=IFCFACE((#3629));
#3631=IFCPOLYLOOP((#563,#432,#557));
#3632=IFCFACEOUTERBOUND(#3631,.T.);
#3633=IFCFACE((#3632));
#3634=IFCPOLYLOOP((#550,#543,#445));
#3635=IFCFACEOUTERBOUND(#3634,.T.);
#3636=IFCFACE((#3635));
#3637=IFCPOLYLOOP((#551,#541,#542));
#3638=IFCFACEOUTERBOUND(#3637,.T.);
#3639=IFCFACE((#3638));
#3640=IFCPOLYLOOP((#500,#428,#526));
#3641=IFCFACEOUTERBOUND(#3640,.T.);
#3642=IFCFACE((#3641));
#3643=IFCPOLYLOOP((#505,#427,#506));
#3644=IFCFACEOUTERBOUND(#3643,.T.);
#3645=IFCFACE((#3644));
#3646=IFCPOLYLOOP((#512,#502,#487));
#3647=IFCFACEOUTERBOUND(#3646,.T.);
#3648=IFCFACE((#3647));
#3649=IFCPOLYLOOP((#450,#503,#449));
#3650=IFCFACEOUTERBOUND(#3649,.T.);
#3651=IFCFACE((#3650));
#3652=IFCPOLYLOOP((#506,#504,#505));
#3653=IFCFACEOUTERBOUND(#3652,.T.);
#3654=IFCFACE((#3653));
#3655=IFCPOLYLOOP((#427,#505,#448));
#3656=IFCFACEOUTERBOUND(#3655,.T.);
#3657=IFCFACE((#3656));
#3658=IFCPOLYLOOP((#449,#505,#504));
#3659=IFCFACEOUTERBOUND(#3658,.T.);
#3660=IFCFACE((#3659));
#3661=IFCPOLYLOOP((#496,#508,#507));
#3662=IFCFACEOUTERBOUND(#3661,.T.);
#3663=IFCFACE((#3662));
#3664=IFCPOLYLOOP((#426,#504,#506));
#3665=IFCFACEOUTERBOUND(#3664,.T.);
#3666=IFCFACE((#3665));
#3667=IFCPOLYLOOP((#506,#427,#507));
#3668=IFCFACEOUTERBOUND(#3667,.T.);
#3669=IFCFACE((#3668));
#3670=IFCPOLYLOOP((#426,#506,#508));
#3671=IFCFACEOUTERBOUND(#3670,.T.);
#3672=IFCFACE((#3671));
#3673=IFCPOLYLOOP((#497,#426,#508));
#3674=IFCFACEOUTERBOUND(#3673,.T.);
#3675=IFCFACE((#3674));
#3676=IFCPOLYLOOP((#509,#496,#510));
#3677=IFCFACEOUTERBOUND(#3676,.T.);
#3678=IFCFACE((#3677));
#3679=IFCPOLYLOOP((#493,#476,#511));
#3680=IFCFACEOUTERBOUND(#3679,.T.);
#3681=IFCFACE((#3680));
#3682=IFCPOLYLOOP((#591,#510,#424));
#3683=IFCFACEOUTERBOUND(#3682,.T.);
#3684=IFCFACE((#3683));
#3685=IFCPOLYLOOP((#512,#495,#491));
#3686=IFCFACEOUTERBOUND(#3685,.T.);
#3687=IFCFACE((#3686));
#3688=IFCPOLYLOOP((#502,#512,#488));
#3689=IFCFACEOUTERBOUND(#3688,.T.);
#3690=IFCFACE((#3689));
#3691=IFCPOLYLOOP((#447,#515,#486));
#3692=IFCFACEOUTERBOUND(#3691,.T.);
#3693=IFCFACE((#3692));
#3694=IFCPOLYLOOP((#513,#468,#471));
#3695=IFCFACEOUTERBOUND(#3694,.T.);
#3696=IFCFACE((#3695));
#3697=IFCPOLYLOOP((#514,#472,#475));
#3698=IFCFACEOUTERBOUND(#3697,.T.);
#3699=IFCFACE((#3698));
#3700=IFCPOLYLOOP((#464,#515,#467));
#3701=IFCFACEOUTERBOUND(#3700,.T.);
#3702=IFCFACE((#3701));
#3703=IFCPOLYLOOP((#492,#480,#516));
#3704=IFCFACEOUTERBOUND(#3703,.T.);
#3705=IFCFACE((#3704));
#3706=IFCPOLYLOOP((#450,#517,#503));
#3707=IFCFACEOUTERBOUND(#3706,.T.);
#3708=IFCFACE((#3707));
#3709=IFCPOLYLOOP((#417,#517,#416));
#3710=IFCFACEOUTERBOUND(#3709,.T.);
#3711=IFCFACE((#3710));
#3712=IFCPOLYLOOP((#490,#472,#523));
#3713=IFCFACEOUTERBOUND(#3712,.T.);
#3714=IFCFACE((#3713));
#3715=IFCPOLYLOOP((#518,#476,#479));
#3716=IFCFACEOUTERBOUND(#3715,.T.);
#3717=IFCFACE((#3716));
#3718=IFCPOLYLOOP((#519,#480,#483));
#3719=IFCFACEOUTERBOUND(#3718,.T.);
#3720=IFCFACE((#3719));
#3721=IFCPOLYLOOP((#520,#481,#492));
#3722=IFCFACEOUTERBOUND(#3721,.T.);
#3723=IFCFACE((#3722));
#3724=IFCPOLYLOOP((#590,#522,#454));
#3725=IFCFACEOUTERBOUND(#3724,.T.);
#3726=IFCFACE((#3725));
#3727=IFCPOLYLOOP((#534,#537,#536));
#3728=IFCFACEOUTERBOUND(#3727,.T.);
#3729=IFCFACE((#3728));
#3730=IFCPOLYLOOP((#525,#469,#489));
#3731=IFCFACEOUTERBOUND(#3730,.T.);
#3732=IFCFACE((#3731));
#3733=IFCPOLYLOOP((#538,#527,#537));
#3734=IFCFACEOUTERBOUND(#3733,.T.);
#3735=IFCFACE((#3734));
#3736=IFCPOLYLOOP((#529,#430,#531));
#3737=IFCFACEOUTERBOUND(#3736,.T.);
#3738=IFCFACE((#3737));
#3739=IFCPOLYLOOP((#435,#500,#528));
#3740=IFCFACEOUTERBOUND(#3739,.T.);
#3741=IFCFACE((#3740));
#3742=IFCPOLYLOOP((#532,#531,#430));
#3743=IFCFACEOUTERBOUND(#3742,.T.);
#3744=IFCFACE((#3743));
#3745=IFCPOLYLOOP((#530,#531,#532));
#3746=IFCFACEOUTERBOUND(#3745,.T.);
#3747=IFCFACE((#3746));
#3748=IFCPOLYLOOP((#528,#531,#435));
#3749=IFCFACEOUTERBOUND(#3748,.T.);
#3750=IFCFACE((#3749));
#3751=IFCPOLYLOOP((#530,#435,#531));
#3752=IFCFACEOUTERBOUND(#3751,.T.);
#3753=IFCFACE((#3752));
#3754=IFCPOLYLOOP((#532,#430,#533));
#3755=IFCFACEOUTERBOUND(#3754,.T.);
#3756=IFCFACE((#3755));
#3757=IFCPOLYLOOP((#555,#439,#554));
#3758=IFCFACEOUTERBOUND(#3757,.T.);
#3759=IFCFACE((#3758));
#3760=IFCPOLYLOOP((#538,#537,#440));
#3761=IFCFACEOUTERBOUND(#3760,.T.);
#3762=IFCFACE((#3761));
#3763=IFCPOLYLOOP((#555,#533,#439));
#3764=IFCFACEOUTERBOUND(#3763,.T.);
#3765=IFCFACE((#3764));
#3766=IFCPOLYLOOP((#537,#534,#535));
#3767=IFCFACEOUTERBOUND(#3766,.T.);
#3768=IFCFACE((#3767));
#3769=IFCPOLYLOOP((#534,#428,#535));
#3770=IFCFACEOUTERBOUND(#3769,.T.);
#3771=IFCFACE((#3770));
#3772=IFCPOLYLOOP((#536,#537,#527));
#3773=IFCFACEOUTERBOUND(#3772,.T.);
#3774=IFCFACE((#3773));
#3775=IFCPOLYLOOP((#536,#431,#534));
#3776=IFCFACEOUTERBOUND(#3775,.T.);
#3777=IFCFACE((#3776));
#3778=IFCPOLYLOOP((#440,#537,#535));
#3779=IFCFACEOUTERBOUND(#3778,.T.);
#3780=IFCFACE((#3779));
#3781=IFCPOLYLOOP((#539,#436,#541));
#3782=IFCFACEOUTERBOUND(#3781,.T.);
#3783=IFCFACE((#3782));
#3784=IFCPOLYLOOP((#549,#540,#538));
#3785=IFCFACEOUTERBOUND(#3784,.T.);
#3786=IFCFACE((#3785));
#3787=IFCPOLYLOOP((#440,#539,#549));
#3788=IFCFACEOUTERBOUND(#3787,.T.);
#3789=IFCFACE((#3788));
#3790=IFCPOLYLOOP((#542,#541,#436));
#3791=IFCFACEOUTERBOUND(#3790,.T.);
#3792=IFCFACE((#3791));
#3793=IFCPOLYLOOP((#540,#527,#538));
#3794=IFCFACEOUTERBOUND(#3793,.T.);
#3795=IFCFACE((#3794));
#3796=IFCPOLYLOOP((#429,#540,#549));
#3797=IFCFACEOUTERBOUND(#3796,.T.);
#3798=IFCFACE((#3797));
#3799=IFCPOLYLOOP((#545,#441,#544));
#3800=IFCFACEOUTERBOUND(#3799,.T.);
#3801=IFCFACE((#3800));
#3802=IFCPOLYLOOP((#551,#429,#541));
#3803=IFCFACEOUTERBOUND(#3802,.T.);
#3804=IFCFACE((#3803));
#3805=IFCPOLYLOOP((#542,#436,#543));
#3806=IFCFACEOUTERBOUND(#3805,.T.);
#3807=IFCFACE((#3806));
#3808=IFCPOLYLOOP((#499,#550,#544));
#3809=IFCFACEOUTERBOUND(#3808,.T.);
#3810=IFCFACE((#3809));
#3811=IFCPOLYLOOP((#550,#499,#542));
#3812=IFCFACEOUTERBOUND(#3811,.T.);
#3813=IFCFACE((#3812));
#3814=IFCPOLYLOOP((#445,#546,#547));
#3815=IFCFACEOUTERBOUND(#3814,.T.);
#3816=IFCFACE((#3815));
#3817=IFCPOLYLOOP((#565,#567,#433));
#3818=IFCFACEOUTERBOUND(#3817,.T.);
#3819=IFCFACE((#3818));
#3820=IFCPOLYLOOP((#567,#546,#433));
#3821=IFCFACEOUTERBOUND(#3820,.T.);
#3822=IFCFACE((#3821));
#3823=IFCPOLYLOOP((#567,#548,#547));
#3824=IFCFACEOUTERBOUND(#3823,.T.);
#3825=IFCFACE((#3824));
#3826=IFCPOLYLOOP((#549,#538,#440));
#3827=IFCFACEOUTERBOUND(#3826,.T.);
#3828=IFCFACE((#3827));
#3829=IFCPOLYLOOP((#548,#441,#547));
#3830=IFCFACEOUTERBOUND(#3829,.T.);
#3831=IFCFACE((#3830));
#3832=IFCPOLYLOOP((#429,#549,#541));
#3833=IFCFACEOUTERBOUND(#3832,.T.);
#3834=IFCFACE((#3833));
#3835=IFCPOLYLOOP((#543,#550,#542));
#3836=IFCFACEOUTERBOUND(#3835,.T.);
#3837=IFCFACE((#3836));
#3838=IFCPOLYLOOP((#544,#550,#545));
#3839=IFCFACEOUTERBOUND(#3838,.T.);
#3840=IFCFACE((#3839));
#3841=IFCPOLYLOOP((#542,#499,#551));
#3842=IFCFACEOUTERBOUND(#3841,.T.);
#3843=IFCFACE((#3842));
#3844=IFCPOLYLOOP((#526,#431,#552));
#3845=IFCFACEOUTERBOUND(#3844,.T.);
#3846=IFCFACE((#3845));
#3847=IFCPOLYLOOP((#437,#553,#556));
#3848=IFCFACEOUTERBOUND(#3847,.T.);
#3849=IFCFACE((#3848));
#3850=IFCPOLYLOOP((#555,#554,#434));
#3851=IFCFACEOUTERBOUND(#3850,.T.);
#3852=IFCFACE((#3851));
#3853=IFCPOLYLOOP((#562,#432,#556));
#3854=IFCFACEOUTERBOUND(#3853,.T.);
#3855=IFCFACE((#3854));
#3856=IFCPOLYLOOP((#530,#555,#434));
#3857=IFCFACEOUTERBOUND(#3856,.T.);
#3858=IFCFACE((#3857));
#3859=IFCPOLYLOOP((#533,#555,#532));
#3860=IFCFACEOUTERBOUND(#3859,.T.);
#3861=IFCFACE((#3860));
#3862=IFCPOLYLOOP((#556,#554,#562));
#3863=IFCFACEOUTERBOUND(#3862,.T.);
#3864=IFCFACE((#3863));
#3865=IFCPOLYLOOP((#557,#498,#559));
#3866=IFCFACEOUTERBOUND(#3865,.T.);
#3867=IFCFACE((#3866));
#3868=IFCPOLYLOOP((#560,#559,#498));
#3869=IFCFACEOUTERBOUND(#3868,.T.);
#3870=IFCFACE((#3869));
#3871=IFCPOLYLOOP((#558,#559,#560));
#3872=IFCFACEOUTERBOUND(#3871,.T.);
#3873=IFCFACE((#3872));
#3874=IFCPOLYLOOP((#563,#437,#556));
#3875=IFCFACEOUTERBOUND(#3874,.T.);
#3876=IFCFACE((#3875));
#3877=IFCPOLYLOOP((#558,#437,#559));
#3878=IFCFACEOUTERBOUND(#3877,.T.);
#3879=IFCFACE((#3878));
#3880=IFCPOLYLOOP((#560,#498,#561));
#3881=IFCFACEOUTERBOUND(#3880,.T.);
#3882=IFCFACE((#3881));
#3883=IFCPOLYLOOP((#561,#583,#560));
#3884=IFCFACEOUTERBOUND(#3883,.T.);
#3885=IFCFACE((#3884));
#3886=IFCPOLYLOOP((#554,#439,#562));
#3887=IFCFACEOUTERBOUND(#3886,.T.);
#3888=IFCFACE((#3887));
#3889=IFCPOLYLOOP((#583,#420,#582));
#3890=IFCFACEOUTERBOUND(#3889,.T.);
#3891=IFCFACE((#3890));
#3892=IFCPOLYLOOP((#437,#563,#559));
#3893=IFCFACEOUTERBOUND(#3892,.T.);
#3894=IFCFACE((#3893));
#3895=IFCPOLYLOOP((#432,#563,#556));
#3896=IFCFACEOUTERBOUND(#3895,.T.);
#3897=IFCFACE((#3896));
#3898=IFCPOLYLOOP((#565,#433,#564));
#3899=IFCFACEOUTERBOUND(#3898,.T.);
#3900=IFCFACE((#3899));
#3901=IFCPOLYLOOP((#571,#458,#570));
#3902=IFCFACEOUTERBOUND(#3901,.T.);
#3903=IFCFACE((#3902));
#3904=IFCPOLYLOOP((#566,#569,#565));
#3905=IFCFACEOUTERBOUND(#3904,.T.);
#3906=IFCFACE((#3905));
#3907=IFCPOLYLOOP((#564,#443,#566));
#3908=IFCFACEOUTERBOUND(#3907,.T.);
#3909=IFCFACE((#3908));
#3910=IFCPOLYLOOP((#568,#443,#495));
#3911=IFCFACEOUTERBOUND(#3910,.T.);
#3912=IFCFACE((#3911));
#3913=IFCPOLYLOOP((#444,#567,#565));
#3914=IFCFACEOUTERBOUND(#3913,.T.);
#3915=IFCFACE((#3914));
#3916=IFCPOLYLOOP((#546,#567,#547));
#3917=IFCFACEOUTERBOUND(#3916,.T.);
#3918=IFCFACE((#3917));
#3919=IFCPOLYLOOP((#438,#568,#494));
#3920=IFCFACEOUTERBOUND(#3919,.T.);
#3921=IFCFACE((#3920));
#3922=IFCPOLYLOOP((#443,#568,#566));
#3923=IFCFACEOUTERBOUND(#3922,.T.);
#3924=IFCFACE((#3923));
#3925=IFCPOLYLOOP((#569,#566,#438));
#3926=IFCFACEOUTERBOUND(#3925,.T.);
#3927=IFCFACE((#3926));
#3928=IFCPOLYLOOP((#569,#444,#565));
#3929=IFCFACEOUTERBOUND(#3928,.T.);
#3930=IFCFACE((#3929));
#3931=IFCPOLYLOOP((#423,#589,#570));
#3932=IFCFACEOUTERBOUND(#3931,.T.);
#3933=IFCFACE((#3932));
#3934=IFCPOLYLOOP((#589,#574,#571));
#3935=IFCFACEOUTERBOUND(#3934,.T.);
#3936=IFCFACE((#3935));
#3937=IFCPOLYLOOP((#456,#586,#587));
#3938=IFCFACEOUTERBOUND(#3937,.T.);
#3939=IFCFACE((#3938));
#3940=IFCPOLYLOOP((#587,#575,#572));
#3941=IFCFACEOUTERBOUND(#3940,.T.);
#3942=IFCFACE((#3941));
#3943=IFCPOLYLOOP((#572,#459,#573));
#3944=IFCFACEOUTERBOUND(#3943,.T.);
#3945=IFCFACE((#3944));
#3946=IFCPOLYLOOP((#577,#462,#576));
#3947=IFCFACEOUTERBOUND(#3946,.T.);
#3948=IFCFACE((#3947));
#3949=IFCPOLYLOOP((#574,#459,#571));
#3950=IFCFACEOUTERBOUND(#3949,.T.);
#3951=IFCFACE((#3950));
#3952=IFCPOLYLOOP((#575,#458,#572));
#3953=IFCFACEOUTERBOUND(#3952,.T.);
#3954=IFCFACE((#3953));
#3955=IFCPOLYLOOP((#452,#585,#576));
#3956=IFCFACEOUTERBOUND(#3955,.T.);
#3957=IFCFACE((#3956));
#3958=IFCPOLYLOOP((#585,#579,#577));
#3959=IFCFACEOUTERBOUND(#3958,.T.);
#3960=IFCFACE((#3959));
#3961=IFCPOLYLOOP((#460,#592,#593));
#3962=IFCFACEOUTERBOUND(#3961,.T.);
#3963=IFCFACE((#3962));
#3964=IFCPOLYLOOP((#593,#581,#578));
#3965=IFCFACEOUTERBOUND(#3964,.T.);
#3966=IFCFACE((#3965));
#3967=IFCPOLYLOOP((#578,#463,#580));
#3968=IFCFACEOUTERBOUND(#3967,.T.);
#3969=IFCFACE((#3968));
#3970=IFCPOLYLOOP((#579,#463,#577));
#3971=IFCFACEOUTERBOUND(#3970,.T.);
#3972=IFCFACE((#3971));
#3973=IFCPOLYLOOP((#470,#582,#471));
#3974=IFCFACEOUTERBOUND(#3973,.T.);
#3975=IFCFACE((#3974));
#3976=IFCPOLYLOOP((#581,#462,#578));
#3977=IFCFACEOUTERBOUND(#3976,.T.);
#3978=IFCFACE((#3977));
#3979=IFCPOLYLOOP((#422,#558,#583));
#3980=IFCFACEOUTERBOUND(#3979,.T.);
#3981=IFCFACE((#3980));
#3982=IFCPOLYLOOP((#420,#583,#561));
#3983=IFCFACEOUTERBOUND(#3982,.T.);
#3984=IFCFACE((#3983));
#3985=IFCPOLYLOOP((#422,#583,#582));
#3986=IFCFACEOUTERBOUND(#3985,.T.);
#3987=IFCFACE((#3986));
#3988=IFCPOLYLOOP((#474,#584,#475));
#3989=IFCFACEOUTERBOUND(#3988,.T.);
#3990=IFCFACE((#3989));
#3991=IFCPOLYLOOP((#585,#584,#451));
#3992=IFCFACEOUTERBOUND(#3991,.T.);
#3993=IFCFACE((#3992));
#3994=IFCPOLYLOOP((#579,#585,#451));
#3995=IFCFACEOUTERBOUND(#3994,.T.);
#3996=IFCFACE((#3995));
#3997=IFCPOLYLOOP((#576,#585,#577));
#3998=IFCFACEOUTERBOUND(#3997,.T.);
#3999=IFCFACE((#3998));
#4000=IFCPOLYLOOP((#478,#586,#479));
#4001=IFCFACEOUTERBOUND(#4000,.T.);
#4002=IFCFACE((#4001));
#4003=IFCPOLYLOOP((#587,#586,#457));
#4004=IFCFACEOUTERBOUND(#4003,.T.);
#4005=IFCFACE((#4004));
#4006=IFCPOLYLOOP((#575,#587,#457));
#4007=IFCFACEOUTERBOUND(#4006,.T.);
#4008=IFCFACE((#4007));
#4009=IFCPOLYLOOP((#573,#587,#572));
#4010=IFCFACEOUTERBOUND(#4009,.T.);
#4011=IFCFACE((#4010));
#4012=IFCPOLYLOOP((#482,#588,#483));
#4013=IFCFACEOUTERBOUND(#4012,.T.);
#4014=IFCFACE((#4013));
#4015=IFCPOLYLOOP((#589,#588,#421));
#4016=IFCFACEOUTERBOUND(#4015,.T.);
#4017=IFCFACE((#4016));
#4018=IFCPOLYLOOP((#574,#589,#421));
#4019=IFCFACEOUTERBOUND(#4018,.T.);
#4020=IFCFACE((#4019));
#4021=IFCPOLYLOOP((#570,#589,#571));
#4022=IFCFACEOUTERBOUND(#4021,.T.);
#4023=IFCFACE((#4022));
#4024=IFCPOLYLOOP((#522,#590,#489));
#4025=IFCFACEOUTERBOUND(#4024,.T.);
#4026=IFCFACE((#4025));
#4027=IFCPOLYLOOP((#490,#590,#454));
#4028=IFCFACEOUTERBOUND(#4027,.T.);
#4029=IFCFACE((#4028));
#4030=IFCPOLYLOOP((#510,#591,#509));
#4031=IFCFACEOUTERBOUND(#4030,.T.);
#4032=IFCFACE((#4031));
#4033=IFCPOLYLOOP((#493,#591,#424));
#4034=IFCFACEOUTERBOUND(#4033,.T.);
#4035=IFCFACE((#4034));
#4036=IFCPOLYLOOP((#516,#592,#492));
#4037=IFCFACEOUTERBOUND(#4036,.T.);
#4038=IFCFACE((#4037));
#4039=IFCPOLYLOOP((#593,#592,#461));
#4040=IFCFACEOUTERBOUND(#4039,.T.);
#4041=IFCFACE((#4040));
#4042=IFCPOLYLOOP((#581,#593,#461));
#4043=IFCFACEOUTERBOUND(#4042,.T.);
#4044=IFCFACE((#4043));
#4045=IFCPOLYLOOP((#580,#593,#578));
#4046=IFCFACEOUTERBOUND(#4045,.T.);
#4047=IFCFACE((#4046));
#4048=IFCPOLYLOOP((#370,#598,#610));
#4049=IFCFACEOUTERBOUND(#4048,.T.);
#4050=IFCFACE((#4049));
#4051=IFCPOLYLOOP((#595,#596,#1928));
#4052=IFCFACEOUTERBOUND(#4051,.T.);
#4053=IFCFACE((#4052));
#4054=IFCPOLYLOOP((#419,#597,#2984));
#4055=IFCFACEOUTERBOUND(#4054,.T.);
#4056=IFCFACE((#4055));
#4057=IFCPOLYLOOP((#598,#370,#465));
#4058=IFCFACEOUTERBOUND(#4057,.T.);
#4059=IFCFACE((#4058));
#4060=IFCPOLYLOOP((#597,#594,#1745));
#4061=IFCFACEOUTERBOUND(#4060,.T.);
#4062=IFCFACE((#4061));
#4063=IFCPOLYLOOP((#597,#419,#2937));
#4064=IFCFACEOUTERBOUND(#4063,.T.);
#4065=IFCFACE((#4064));
#4066=IFCPOLYLOOP((#370,#610,#609));
#4067=IFCFACEOUTERBOUND(#4066,.T.);
#4068=IFCFACE((#4067));
#4069=IFCPOLYLOOP((#370,#609,#652));
#4070=IFCFACEOUTERBOUND(#4069,.T.);
#4071=IFCFACE((#4070));
#4072=IFCPOLYLOOP((#370,#652,#608));
#4073=IFCFACEOUTERBOUND(#4072,.T.);
#4074=IFCFACE((#4073));
#4075=IFCPOLYLOOP((#370,#608,#662));
#4076=IFCFACEOUTERBOUND(#4075,.T.);
#4077=IFCFACE((#4076));
#4078=IFCPOLYLOOP((#370,#662,#622));
#4079=IFCFACEOUTERBOUND(#4078,.T.);
#4080=IFCFACE((#4079));
#4081=IFCPOLYLOOP((#370,#622,#704));
#4082=IFCFACEOUTERBOUND(#4081,.T.);
#4083=IFCFACE((#4082));
#4084=IFCPOLYLOOP((#370,#704,#607));
#4085=IFCFACEOUTERBOUND(#4084,.T.);
#4086=IFCFACE((#4085));
#4087=IFCPOLYLOOP((#370,#607,#700));
#4088=IFCFACEOUTERBOUND(#4087,.T.);
#4089=IFCFACE((#4088));
#4090=IFCPOLYLOOP((#370,#700,#630));
#4091=IFCFACEOUTERBOUND(#4090,.T.);
#4092=IFCFACE((#4091));
#4093=IFCPOLYLOOP((#370,#630,#697));
#4094=IFCFACEOUTERBOUND(#4093,.T.);
#4095=IFCFACE((#4094));
#4096=IFCPOLYLOOP((#370,#697,#625));
#4097=IFCFACEOUTERBOUND(#4096,.T.);
#4098=IFCFACE((#4097));
#4099=IFCPOLYLOOP((#370,#625,#650));
#4100=IFCFACEOUTERBOUND(#4099,.T.);
#4101=IFCFACE((#4100));
#4102=IFCPOLYLOOP((#370,#650,#649));
#4103=IFCFACEOUTERBOUND(#4102,.T.);
#4104=IFCFACE((#4103));
#4105=IFCPOLYLOOP((#370,#649,#673));
#4106=IFCFACEOUTERBOUND(#4105,.T.);
#4107=IFCFACE((#4106));
#4108=IFCPOLYLOOP((#370,#673,#606));
#4109=IFCFACEOUTERBOUND(#4108,.T.);
#4110=IFCFACE((#4109));
#4111=IFCPOLYLOOP((#370,#606,#677));
#4112=IFCFACEOUTERBOUND(#4111,.T.);
#4113=IFCFACE((#4112));
#4114=IFCPOLYLOOP((#370,#677,#629));
#4115=IFCFACEOUTERBOUND(#4114,.T.);
#4116=IFCFACE((#4115));
#4117=IFCPOLYLOOP((#370,#629,#681));
#4118=IFCFACEOUTERBOUND(#4117,.T.);
#4119=IFCFACE((#4118));
#4120=IFCPOLYLOOP((#370,#681,#624));
#4121=IFCFACEOUTERBOUND(#4120,.T.);
#4122=IFCFACE((#4121));
#4123=IFCPOLYLOOP((#370,#624,#685));
#4124=IFCFACEOUTERBOUND(#4123,.T.);
#4125=IFCFACE((#4124));
#4126=IFCPOLYLOOP((#370,#685,#638));
#4127=IFCFACEOUTERBOUND(#4126,.T.);
#4128=IFCFACE((#4127));
#4129=IFCPOLYLOOP((#370,#638,#761));
#4130=IFCFACEOUTERBOUND(#4129,.T.);
#4131=IFCFACE((#4130));
#4132=IFCPOLYLOOP((#370,#761,#621));
#4133=IFCFACEOUTERBOUND(#4132,.T.);
#4134=IFCFACE((#4133));
#4135=IFCPOLYLOOP((#370,#621,#758));
#4136=IFCFACEOUTERBOUND(#4135,.T.);
#4137=IFCFACE((#4136));
#4138=IFCPOLYLOOP((#370,#758,#631));
#4139=IFCFACEOUTERBOUND(#4138,.T.);
#4140=IFCFACE((#4139));
#4141=IFCPOLYLOOP((#370,#631,#754));
#4142=IFCFACEOUTERBOUND(#4141,.T.);
#4143=IFCFACE((#4142));
#4144=IFCPOLYLOOP((#370,#754,#626));
#4145=IFCFACEOUTERBOUND(#4144,.T.);
#4146=IFCFACE((#4145));
#4147=IFCPOLYLOOP((#370,#626,#751));
#4148=IFCFACEOUTERBOUND(#4147,.T.);
#4149=IFCFACE((#4148));
#4150=IFCPOLYLOOP((#370,#751,#627));
#4151=IFCFACEOUTERBOUND(#4150,.T.);
#4152=IFCFACE((#4151));
#4153=IFCPOLYLOOP((#370,#627,#725));
#4154=IFCFACEOUTERBOUND(#4153,.T.);
#4155=IFCFACE((#4154));
#4156=IFCPOLYLOOP((#370,#725,#605));
#4157=IFCFACEOUTERBOUND(#4156,.T.);
#4158=IFCFACE((#4157));
#4159=IFCPOLYLOOP((#370,#605,#692));
#4160=IFCFACEOUTERBOUND(#4159,.T.);
#4161=IFCFACE((#4160));
#4162=IFCPOLYLOOP((#370,#692,#633));
#4163=IFCFACEOUTERBOUND(#4162,.T.);
#4164=IFCFACE((#4163));
#4165=IFCPOLYLOOP((#370,#633,#710));
#4166=IFCFACEOUTERBOUND(#4165,.T.);
#4167=IFCFACE((#4166));
#4168=IFCPOLYLOOP((#370,#710,#628));
#4169=IFCFACEOUTERBOUND(#4168,.T.);
#4170=IFCFACE((#4169));
#4171=IFCPOLYLOOP((#370,#628,#714));
#4172=IFCFACEOUTERBOUND(#4171,.T.);
#4173=IFCFACE((#4172));
#4174=IFCPOLYLOOP((#370,#714,#632));
#4175=IFCFACEOUTERBOUND(#4174,.T.);
#4176=IFCFACE((#4175));
#4177=IFCPOLYLOOP((#370,#632,#716));
#4178=IFCFACEOUTERBOUND(#4177,.T.);
#4179=IFCFACE((#4178));
#4180=IFCPOLYLOOP((#370,#716,#623));
#4181=IFCFACEOUTERBOUND(#4180,.T.);
#4182=IFCFACE((#4181));
#4183=IFCPOLYLOOP((#370,#623,#735));
#4184=IFCFACEOUTERBOUND(#4183,.T.);
#4185=IFCFACE((#4184));
#4186=IFCPOLYLOOP((#370,#735,#640));
#4187=IFCFACEOUTERBOUND(#4186,.T.);
#4188=IFCFACE((#4187));
#4189=IFCPOLYLOOP((#370,#640,#742));
#4190=IFCFACEOUTERBOUND(#4189,.T.);
#4191=IFCFACE((#4190));
#4192=IFCPOLYLOOP((#370,#742,#639));
#4193=IFCFACEOUTERBOUND(#4192,.T.);
#4194=IFCFACE((#4193));
#4195=IFCPOLYLOOP((#370,#639,#656));
#4196=IFCFACEOUTERBOUND(#4195,.T.);
#4197=IFCFACE((#4196));
#4198=IFCPOLYLOOP((#370,#656,#642));
#4199=IFCFACEOUTERBOUND(#4198,.T.);
#4200=IFCFACE((#4199));
#4201=IFCPOLYLOOP((#370,#642,#647));
#4202=IFCFACEOUTERBOUND(#4201,.T.);
#4203=IFCFACE((#4202));
#4204=IFCPOLYLOOP((#370,#647,#371));
#4205=IFCFACEOUTERBOUND(#4204,.T.);
#4206=IFCFACE((#4205));
#4207=IFCPOLYLOOP((#595,#1928,#1923));
#4208=IFCFACEOUTERBOUND(#4207,.T.);
#4209=IFCFACE((#4208));
#4210=IFCPOLYLOOP((#595,#1923,#1937));
#4211=IFCFACEOUTERBOUND(#4210,.T.);
#4212=IFCFACE((#4211));
#4213=IFCPOLYLOOP((#595,#1937,#1919));
#4214=IFCFACEOUTERBOUND(#4213,.T.);
#4215=IFCFACE((#4214));
#4216=IFCPOLYLOOP((#595,#1919,#2022));
#4217=IFCFACEOUTERBOUND(#4216,.T.);
#4218=IFCFACE((#4217));
#4219=IFCPOLYLOOP((#595,#2022,#1921));
#4220=IFCFACEOUTERBOUND(#4219,.T.);
#4221=IFCFACE((#4220));
#4222=IFCPOLYLOOP((#595,#1921,#2016));
#4223=IFCFACEOUTERBOUND(#4222,.T.);
#4224=IFCFACE((#4223));
#4225=IFCPOLYLOOP((#595,#2016,#1904));
#4226=IFCFACEOUTERBOUND(#4225,.T.);
#4227=IFCFACE((#4226));
#4228=IFCPOLYLOOP((#595,#1904,#2012));
#4229=IFCFACEOUTERBOUND(#4228,.T.);
#4230=IFCFACE((#4229));
#4231=IFCPOLYLOOP((#595,#2012,#1914));
#4232=IFCFACEOUTERBOUND(#4231,.T.);
#4233=IFCFACE((#4232));
#4234=IFCPOLYLOOP((#595,#1914,#2003));
#4235=IFCFACEOUTERBOUND(#4234,.T.);
#4236=IFCFACE((#4235));
#4237=IFCPOLYLOOP((#595,#2003,#1909));
#4238=IFCFACEOUTERBOUND(#4237,.T.);
#4239=IFCFACE((#4238));
#4240=IFCPOLYLOOP((#595,#1909,#1969));
#4241=IFCFACEOUTERBOUND(#4240,.T.);
#4242=IFCFACE((#4241));
#4243=IFCPOLYLOOP((#595,#1969,#1910));
#4244=IFCFACEOUTERBOUND(#4243,.T.);
#4245=IFCFACE((#4244));
#4246=IFCPOLYLOOP((#595,#1910,#1988));
#4247=IFCFACEOUTERBOUND(#4246,.T.);
#4248=IFCFACE((#4247));
#4249=IFCPOLYLOOP((#595,#1988,#1886));
#4250=IFCFACEOUTERBOUND(#4249,.T.);
#4251=IFCFACE((#4250));
#4252=IFCPOLYLOOP((#595,#1886,#1992));
#4253=IFCFACEOUTERBOUND(#4252,.T.);
#4254=IFCFACE((#4253));
#4255=IFCPOLYLOOP((#595,#1992,#1913));
#4256=IFCFACEOUTERBOUND(#4255,.T.);
#4257=IFCFACE((#4256));
#4258=IFCPOLYLOOP((#595,#1913,#2040));
#4259=IFCFACEOUTERBOUND(#4258,.T.);
#4260=IFCFACE((#4259));
#4261=IFCPOLYLOOP((#595,#2040,#1908));
#4262=IFCFACEOUTERBOUND(#4261,.T.);
#4263=IFCFACE((#4262));
#4264=IFCPOLYLOOP((#595,#1908,#2037));
#4265=IFCFACEOUTERBOUND(#4264,.T.);
#4266=IFCFACE((#4265));
#4267=IFCPOLYLOOP((#595,#2037,#1911));
#4268=IFCFACEOUTERBOUND(#4267,.T.);
#4269=IFCFACE((#4268));
#4270=IFCPOLYLOOP((#595,#1911,#2027));
#4271=IFCFACEOUTERBOUND(#4270,.T.);
#4272=IFCFACE((#4271));
#4273=IFCPOLYLOOP((#595,#2027,#1903));
#4274=IFCFACEOUTERBOUND(#4273,.T.);
#4275=IFCFACE((#4274));
#4276=IFCPOLYLOOP((#595,#1903,#2032));
#4277=IFCFACEOUTERBOUND(#4276,.T.);
#4278=IFCFACE((#4277));
#4279=IFCPOLYLOOP((#595,#2032,#1920));
#4280=IFCFACEOUTERBOUND(#4279,.T.);
#4281=IFCFACE((#4280));
#4282=IFCPOLYLOOP((#595,#1920,#2034));
#4283=IFCFACEOUTERBOUND(#4282,.T.);
#4284=IFCFACE((#4283));
#4285=IFCPOLYLOOP((#595,#2034,#1907));
#4286=IFCFACEOUTERBOUND(#4285,.T.);
#4287=IFCFACE((#4286));
#4288=IFCPOLYLOOP((#595,#1907,#1958));
#4289=IFCFACEOUTERBOUND(#4288,.T.);
#4290=IFCFACE((#4289));
#4291=IFCPOLYLOOP((#595,#1958,#1912));
#4292=IFCFACEOUTERBOUND(#4291,.T.);
#4293=IFCFACE((#4292));
#4294=IFCPOLYLOOP((#595,#1912,#1955));
#4295=IFCFACEOUTERBOUND(#4294,.T.);
#4296=IFCFACE((#4295));
#4297=IFCPOLYLOOP((#595,#1955,#1887));
#4298=IFCFACEOUTERBOUND(#4297,.T.);
#4299=IFCFACE((#4298));
#4300=IFCPOLYLOOP((#595,#1887,#1931));
#4301=IFCFACEOUTERBOUND(#4300,.T.);
#4302=IFCFACE((#4301));
#4303=IFCPOLYLOOP((#595,#1931,#1930));
#4304=IFCFACEOUTERBOUND(#4303,.T.);
#4305=IFCFACE((#4304));
#4306=IFCPOLYLOOP((#595,#1930,#1952));
#4307=IFCFACEOUTERBOUND(#4306,.T.);
#4308=IFCFACE((#4307));
#4309=IFCPOLYLOOP((#595,#1952,#1902));
#4310=IFCFACEOUTERBOUND(#4309,.T.);
#4311=IFCFACE((#4310));
#4312=IFCPOLYLOOP((#595,#1902,#1974));
#4313=IFCFACEOUTERBOUND(#4312,.T.);
#4314=IFCFACE((#4313));
#4315=IFCPOLYLOOP((#595,#1974,#1905));
#4316=IFCFACEOUTERBOUND(#4315,.T.);
#4317=IFCFACE((#4316));
#4318=IFCPOLYLOOP((#595,#1905,#1977));
#4319=IFCFACEOUTERBOUND(#4318,.T.);
#4320=IFCFACE((#4319));
#4321=IFCPOLYLOOP((#595,#1977,#1888));
#4322=IFCFACEOUTERBOUND(#4321,.T.);
#4323=IFCFACE((#4322));
#4324=IFCPOLYLOOP((#595,#1888,#1979));
#4325=IFCFACEOUTERBOUND(#4324,.T.);
#4326=IFCFACE((#4325));
#4327=IFCPOLYLOOP((#595,#1979,#1906));
#4328=IFCFACEOUTERBOUND(#4327,.T.);
#4329=IFCFACE((#4328));
#4330=IFCPOLYLOOP((#595,#1906,#1942));
#4331=IFCFACEOUTERBOUND(#4330,.T.);
#4332=IFCFACE((#4331));
#4333=IFCPOLYLOOP((#595,#1942,#1889));
#4334=IFCFACEOUTERBOUND(#4333,.T.);
#4335=IFCFACE((#4334));
#4336=IFCPOLYLOOP((#595,#1889,#1933));
#4337=IFCFACEOUTERBOUND(#4336,.T.);
#4338=IFCFACE((#4337));
#4339=IFCPOLYLOOP((#595,#1933,#1890));
#4340=IFCFACEOUTERBOUND(#4339,.T.);
#4341=IFCFACE((#4340));
#4342=IFCPOLYLOOP((#595,#1890,#1891));
#4343=IFCFACEOUTERBOUND(#4342,.T.);
#4344=IFCFACE((#4343));
#4345=IFCPOLYLOOP((#595,#1891,#597));
#4346=IFCFACEOUTERBOUND(#4345,.T.);
#4347=IFCFACE((#4346));
#4348=IFCPOLYLOOP((#419,#2984,#2982));
#4349=IFCFACEOUTERBOUND(#4348,.T.);
#4350=IFCFACE((#4349));
#4351=IFCPOLYLOOP((#419,#2982,#3000));
#4352=IFCFACEOUTERBOUND(#4351,.T.);
#4353=IFCFACE((#4352));
#4354=IFCPOLYLOOP((#419,#3000,#2980));
#4355=IFCFACEOUTERBOUND(#4354,.T.);
#4356=IFCFACE((#4355));
#4357=IFCPOLYLOOP((#419,#2980,#3004));
#4358=IFCFACEOUTERBOUND(#4357,.T.);
#4359=IFCFACE((#4358));
#4360=IFCPOLYLOOP((#419,#3004,#2992));
#4361=IFCFACEOUTERBOUND(#4360,.T.);
#4362=IFCFACE((#4361));
#4363=IFCPOLYLOOP((#419,#2992,#3006));
#4364=IFCFACEOUTERBOUND(#4363,.T.);
#4365=IFCFACE((#4364));
#4366=IFCPOLYLOOP((#419,#3006,#2978));
#4367=IFCFACEOUTERBOUND(#4366,.T.);
#4368=IFCFACE((#4367));
#4369=IFCPOLYLOOP((#419,#2978,#3026));
#4370=IFCFACEOUTERBOUND(#4369,.T.);
#4371=IFCFACE((#4370));
#4372=IFCPOLYLOOP((#419,#3026,#2993));
#4373=IFCFACEOUTERBOUND(#4372,.T.);
#4374=IFCFACE((#4373));
#4375=IFCPOLYLOOP((#419,#2993,#3029));
#4376=IFCFACEOUTERBOUND(#4375,.T.);
#4377=IFCFACE((#4376));
#4378=IFCPOLYLOOP((#419,#3029,#2977));
#4379=IFCFACEOUTERBOUND(#4378,.T.);
#4380=IFCFACE((#4379));
#4381=IFCPOLYLOOP((#419,#2977,#3021));
#4382=IFCFACEOUTERBOUND(#4381,.T.);
#4383=IFCFACE((#4382));
#4384=IFCPOLYLOOP((#419,#3021,#2994));
#4385=IFCFACEOUTERBOUND(#4384,.T.);
#4386=IFCFACE((#4385));
#4387=IFCPOLYLOOP((#419,#2994,#3015));
#4388=IFCFACEOUTERBOUND(#4387,.T.);
#4389=IFCFACE((#4388));
#4390=IFCPOLYLOOP((#419,#3015,#2979));
#4391=IFCFACEOUTERBOUND(#4390,.T.);
#4392=IFCFACE((#4391));
#4393=IFCPOLYLOOP((#419,#2979,#3011));
#4394=IFCFACEOUTERBOUND(#4393,.T.);
#4395=IFCFACE((#4394));
#4396=IFCPOLYLOOP((#419,#3011,#2981));
#4397=IFCFACEOUTERBOUND(#4396,.T.);
#4398=IFCFACE((#4397));
#4399=IFCPOLYLOOP((#419,#2981,#2983));
#4400=IFCFACEOUTERBOUND(#4399,.T.);
#4401=IFCFACE((#4400));
#4402=IFCPOLYLOOP((#419,#2983,#598));
#4403=IFCFACEOUTERBOUND(#4402,.T.);
#4404=IFCFACE((#4403));
#4405=IFCPOLYLOOP((#598,#465,#447));
#4406=IFCFACEOUTERBOUND(#4405,.T.);
#4407=IFCFACE((#4406));
#4408=IFCPOLYLOOP((#598,#447,#485));
#4409=IFCFACEOUTERBOUND(#4408,.T.);
#4410=IFCFACE((#4409));
#4411=IFCPOLYLOOP((#598,#485,#442));
#4412=IFCFACEOUTERBOUND(#4411,.T.);
#4413=IFCFACE((#4412));
#4414=IFCPOLYLOOP((#598,#442,#491));
#4415=IFCFACEOUTERBOUND(#4414,.T.);
#4416=IFCFACE((#4415));
#4417=IFCPOLYLOOP((#598,#491,#443));
#4418=IFCFACEOUTERBOUND(#4417,.T.);
#4419=IFCFACE((#4418));
#4420=IFCPOLYLOOP((#598,#443,#564));
#4421=IFCFACEOUTERBOUND(#4420,.T.);
#4422=IFCFACE((#4421));
#4423=IFCPOLYLOOP((#598,#564,#433));
#4424=IFCFACEOUTERBOUND(#4423,.T.);
#4425=IFCFACE((#4424));
#4426=IFCPOLYLOOP((#598,#433,#546));
#4427=IFCFACEOUTERBOUND(#4426,.T.);
#4428=IFCFACE((#4427));
#4429=IFCPOLYLOOP((#598,#546,#445));
#4430=IFCFACEOUTERBOUND(#4429,.T.);
#4431=IFCFACE((#4430));
#4432=IFCPOLYLOOP((#598,#445,#543));
#4433=IFCFACEOUTERBOUND(#4432,.T.);
#4434=IFCFACE((#4433));
#4435=IFCPOLYLOOP((#598,#543,#436));
#4436=IFCFACEOUTERBOUND(#4435,.T.);
#4437=IFCFACE((#4436));
#4438=IFCPOLYLOOP((#598,#436,#539));
#4439=IFCFACEOUTERBOUND(#4438,.T.);
#4440=IFCFACE((#4439));
#4441=IFCPOLYLOOP((#598,#539,#440));
#4442=IFCFACEOUTERBOUND(#4441,.T.);
#4443=IFCFACE((#4442));
#4444=IFCPOLYLOOP((#598,#440,#535));
#4445=IFCFACEOUTERBOUND(#4444,.T.);
#4446=IFCFACE((#4445));
#4447=IFCPOLYLOOP((#598,#535,#428));
#4448=IFCFACEOUTERBOUND(#4447,.T.);
#4449=IFCFACE((#4448));
#4450=IFCPOLYLOOP((#598,#428,#500));
#4451=IFCFACEOUTERBOUND(#4450,.T.);
#4452=IFCFACE((#4451));
#4453=IFCPOLYLOOP((#598,#500,#435));
#4454=IFCFACEOUTERBOUND(#4453,.T.);
#4455=IFCFACE((#4454));
#4456=IFCPOLYLOOP((#598,#435,#530));
#4457=IFCFACEOUTERBOUND(#4456,.T.);
#4458=IFCFACE((#4457));
#4459=IFCPOLYLOOP((#598,#530,#434));
#4460=IFCFACEOUTERBOUND(#4459,.T.);
#4461=IFCFACE((#4460));
#4462=IFCPOLYLOOP((#598,#434,#553));
#4463=IFCFACEOUTERBOUND(#4462,.T.);
#4464=IFCFACE((#4463));
#4465=IFCPOLYLOOP((#598,#553,#437));
#4466=IFCFACEOUTERBOUND(#4465,.T.);
#4467=IFCFACE((#4466));
#4468=IFCPOLYLOOP((#598,#437,#558));
#4469=IFCFACEOUTERBOUND(#4468,.T.);
#4470=IFCFACE((#4469));
#4471=IFCPOLYLOOP((#598,#558,#422));
#4472=IFCFACEOUTERBOUND(#4471,.T.);
#4473=IFCFACE((#4472));
#4474=IFCPOLYLOOP((#598,#422,#470));
#4475=IFCFACEOUTERBOUND(#4474,.T.);
#4476=IFCFACE((#4475));
#4477=IFCPOLYLOOP((#598,#470,#469));
#4478=IFCFACEOUTERBOUND(#4477,.T.);
#4479=IFCFACE((#4478));
#4480=IFCPOLYLOOP((#598,#469,#525));
#4481=IFCFACEOUTERBOUND(#4480,.T.);
#4482=IFCFACE((#4481));
#4483=IFCPOLYLOOP((#598,#525,#453));
#4484=IFCFACEOUTERBOUND(#4483,.T.);
#4485=IFCFACE((#4484));
#4486=IFCPOLYLOOP((#598,#453,#523));
#4487=IFCFACEOUTERBOUND(#4486,.T.);
#4488=IFCFACE((#4487));
#4489=IFCPOLYLOOP((#598,#523,#472));
#4490=IFCFACEOUTERBOUND(#4489,.T.);
#4491=IFCFACE((#4490));
#4492=IFCPOLYLOOP((#598,#472,#514));
#4493=IFCFACEOUTERBOUND(#4492,.T.);
#4494=IFCFACE((#4493));
#4495=IFCPOLYLOOP((#598,#514,#452));
#4496=IFCFACEOUTERBOUND(#4495,.T.);
#4497=IFCFACE((#4496));
#4498=IFCPOLYLOOP((#598,#452,#576));
#4499=IFCFACEOUTERBOUND(#4498,.T.);
#4500=IFCFACE((#4499));
#4501=IFCPOLYLOOP((#598,#576,#462));
#4502=IFCFACEOUTERBOUND(#4501,.T.);
#4503=IFCFACE((#4502));
#4504=IFCPOLYLOOP((#598,#462,#581));
#4505=IFCFACEOUTERBOUND(#4504,.T.);
#4506=IFCFACE((#4505));
#4507=IFCPOLYLOOP((#598,#581,#461));
#4508=IFCFACEOUTERBOUND(#4507,.T.);
#4509=IFCFACE((#4508));
#4510=IFCPOLYLOOP((#598,#461,#516));
#4511=IFCFACEOUTERBOUND(#4510,.T.);
#4512=IFCFACE((#4511));
#4513=IFCPOLYLOOP((#598,#516,#480));
#4514=IFCFACEOUTERBOUND(#4513,.T.);
#4515=IFCFACE((#4514));
#4516=IFCPOLYLOOP((#598,#480,#519));
#4517=IFCFACEOUTERBOUND(#4516,.T.);
#4518=IFCFACE((#4517));
#4519=IFCPOLYLOOP((#598,#519,#423));
#4520=IFCFACEOUTERBOUND(#4519,.T.);
#4521=IFCFACE((#4520));
#4522=IFCPOLYLOOP((#598,#423,#570));
#4523=IFCFACEOUTERBOUND(#4522,.T.);
#4524=IFCFACE((#4523));
#4525=IFCPOLYLOOP((#598,#570,#458));
#4526=IFCFACEOUTERBOUND(#4525,.T.);
#4527=IFCFACE((#4526));
#4528=IFCPOLYLOOP((#598,#458,#575));
#4529=IFCFACEOUTERBOUND(#4528,.T.);
#4530=IFCFACE((#4529));
#4531=IFCPOLYLOOP((#598,#575,#457));
#4532=IFCFACEOUTERBOUND(#4531,.T.);
#4533=IFCFACE((#4532));
#4534=IFCPOLYLOOP((#598,#457,#478));
#4535=IFCFACEOUTERBOUND(#4534,.T.);
#4536=IFCFACE((#4535));
#4537=IFCPOLYLOOP((#598,#478,#477));
#4538=IFCFACEOUTERBOUND(#4537,.T.);
#4539=IFCFACE((#4538));
#4540=IFCPOLYLOOP((#598,#477,#521));
#4541=IFCFACEOUTERBOUND(#4540,.T.);
#4542=IFCFACE((#4541));
#4543=IFCPOLYLOOP((#598,#521,#424));
#4544=IFCFACEOUTERBOUND(#4543,.T.);
#4545=IFCFACE((#4544));
#4546=IFCPOLYLOOP((#598,#424,#510));
#4547=IFCFACEOUTERBOUND(#4546,.T.);
#4548=IFCFACE((#4547));
#4549=IFCPOLYLOOP((#598,#510,#496));
#4550=IFCFACEOUTERBOUND(#4549,.T.);
#4551=IFCFACE((#4550));
#4552=IFCPOLYLOOP((#598,#496,#507));
#4553=IFCFACEOUTERBOUND(#4552,.T.);
#4554=IFCFACE((#4553));
#4555=IFCPOLYLOOP((#598,#507,#427));
#4556=IFCFACEOUTERBOUND(#4555,.T.);
#4557=IFCFACE((#4556));
#4558=IFCPOLYLOOP((#598,#427,#448));
#4559=IFCFACEOUTERBOUND(#4558,.T.);
#4560=IFCFACE((#4559));
#4561=IFCPOLYLOOP((#598,#448,#455));
#4562=IFCFACEOUTERBOUND(#4561,.T.);
#4563=IFCFACE((#4562));
#4564=IFCPOLYLOOP((#598,#455,#419));
#4565=IFCFACEOUTERBOUND(#4564,.T.);
#4566=IFCFACE((#4565));
#4567=IFCPOLYLOOP((#597,#1745,#1735));
#4568=IFCFACEOUTERBOUND(#4567,.T.);
#4569=IFCFACE((#4568));
#4570=IFCPOLYLOOP((#597,#1735,#1734));
#4571=IFCFACEOUTERBOUND(#4570,.T.);
#4572=IFCFACE((#4571));
#4573=IFCPOLYLOOP((#597,#1734,#1822));
#4574=IFCFACEOUTERBOUND(#4573,.T.);
#4575=IFCFACE((#4574));
#4576=IFCPOLYLOOP((#597,#1822,#1783));
#4577=IFCFACEOUTERBOUND(#4576,.T.);
#4578=IFCFACE((#4577));
#4579=IFCPOLYLOOP((#597,#1783,#1825));
#4580=IFCFACEOUTERBOUND(#4579,.T.);
#4581=IFCFACE((#4580));
#4582=IFCPOLYLOOP((#597,#1825,#1729));
#4583=IFCFACEOUTERBOUND(#4582,.T.);
#4584=IFCFACE((#4583));
#4585=IFCPOLYLOOP((#597,#1729,#1868));
#4586=IFCFACEOUTERBOUND(#4585,.T.);
#4587=IFCFACE((#4586));
#4588=IFCPOLYLOOP((#597,#1868,#1757));
#4589=IFCFACEOUTERBOUND(#4588,.T.);
#4590=IFCFACE((#4589));
#4591=IFCPOLYLOOP((#597,#1757,#1846));
#4592=IFCFACEOUTERBOUND(#4591,.T.);
#4593=IFCFACE((#4592));
#4594=IFCPOLYLOOP((#597,#1846,#1732));
#4595=IFCFACEOUTERBOUND(#4594,.T.);
#4596=IFCFACE((#4595));
#4597=IFCPOLYLOOP((#597,#1732,#1835));
#4598=IFCFACEOUTERBOUND(#4597,.T.);
#4599=IFCFACE((#4598));
#4600=IFCPOLYLOOP((#597,#1835,#1761));
#4601=IFCFACEOUTERBOUND(#4600,.T.);
#4602=IFCFACE((#4601));
#4603=IFCPOLYLOOP((#597,#1761,#1839));
#4604=IFCFACEOUTERBOUND(#4603,.T.);
#4605=IFCFACE((#4604));
#4606=IFCPOLYLOOP((#597,#1839,#1712));
#4607=IFCFACEOUTERBOUND(#4606,.T.);
#4608=IFCFACE((#4607));
#4609=IFCPOLYLOOP((#597,#1712,#1771));
#4610=IFCFACEOUTERBOUND(#4609,.T.);
#4611=IFCFACE((#4610));
#4612=IFCPOLYLOOP((#597,#1771,#1770));
#4613=IFCFACEOUTERBOUND(#4612,.T.);
#4614=IFCFACE((#4613));
#4615=IFCPOLYLOOP((#597,#1770,#1841));
#4616=IFCFACEOUTERBOUND(#4615,.T.);
#4617=IFCFACE((#4616));
#4618=IFCPOLYLOOP((#597,#1841,#1743));
#4619=IFCFACEOUTERBOUND(#4618,.T.);
#4620=IFCFACE((#4619));
#4621=IFCPOLYLOOP((#597,#1743,#1845));
#4622=IFCFACEOUTERBOUND(#4621,.T.);
#4623=IFCFACE((#4622));
#4624=IFCPOLYLOOP((#597,#1845,#1765));
#4625=IFCFACEOUTERBOUND(#4624,.T.);
#4626=IFCFACE((#4625));
#4627=IFCPOLYLOOP((#597,#1765,#1840));
#4628=IFCFACEOUTERBOUND(#4627,.T.);
#4629=IFCFACE((#4628));
#4630=IFCPOLYLOOP((#597,#1840,#1742));
#4631=IFCFACEOUTERBOUND(#4630,.T.);
#4632=IFCFACE((#4631));
#4633=IFCPOLYLOOP((#597,#1742,#1843));
#4634=IFCFACEOUTERBOUND(#4633,.T.);
#4635=IFCFACE((#4634));
#4636=IFCPOLYLOOP((#597,#1843,#1772));
#4637=IFCFACEOUTERBOUND(#4636,.T.);
#4638=IFCFACE((#4637));
#4639=IFCPOLYLOOP((#597,#1772,#1833));
#4640=IFCFACEOUTERBOUND(#4639,.T.);
#4641=IFCFACE((#4640));
#4642=IFCPOLYLOOP((#597,#1833,#1750));
#4643=IFCFACEOUTERBOUND(#4642,.T.);
#4644=IFCFACE((#4643));
#4645=IFCPOLYLOOP((#597,#1750,#1849));
#4646=IFCFACEOUTERBOUND(#4645,.T.);
#4647=IFCFACE((#4646));
#4648=IFCPOLYLOOP((#597,#1849,#1753));
#4649=IFCFACEOUTERBOUND(#4648,.T.);
#4650=IFCFACE((#4649));
#4651=IFCPOLYLOOP((#597,#1753,#1854));
#4652=IFCFACEOUTERBOUND(#4651,.T.);
#4653=IFCFACE((#4652));
#4654=IFCPOLYLOOP((#597,#1854,#1711));
#4655=IFCFACEOUTERBOUND(#4654,.T.);
#4656=IFCFACE((#4655));
#4657=IFCPOLYLOOP((#597,#1711,#1789));
#4658=IFCFACEOUTERBOUND(#4657,.T.);
#4659=IFCFACE((#4658));
#4660=IFCPOLYLOOP((#597,#1789,#1728));
#4661=IFCFACEOUTERBOUND(#4660,.T.);
#4662=IFCFACE((#4661));
#4663=IFCPOLYLOOP((#597,#1728,#1804));
#4664=IFCFACEOUTERBOUND(#4663,.T.);
#4665=IFCFACE((#4664));
#4666=IFCPOLYLOOP((#597,#1804,#1720));
#4667=IFCFACEOUTERBOUND(#4666,.T.);
#4668=IFCFACE((#4667));
#4669=IFCPOLYLOOP((#597,#1720,#1800));
#4670=IFCFACEOUTERBOUND(#4669,.T.);
#4671=IFCFACE((#4670));
#4672=IFCPOLYLOOP((#597,#1800,#1723));
#4673=IFCFACEOUTERBOUND(#4672,.T.);
#4674=IFCFACE((#4673));
#4675=IFCPOLYLOOP((#597,#1723,#1794));
#4676=IFCFACEOUTERBOUND(#4675,.T.);
#4677=IFCFACE((#4676));
#4678=IFCPOLYLOOP((#597,#1794,#1713));
#4679=IFCFACEOUTERBOUND(#4678,.T.);
#4680=IFCFACE((#4679));
#4681=IFCPOLYLOOP((#597,#1713,#1722));
#4682=IFCFACEOUTERBOUND(#4681,.T.);
#4683=IFCFACE((#4682));
#4684=IFCPOLYLOOP((#597,#1722,#1721));
#4685=IFCFACEOUTERBOUND(#4684,.T.);
#4686=IFCFACE((#4685));
#4687=IFCPOLYLOOP((#597,#1721,#1828));
#4688=IFCFACEOUTERBOUND(#4687,.T.);
#4689=IFCFACE((#4688));
#4690=IFCPOLYLOOP((#597,#1828,#1719));
#4691=IFCFACEOUTERBOUND(#4690,.T.);
#4692=IFCFACE((#4691));
#4693=IFCPOLYLOOP((#597,#1719,#1831));
#4694=IFCFACEOUTERBOUND(#4693,.T.);
#4695=IFCFACE((#4694));
#4696=IFCPOLYLOOP((#597,#1831,#1727));
#4697=IFCFACEOUTERBOUND(#4696,.T.);
#4698=IFCFACE((#4697));
#4699=IFCPOLYLOOP((#597,#1727,#1816));
#4700=IFCFACEOUTERBOUND(#4699,.T.);
#4701=IFCFACE((#4700));
#4702=IFCPOLYLOOP((#597,#1816,#1718));
#4703=IFCFACEOUTERBOUND(#4702,.T.);
#4704=IFCFACE((#4703));
#4705=IFCPOLYLOOP((#597,#1718,#1811));
#4706=IFCFACEOUTERBOUND(#4705,.T.);
#4707=IFCFACE((#4706));
#4708=IFCPOLYLOOP((#597,#1811,#1739));
#4709=IFCFACEOUTERBOUND(#4708,.T.);
#4710=IFCFACE((#4709));
#4711=IFCPOLYLOOP((#597,#1739,#1807));
#4712=IFCFACEOUTERBOUND(#4711,.T.);
#4713=IFCFACE((#4712));
#4714=IFCPOLYLOOP((#597,#1807,#1738));
#4715=IFCFACEOUTERBOUND(#4714,.T.);
#4716=IFCFACE((#4715));
#4717=IFCPOLYLOOP((#597,#1738,#1749));
#4718=IFCFACEOUTERBOUND(#4717,.T.);
#4719=IFCFACE((#4718));
#4720=IFCPOLYLOOP((#597,#1749,#1748));
#4721=IFCFACEOUTERBOUND(#4720,.T.);
#4722=IFCFACE((#4721));
#4723=IFCPOLYLOOP((#597,#1748,#1756));
#4724=IFCFACEOUTERBOUND(#4723,.T.);
#4725=IFCFACE((#4724));
#4726=IFCPOLYLOOP((#597,#1756,#595));
#4727=IFCFACEOUTERBOUND(#4726,.T.);
#4728=IFCFACE((#4727));
#4729=IFCPOLYLOOP((#597,#2937,#2931));
#4730=IFCFACEOUTERBOUND(#4729,.T.);
#4731=IFCFACE((#4730));
#4732=IFCPOLYLOOP((#597,#2931,#2930));
#4733=IFCFACEOUTERBOUND(#4732,.T.);
#4734=IFCFACE((#4733));
#4735=IFCPOLYLOOP((#597,#2930,#2955));
#4736=IFCFACEOUTERBOUND(#4735,.T.);
#4737=IFCFACE((#4736));
#4738=IFCPOLYLOOP((#597,#2955,#2965));
#4739=IFCFACEOUTERBOUND(#4738,.T.);
#4740=IFCFACE((#4739));
#4741=IFCPOLYLOOP((#597,#2965,#2925));
#4742=IFCFACEOUTERBOUND(#4741,.T.);
#4743=IFCFACE((#4742));
#4744=IFCPOLYLOOP((#597,#2925,#2945));
#4745=IFCFACEOUTERBOUND(#4744,.T.);
#4746=IFCFACE((#4745));
#4747=IFCPOLYLOOP((#597,#2945,#2928));
#4748=IFCFACEOUTERBOUND(#4747,.T.);
#4749=IFCFACE((#4748));
#4750=IFCPOLYLOOP((#597,#2928,#2941));
#4751=IFCFACEOUTERBOUND(#4750,.T.);
#4752=IFCFACE((#4751));
#4753=IFCPOLYLOOP((#597,#2941,#2919));
#4754=IFCFACEOUTERBOUND(#4753,.T.);
#4755=IFCFACE((#4754));
#4756=IFCPOLYLOOP((#597,#2919,#2944));
#4757=IFCFACEOUTERBOUND(#4756,.T.);
#4758=IFCFACE((#4757));
#4759=IFCPOLYLOOP((#597,#2944,#2938));
#4760=IFCFACEOUTERBOUND(#4759,.T.);
#4761=IFCFACE((#4760));
#4762=IFCPOLYLOOP((#597,#2938,#2961));
#4763=IFCFACEOUTERBOUND(#4762,.T.);
#4764=IFCFACE((#4763));
#4765=IFCPOLYLOOP((#597,#2961,#2920));
#4766=IFCFACEOUTERBOUND(#4765,.T.);
#4767=IFCFACE((#4766));
#4768=IFCPOLYLOOP((#597,#2920,#2959));
#4769=IFCFACEOUTERBOUND(#4768,.T.);
#4770=IFCFACE((#4769));
#4771=IFCPOLYLOOP((#597,#2959,#2950));
#4772=IFCFACEOUTERBOUND(#4771,.T.);
#4773=IFCFACE((#4772));
#4774=IFCPOLYLOOP((#597,#2950,#2923));
#4775=IFCFACEOUTERBOUND(#4774,.T.);
#4776=IFCFACE((#4775));
#4777=IFCPOLYLOOP((#597,#2923,#2933));
#4778=IFCFACEOUTERBOUND(#4777,.T.);
#4779=IFCFACE((#4778));
#4780=IFCPOLYLOOP((#597,#2933,#2936));
#4781=IFCFACEOUTERBOUND(#4780,.T.);
#4782=IFCFACE((#4781));
#4783=IFCPOLYLOOP((#597,#2936,#594));
#4784=IFCFACEOUTERBOUND(#4783,.T.);
#4785=IFCFACE((#4784));
#4786=IFCPOLYLOOP((#598,#599,#610));
#4787=IFCFACEOUTERBOUND(#4786,.T.);
#4788=IFCFACE((#4787));
#4789=IFCPOLYLOOP((#646,#602,#644));
#4790=IFCFACEOUTERBOUND(#4789,.T.);
#4791=IFCFACE((#4790));
#4792=IFCPOLYLOOP((#659,#661,#652));
#4793=IFCFACEOUTERBOUND(#4792,.T.);
#4794=IFCFACE((#4793));
#4795=IFCPOLYLOOP((#603,#644,#602));
#4796=IFCFACEOUTERBOUND(#4795,.T.);
#4797=IFCFACE((#4796));
#4798=IFCPOLYLOOP((#601,#602,#646));
#4799=IFCFACEOUTERBOUND(#4798,.T.);
#4800=IFCFACE((#4799));
#4801=IFCPOLYLOOP((#699,#668,#698));
#4802=IFCFACEOUTERBOUND(#4801,.T.);
#4803=IFCFACE((#4802));
#4804=IFCPOLYLOOP((#600,#610,#599));
#4805=IFCFACEOUTERBOUND(#4804,.T.);
#4806=IFCFACE((#4805));
#4807=IFCPOLYLOOP((#679,#676,#669));
#4808=IFCFACEOUTERBOUND(#4807,.T.);
#4809=IFCFACE((#4808));
#4810=IFCPOLYLOOP((#726,#723,#605));
#4811=IFCFACEOUTERBOUND(#4810,.T.);
#4812=IFCFACE((#4811));
#4813=IFCPOLYLOOP((#603,#604,#644));
#4814=IFCFACEOUTERBOUND(#4813,.T.);
#4815=IFCFACE((#4814));
#4816=IFCPOLYLOOP((#734,#736,#740));
#4817=IFCFACEOUTERBOUND(#4816,.T.);
#4818=IFCFACE((#4817));
#4819=IFCPOLYLOOP((#655,#745,#657));
#4820=IFCFACEOUTERBOUND(#4819,.T.);
#4821=IFCFACE((#4820));
#4822=IFCPOLYLOOP((#664,#708,#660));
#4823=IFCFACEOUTERBOUND(#4822,.T.);
#4824=IFCFACE((#4823));
#4825=IFCPOLYLOOP((#661,#659,#614));
#4826=IFCFACEOUTERBOUND(#4825,.T.);
#4827=IFCFACE((#4826));
#4828=IFCPOLYLOOP((#644,#643,#646));
#4829=IFCFACEOUTERBOUND(#4828,.T.);
#4830=IFCFACE((#4829));
#4831=IFCPOLYLOOP((#686,#624,#684));
#4832=IFCFACEOUTERBOUND(#4831,.T.);
#4833=IFCFACE((#4832));
#4834=IFCPOLYLOOP((#651,#659,#690));
#4835=IFCFACEOUTERBOUND(#4834,.T.);
#4836=IFCFACE((#4835));
#4837=IFCPOLYLOOP((#707,#699,#630));
#4838=IFCFACEOUTERBOUND(#4837,.T.);
#4839=IFCFACE((#4838));
#4840=IFCPOLYLOOP((#711,#712,#709));
#4841=IFCFACEOUTERBOUND(#4840,.T.);
#4842=IFCFACE((#4841));
#4843=IFCPOLYLOOP((#675,#676,#606));
#4844=IFCFACEOUTERBOUND(#4843,.T.);
#4845=IFCFACE((#4844));
#4846=IFCPOLYLOOP((#703,#700,#607));
#4847=IFCFACEOUTERBOUND(#4846,.T.);
#4848=IFCFACE((#4847));
#4849=IFCPOLYLOOP((#753,#755,#636));
#4850=IFCFACEOUTERBOUND(#4849,.T.);
#4851=IFCFACE((#4850));
#4852=IFCPOLYLOOP((#695,#650,#625));
#4853=IFCFACEOUTERBOUND(#4852,.T.);
#4854=IFCFACE((#4853));
#4855=IFCPOLYLOOP((#737,#665,#749));
#4856=IFCFACEOUTERBOUND(#4855,.T.);
#4857=IFCFACE((#4856));
#4858=IFCPOLYLOOP((#631,#758,#759));
#4859=IFCFACEOUTERBOUND(#4858,.T.);
#4860=IFCFACE((#4859));
#4861=IFCPOLYLOOP((#607,#705,#703));
#4862=IFCFACEOUTERBOUND(#4861,.T.);
#4863=IFCFACE((#4862));
#4864=IFCPOLYLOOP((#655,#657,#641));
#4865=IFCFACEOUTERBOUND(#4864,.T.);
#4866=IFCFACE((#4865));
#4867=IFCPOLYLOOP((#621,#764,#760));
#4868=IFCFACEOUTERBOUND(#4867,.T.);
#4869=IFCFACE((#4868));
#4870=IFCPOLYLOOP((#674,#675,#672));
#4871=IFCFACEOUTERBOUND(#4870,.T.);
#4872=IFCFACE((#4871));
#4873=IFCPOLYLOOP((#725,#728,#726));
#4874=IFCFACEOUTERBOUND(#4873,.T.);
#4875=IFCFACE((#4874));
#4876=IFCPOLYLOOP((#723,#726,#724));
#4877=IFCFACEOUTERBOUND(#4876,.T.);
#4878=IFCFACE((#4877));
#4879=IFCPOLYLOOP((#718,#720,#615));
#4880=IFCFACEOUTERBOUND(#4879,.T.);
#4881=IFCFACE((#4880));
#4882=IFCPOLYLOOP((#683,#687,#616));
#4883=IFCFACEOUTERBOUND(#4882,.T.);
#4884=IFCFACE((#4883));
#4885=IFCPOLYLOOP((#696,#698,#668));
#4886=IFCFACEOUTERBOUND(#4885,.T.);
#4887=IFCFACE((#4886));
#4888=IFCPOLYLOOP((#754,#755,#626));
#4889=IFCFACEOUTERBOUND(#4888,.T.);
#4890=IFCFACE((#4889));
#4891=IFCPOLYLOOP((#718,#632,#714));
#4892=IFCFACEOUTERBOUND(#4891,.T.);
#4893=IFCFACE((#4892));
#4894=IFCPOLYLOOP((#625,#698,#695));
#4895=IFCFACEOUTERBOUND(#4894,.T.);
#4896=IFCFACE((#4895));
#4897=IFCPOLYLOOP((#740,#635,#734));
#4898=IFCFACEOUTERBOUND(#4897,.T.);
#4899=IFCFACE((#4898));
#4900=IFCPOLYLOOP((#732,#733,#716));
#4901=IFCFACEOUTERBOUND(#4900,.T.);
#4902=IFCFACE((#4901));
#4903=IFCPOLYLOOP((#756,#755,#754));
#4904=IFCFACEOUTERBOUND(#4903,.T.);
#4905=IFCFACE((#4904));
#4906=IFCPOLYLOOP((#681,#629,#680));
#4907=IFCFACEOUTERBOUND(#4906,.T.);
#4908=IFCFACE((#4907));
#4909=IFCPOLYLOOP((#722,#706,#663,#613));
#4910=IFCFACEOUTERBOUND(#4909,.T.);
#4911=IFCFACE((#4910));
#4912=IFCPOLYLOOP((#654,#645,#653,#373,#372));
#4913=IFCFACEOUTERBOUND(#4912,.T.);
#4914=IFCFACE((#4913));
#4915=IFCPOLYLOOP((#741,#640,#737));
#4916=IFCFACEOUTERBOUND(#4915,.T.);
#4917=IFCFACE((#4916));
#4918=IFCPOLYLOOP((#656,#666,#657));
#4919=IFCFACEOUTERBOUND(#4918,.T.);
#4920=IFCFACE((#4919));
#4921=IFCPOLYLOOP((#649,#667,#672));
#4922=IFCFACEOUTERBOUND(#4921,.T.);
#4923=IFCFACE((#4922));
#4924=IFCPOLYLOOP((#646,#610,#601));
#4925=IFCFACEOUTERBOUND(#4924,.T.);
#4926=IFCFACE((#4925));
#4927=IFCPOLYLOOP((#651,#690,#643));
#4928=IFCFACEOUTERBOUND(#4927,.T.);
#4929=IFCFACE((#4928));
#4930=IFCPOLYLOOP((#610,#600,#601));
#4931=IFCFACEOUTERBOUND(#4930,.T.);
#4932=IFCFACE((#4931));
#4933=IFCPOLYLOOP((#654,#372,#371,#647,#642));
#4934=IFCFACEOUTERBOUND(#4933,.T.);
#4935=IFCFACE((#4934));
#4936=IFCPOLYLOOP((#609,#610,#646));
#4937=IFCFACEOUTERBOUND(#4936,.T.);
#4938=IFCFACE((#4937));
#4939=IFCPOLYLOOP((#650,#667,#649));
#4940=IFCFACEOUTERBOUND(#4939,.T.);
#4941=IFCFACE((#4940));
#4942=IFCPOLYLOOP((#667,#648,#672));
#4943=IFCFACEOUTERBOUND(#4942,.T.);
#4944=IFCFACE((#4943));
#4945=IFCPOLYLOOP((#651,#614,#659));
#4946=IFCFACEOUTERBOUND(#4945,.T.);
#4947=IFCFACE((#4946));
#4948=IFCPOLYLOOP((#609,#646,#690));
#4949=IFCFACEOUTERBOUND(#4948,.T.);
#4950=IFCFACE((#4949));
#4951=IFCPOLYLOOP((#657,#745,#642));
#4952=IFCFACEOUTERBOUND(#4951,.T.);
#4953=IFCFACE((#4952));
#4954=IFCPOLYLOOP((#642,#656,#657));
#4955=IFCFACEOUTERBOUND(#4954,.T.);
#4956=IFCFACE((#4955));
#4957=IFCPOLYLOOP((#654,#745,#645));
#4958=IFCFACEOUTERBOUND(#4957,.T.);
#4959=IFCFACE((#4958));
#4960=IFCPOLYLOOP((#744,#742,#741));
#4961=IFCFACEOUTERBOUND(#4960,.T.);
#4962=IFCFACE((#4961));
#4963=IFCPOLYLOOP((#639,#744,#747));
#4964=IFCFACEOUTERBOUND(#4963,.T.);
#4965=IFCFACE((#4964));
#4966=IFCPOLYLOOP((#657,#666,#641));
#4967=IFCFACEOUTERBOUND(#4966,.T.);
#4968=IFCFACE((#4967));
#4969=IFCPOLYLOOP((#609,#659,#652));
#4970=IFCFACEOUTERBOUND(#4969,.T.);
#4971=IFCFACE((#4970));
#4972=IFCPOLYLOOP((#661,#608,#652));
#4973=IFCFACEOUTERBOUND(#4972,.T.);
#4974=IFCFACE((#4973));
#4975=IFCPOLYLOOP((#661,#614,#670));
#4976=IFCFACEOUTERBOUND(#4975,.T.);
#4977=IFCFACE((#4976));
#4978=IFCPOLYLOOP((#664,#622,#662));
#4979=IFCFACEOUTERBOUND(#4978,.T.);
#4980=IFCFACE((#4979));
#4981=IFCPOLYLOOP((#663,#664,#660));
#4982=IFCFACEOUTERBOUND(#4981,.T.);
#4983=IFCFACE((#4982));
#4984=IFCPOLYLOOP((#708,#608,#661));
#4985=IFCFACEOUTERBOUND(#4984,.T.);
#4986=IFCFACE((#4985));
#4987=IFCPOLYLOOP((#663,#706,#664));
#4988=IFCFACEOUTERBOUND(#4987,.T.);
#4989=IFCFACE((#4988));
#4990=IFCPOLYLOOP((#662,#608,#708));
#4991=IFCFACEOUTERBOUND(#4990,.T.);
#4992=IFCFACE((#4991));
#4993=IFCPOLYLOOP((#639,#666,#656));
#4994=IFCFACEOUTERBOUND(#4993,.T.);
#4995=IFCFACE((#4994));
#4996=IFCPOLYLOOP((#735,#737,#640));
#4997=IFCFACEOUTERBOUND(#4996,.T.);
#4998=IFCFACE((#4997));
#4999=IFCPOLYLOOP((#747,#671,#666));
#5000=IFCFACEOUTERBOUND(#4999,.T.);
#5001=IFCFACE((#5000));
#5002=IFCPOLYLOOP((#695,#667,#650));
#5003=IFCFACEOUTERBOUND(#5002,.T.);
#5004=IFCFACE((#5003));
#5005=IFCPOLYLOOP((#695,#746,#667));
#5006=IFCFACEOUTERBOUND(#5005,.T.);
#5007=IFCFACE((#5006));
#5008=IFCPOLYLOOP((#675,#674,#619));
#5009=IFCFACEOUTERBOUND(#5008,.T.);
#5010=IFCFACE((#5009));
#5011=IFCPOLYLOOP((#696,#612,#746,#695));
#5012=IFCFACEOUTERBOUND(#5011,.T.);
#5013=IFCFACE((#5012));
#5014=IFCPOLYLOOP((#629,#679,#680));
#5015=IFCFACEOUTERBOUND(#5014,.T.);
#5016=IFCFACE((#5015));
#5017=IFCPOLYLOOP((#708,#670,#660));
#5018=IFCFACEOUTERBOUND(#5017,.T.);
#5019=IFCFACE((#5018));
#5020=IFCPOLYLOOP((#671,#641,#666));
#5021=IFCFACEOUTERBOUND(#5020,.T.);
#5022=IFCFACE((#5021));
#5023=IFCPOLYLOOP((#672,#648,#674));
#5024=IFCFACEOUTERBOUND(#5023,.T.);
#5025=IFCFACE((#5024));
#5026=IFCPOLYLOOP((#675,#606,#673));
#5027=IFCFACEOUTERBOUND(#5026,.T.);
#5028=IFCFACE((#5027));
#5029=IFCPOLYLOOP((#673,#649,#672));
#5030=IFCFACEOUTERBOUND(#5029,.T.);
#5031=IFCFACE((#5030));
#5032=IFCPOLYLOOP((#675,#619,#676));
#5033=IFCFACEOUTERBOUND(#5032,.T.);
#5034=IFCFACE((#5033));
#5035=IFCPOLYLOOP((#672,#675,#673));
#5036=IFCFACEOUTERBOUND(#5035,.T.);
#5037=IFCFACE((#5036));
#5038=IFCPOLYLOOP((#676,#619,#678,#669));
#5039=IFCFACEOUTERBOUND(#5038,.T.);
#5040=IFCFACE((#5039));
#5041=IFCPOLYLOOP((#676,#679,#677));
#5042=IFCFACEOUTERBOUND(#5041,.T.);
#5043=IFCFACE((#5042));
#5044=IFCPOLYLOOP((#677,#679,#629));
#5045=IFCFACEOUTERBOUND(#5044,.T.);
#5046=IFCFACE((#5045));
#5047=IFCPOLYLOOP((#677,#606,#676));
#5048=IFCFACEOUTERBOUND(#5047,.T.);
#5049=IFCFACE((#5048));
#5050=IFCPOLYLOOP((#679,#688,#680));
#5051=IFCFACEOUTERBOUND(#5050,.T.);
#5052=IFCFACE((#5051));
#5053=IFCPOLYLOOP((#609,#690,#659));
#5054=IFCFACEOUTERBOUND(#5053,.T.);
#5055=IFCFACE((#5054));
#5056=IFCPOLYLOOP((#681,#680,#687));
#5057=IFCFACEOUTERBOUND(#5056,.T.);
#5058=IFCFACE((#5057));
#5059=IFCPOLYLOOP((#765,#685,#686));
#5060=IFCFACEOUTERBOUND(#5059,.T.);
#5061=IFCFACE((#5060));
#5062=IFCPOLYLOOP((#686,#685,#624));
#5063=IFCFACEOUTERBOUND(#5062,.T.);
#5064=IFCFACE((#5063));
#5065=IFCPOLYLOOP((#684,#683,#682));
#5066=IFCFACEOUTERBOUND(#5065,.T.);
#5067=IFCFACE((#5066));
#5068=IFCPOLYLOOP((#683,#684,#687));
#5069=IFCFACEOUTERBOUND(#5068,.T.);
#5070=IFCFACE((#5069));
#5071=IFCPOLYLOOP((#681,#684,#624));
#5072=IFCFACEOUTERBOUND(#5071,.T.);
#5073=IFCFACE((#5072));
#5074=IFCPOLYLOOP((#684,#682,#686));
#5075=IFCFACEOUTERBOUND(#5074,.T.);
#5076=IFCFACE((#5075));
#5077=IFCPOLYLOOP((#686,#682,#689));
#5078=IFCFACEOUTERBOUND(#5077,.T.);
#5079=IFCFACE((#5078));
#5080=IFCPOLYLOOP((#637,#763,#765));
#5081=IFCFACEOUTERBOUND(#5080,.T.);
#5082=IFCFACE((#5081));
#5083=IFCPOLYLOOP((#681,#687,#684));
#5084=IFCFACEOUTERBOUND(#5083,.T.);
#5085=IFCFACE((#5084));
#5086=IFCPOLYLOOP((#616,#687,#680));
#5087=IFCFACEOUTERBOUND(#5086,.T.);
#5088=IFCFACE((#5087));
#5089=IFCPOLYLOOP((#688,#679,#669));
#5090=IFCFACEOUTERBOUND(#5089,.T.);
#5091=IFCFACE((#5090));
#5092=IFCPOLYLOOP((#688,#616,#680));
#5093=IFCFACEOUTERBOUND(#5092,.T.);
#5094=IFCFACE((#5093));
#5095=IFCPOLYLOOP((#765,#689,#637));
#5096=IFCFACEOUTERBOUND(#5095,.T.);
#5097=IFCFACE((#5096));
#5098=IFCPOLYLOOP((#643,#690,#646));
#5099=IFCFACEOUTERBOUND(#5098,.T.);
#5100=IFCFACE((#5099));
#5101=IFCPOLYLOOP((#693,#620,#709));
#5102=IFCFACEOUTERBOUND(#5101,.T.);
#5103=IFCFACE((#5102));
#5104=IFCPOLYLOOP((#692,#693,#633));
#5105=IFCFACEOUTERBOUND(#5104,.T.);
#5106=IFCFACE((#5105));
#5107=IFCPOLYLOOP((#723,#693,#692));
#5108=IFCFACEOUTERBOUND(#5107,.T.);
#5109=IFCFACE((#5108));
#5110=IFCPOLYLOOP((#723,#748,#693));
#5111=IFCFACEOUTERBOUND(#5110,.T.);
#5112=IFCFACE((#5111));
#5113=IFCPOLYLOOP((#633,#693,#709));
#5114=IFCFACEOUTERBOUND(#5113,.T.);
#5115=IFCFACE((#5114));
#5116=IFCPOLYLOOP((#628,#710,#713));
#5117=IFCFACEOUTERBOUND(#5116,.T.);
#5118=IFCFACE((#5117));
#5119=IFCPOLYLOOP((#671,#747,#658));
#5120=IFCFACEOUTERBOUND(#5119,.T.);
#5121=IFCFACE((#5120));
#5122=IFCPOLYLOOP((#698,#625,#697));
#5123=IFCFACEOUTERBOUND(#5122,.T.);
#5124=IFCFACE((#5123));
#5125=IFCPOLYLOOP((#698,#696,#695));
#5126=IFCFACEOUTERBOUND(#5125,.T.);
#5127=IFCFACE((#5126));
#5128=IFCPOLYLOOP((#697,#699,#698));
#5129=IFCFACEOUTERBOUND(#5128,.T.);
#5130=IFCFACE((#5129));
#5131=IFCPOLYLOOP((#699,#697,#630));
#5132=IFCFACEOUTERBOUND(#5131,.T.);
#5133=IFCFACE((#5132));
#5134=IFCPOLYLOOP((#759,#756,#631));
#5135=IFCFACEOUTERBOUND(#5134,.T.);
#5136=IFCFACE((#5135));
#5137=IFCPOLYLOOP((#707,#730,#699));
#5138=IFCFACEOUTERBOUND(#5137,.T.);
#5139=IFCFACE((#5138));
#5140=IFCPOLYLOOP((#702,#617,#730,#707));
#5141=IFCFACEOUTERBOUND(#5140,.T.);
#5142=IFCFACE((#5141));
#5143=IFCPOLYLOOP((#704,#705,#607));
#5144=IFCFACEOUTERBOUND(#5143,.T.);
#5145=IFCFACE((#5144));
#5146=IFCPOLYLOOP((#701,#702,#703));
#5147=IFCFACEOUTERBOUND(#5146,.T.);
#5148=IFCFACE((#5147));
#5149=IFCPOLYLOOP((#702,#707,#703));
#5150=IFCFACEOUTERBOUND(#5149,.T.);
#5151=IFCFACE((#5150));
#5152=IFCPOLYLOOP((#703,#705,#701));
#5153=IFCFACEOUTERBOUND(#5152,.T.);
#5154=IFCFACE((#5153));
#5155=IFCPOLYLOOP((#706,#705,#704));
#5156=IFCFACEOUTERBOUND(#5155,.T.);
#5157=IFCFACE((#5156));
#5158=IFCPOLYLOOP((#692,#605,#723));
#5159=IFCFACEOUTERBOUND(#5158,.T.);
#5160=IFCFACE((#5159));
#5161=IFCPOLYLOOP((#706,#722,#705));
#5162=IFCFACEOUTERBOUND(#5161,.T.);
#5163=IFCFACE((#5162));
#5164=IFCPOLYLOOP((#704,#622,#706));
#5165=IFCFACEOUTERBOUND(#5164,.T.);
#5166=IFCFACE((#5165));
#5167=IFCPOLYLOOP((#664,#706,#622));
#5168=IFCFACEOUTERBOUND(#5167,.T.);
#5169=IFCFACE((#5168));
#5170=IFCPOLYLOOP((#630,#700,#707));
#5171=IFCFACEOUTERBOUND(#5170,.T.);
#5172=IFCFACE((#5171));
#5173=IFCPOLYLOOP((#703,#707,#700));
#5174=IFCFACEOUTERBOUND(#5173,.T.);
#5175=IFCFACE((#5174));
#5176=IFCPOLYLOOP((#708,#664,#662));
#5177=IFCFACEOUTERBOUND(#5176,.T.);
#5178=IFCFACE((#5177));
#5179=IFCPOLYLOOP((#670,#708,#661));
#5180=IFCFACEOUTERBOUND(#5179,.T.);
#5181=IFCFACE((#5180));
#5182=IFCPOLYLOOP((#712,#711,#694));
#5183=IFCFACEOUTERBOUND(#5182,.T.);
#5184=IFCFACE((#5183));
#5185=IFCPOLYLOOP((#709,#620,#711));
#5186=IFCFACEOUTERBOUND(#5185,.T.);
#5187=IFCFACE((#5186));
#5188=IFCPOLYLOOP((#713,#710,#712));
#5189=IFCFACEOUTERBOUND(#5188,.T.);
#5190=IFCFACE((#5189));
#5191=IFCPOLYLOOP((#710,#633,#709));
#5192=IFCFACEOUTERBOUND(#5191,.T.);
#5193=IFCFACE((#5192));
#5194=IFCPOLYLOOP((#712,#694,#713));
#5195=IFCFACEOUTERBOUND(#5194,.T.);
#5196=IFCFACE((#5195));
#5197=IFCPOLYLOOP((#709,#712,#710));
#5198=IFCFACEOUTERBOUND(#5197,.T.);
#5199=IFCFACE((#5198));
#5200=IFCPOLYLOOP((#713,#694,#719));
#5201=IFCFACEOUTERBOUND(#5200,.T.);
#5202=IFCFACE((#5201));
#5203=IFCPOLYLOOP((#717,#718,#615));
#5204=IFCFACEOUTERBOUND(#5203,.T.);
#5205=IFCFACE((#5204));
#5206=IFCPOLYLOOP((#715,#732,#739));
#5207=IFCFACEOUTERBOUND(#5206,.T.);
#5208=IFCFACE((#5207));
#5209=IFCPOLYLOOP((#713,#720,#628));
#5210=IFCFACEOUTERBOUND(#5209,.T.);
#5211=IFCFACE((#5210));
#5212=IFCPOLYLOOP((#623,#716,#733));
#5213=IFCFACEOUTERBOUND(#5212,.T.);
#5214=IFCFACE((#5213));
#5215=IFCPOLYLOOP((#632,#732,#716));
#5216=IFCFACEOUTERBOUND(#5215,.T.);
#5217=IFCFACE((#5216));
#5218=IFCPOLYLOOP((#717,#739,#718));
#5219=IFCFACEOUTERBOUND(#5218,.T.);
#5220=IFCFACE((#5219));
#5221=IFCPOLYLOOP((#714,#628,#720));
#5222=IFCFACEOUTERBOUND(#5221,.T.);
#5223=IFCFACE((#5222));
#5224=IFCPOLYLOOP((#720,#713,#719));
#5225=IFCFACEOUTERBOUND(#5224,.T.);
#5226=IFCFACE((#5225));
#5227=IFCPOLYLOOP((#720,#719,#615));
#5228=IFCFACEOUTERBOUND(#5227,.T.);
#5229=IFCFACE((#5228));
#5230=IFCPOLYLOOP((#714,#720,#718));
#5231=IFCFACEOUTERBOUND(#5230,.T.);
#5232=IFCFACE((#5231));
#5233=IFCPOLYLOOP((#763,#637,#762));
#5234=IFCFACEOUTERBOUND(#5233,.T.);
#5235=IFCFACE((#5234));
#5236=IFCPOLYLOOP((#611,#759,#760));
#5237=IFCFACEOUTERBOUND(#5236,.T.);
#5238=IFCFACE((#5237));
#5239=IFCPOLYLOOP((#722,#701,#705));
#5240=IFCFACEOUTERBOUND(#5239,.T.);
#5241=IFCFACE((#5240));
#5242=IFCPOLYLOOP((#723,#724,#691,#748));
#5243=IFCFACEOUTERBOUND(#5242,.T.);
#5244=IFCFACE((#5243));
#5245=IFCPOLYLOOP((#724,#726,#618));
#5246=IFCFACEOUTERBOUND(#5245,.T.);
#5247=IFCFACE((#5246));
#5248=IFCPOLYLOOP((#605,#725,#726));
#5249=IFCFACEOUTERBOUND(#5248,.T.);
#5250=IFCFACE((#5249));
#5251=IFCPOLYLOOP((#753,#636,#752));
#5252=IFCFACEOUTERBOUND(#5251,.T.);
#5253=IFCFACE((#5252));
#5254=IFCPOLYLOOP((#728,#618,#726));
#5255=IFCFACEOUTERBOUND(#5254,.T.);
#5256=IFCFACE((#5255));
#5257=IFCPOLYLOOP((#725,#627,#728));
#5258=IFCFACEOUTERBOUND(#5257,.T.);
#5259=IFCFACE((#5258));
#5260=IFCPOLYLOOP((#750,#729,#728));
#5261=IFCFACEOUTERBOUND(#5260,.T.);
#5262=IFCFACE((#5261));
#5263=IFCPOLYLOOP((#750,#728,#627));
#5264=IFCFACEOUTERBOUND(#5263,.T.);
#5265=IFCFACE((#5264));
#5266=IFCPOLYLOOP((#729,#618,#728));
#5267=IFCFACEOUTERBOUND(#5266,.T.);
#5268=IFCFACE((#5267));
#5269=IFCPOLYLOOP((#730,#668,#699));
#5270=IFCFACEOUTERBOUND(#5269,.T.);
#5271=IFCFACE((#5270));
#5272=IFCPOLYLOOP((#739,#632,#718));
#5273=IFCFACEOUTERBOUND(#5272,.T.);
#5274=IFCFACE((#5273));
#5275=IFCPOLYLOOP((#732,#738,#733));
#5276=IFCFACEOUTERBOUND(#5275,.T.);
#5277=IFCFACE((#5276));
#5278=IFCPOLYLOOP((#715,#739,#717));
#5279=IFCFACEOUTERBOUND(#5278,.T.);
#5280=IFCFACE((#5279));
#5281=IFCPOLYLOOP((#735,#736,#737));
#5282=IFCFACEOUTERBOUND(#5281,.T.);
#5283=IFCFACE((#5282));
#5284=IFCPOLYLOOP((#734,#665,#736));
#5285=IFCFACEOUTERBOUND(#5284,.T.);
#5286=IFCFACE((#5285));
#5287=IFCPOLYLOOP((#736,#665,#737));
#5288=IFCFACEOUTERBOUND(#5287,.T.);
#5289=IFCFACE((#5288));
#5290=IFCPOLYLOOP((#623,#733,#740));
#5291=IFCFACEOUTERBOUND(#5290,.T.);
#5292=IFCFACE((#5291));
#5293=IFCPOLYLOOP((#623,#736,#735));
#5294=IFCFACEOUTERBOUND(#5293,.T.);
#5295=IFCFACE((#5294));
#5296=IFCPOLYLOOP((#741,#749,#634,#743));
#5297=IFCFACEOUTERBOUND(#5296,.T.);
#5298=IFCFACE((#5297));
#5299=IFCPOLYLOOP((#749,#741,#737));
#5300=IFCFACEOUTERBOUND(#5299,.T.);
#5301=IFCFACE((#5300));
#5302=IFCPOLYLOOP((#738,#732,#715));
#5303=IFCFACEOUTERBOUND(#5302,.T.);
#5304=IFCFACE((#5303));
#5305=IFCPOLYLOOP((#738,#635,#733));
#5306=IFCFACEOUTERBOUND(#5305,.T.);
#5307=IFCFACE((#5306));
#5308=IFCPOLYLOOP((#632,#739,#732));
#5309=IFCFACEOUTERBOUND(#5308,.T.);
#5310=IFCFACE((#5309));
#5311=IFCPOLYLOOP((#623,#740,#736));
#5312=IFCFACEOUTERBOUND(#5311,.T.);
#5313=IFCFACE((#5312));
#5314=IFCPOLYLOOP((#635,#740,#733));
#5315=IFCFACEOUTERBOUND(#5314,.T.);
#5316=IFCFACE((#5315));
#5317=IFCPOLYLOOP((#658,#744,#743));
#5318=IFCFACEOUTERBOUND(#5317,.T.);
#5319=IFCFACE((#5318));
#5320=IFCPOLYLOOP((#747,#744,#658));
#5321=IFCFACEOUTERBOUND(#5320,.T.);
#5322=IFCFACE((#5321));
#5323=IFCPOLYLOOP((#742,#640,#741));
#5324=IFCFACEOUTERBOUND(#5323,.T.);
#5325=IFCFACE((#5324));
#5326=IFCPOLYLOOP((#743,#744,#741));
#5327=IFCFACEOUTERBOUND(#5326,.T.);
#5328=IFCFACE((#5327));
#5329=IFCPOLYLOOP((#639,#742,#744));
#5330=IFCFACEOUTERBOUND(#5329,.T.);
#5331=IFCFACE((#5330));
#5332=IFCPOLYLOOP((#645,#745,#655));
#5333=IFCFACEOUTERBOUND(#5332,.T.);
#5334=IFCFACE((#5333));
#5335=IFCPOLYLOOP((#642,#745,#654));
#5336=IFCFACEOUTERBOUND(#5335,.T.);
#5337=IFCFACE((#5336));
#5338=IFCPOLYLOOP((#746,#648,#667));
#5339=IFCFACEOUTERBOUND(#5338,.T.);
#5340=IFCFACE((#5339));
#5341=IFCPOLYLOOP((#639,#747,#666));
#5342=IFCFACEOUTERBOUND(#5341,.T.);
#5343=IFCFACE((#5342));
#5344=IFCPOLYLOOP((#748,#620,#693));
#5345=IFCFACEOUTERBOUND(#5344,.T.);
#5346=IFCFACE((#5345));
#5347=IFCPOLYLOOP((#750,#753,#752));
#5348=IFCFACEOUTERBOUND(#5347,.T.);
#5349=IFCFACE((#5348));
#5350=IFCPOLYLOOP((#729,#750,#752,#727));
#5351=IFCFACEOUTERBOUND(#5350,.T.);
#5352=IFCFACE((#5351));
#5353=IFCPOLYLOOP((#751,#753,#750));
#5354=IFCFACEOUTERBOUND(#5353,.T.);
#5355=IFCFACE((#5354));
#5356=IFCPOLYLOOP((#750,#627,#751));
#5357=IFCFACEOUTERBOUND(#5356,.T.);
#5358=IFCFACE((#5357));
#5359=IFCPOLYLOOP((#751,#626,#753));
#5360=IFCFACEOUTERBOUND(#5359,.T.);
#5361=IFCFACE((#5360));
#5362=IFCPOLYLOOP((#755,#753,#626));
#5363=IFCFACEOUTERBOUND(#5362,.T.);
#5364=IFCFACE((#5363));
#5365=IFCPOLYLOOP((#756,#767,#755));
#5366=IFCFACEOUTERBOUND(#5365,.T.);
#5367=IFCFACE((#5366));
#5368=IFCPOLYLOOP((#754,#631,#756));
#5369=IFCFACEOUTERBOUND(#5368,.T.);
#5370=IFCFACE((#5369));
#5371=IFCPOLYLOOP((#756,#757,#731,#767));
#5372=IFCFACEOUTERBOUND(#5371,.T.);
#5373=IFCFACE((#5372));
#5374=IFCPOLYLOOP((#757,#759,#611));
#5375=IFCFACEOUTERBOUND(#5374,.T.);
#5376=IFCFACE((#5375));
#5377=IFCPOLYLOOP((#759,#757,#756));
#5378=IFCFACEOUTERBOUND(#5377,.T.);
#5379=IFCFACE((#5378));
#5380=IFCPOLYLOOP((#758,#760,#759));
#5381=IFCFACEOUTERBOUND(#5380,.T.);
#5382=IFCFACE((#5381));
#5383=IFCPOLYLOOP((#760,#758,#621));
#5384=IFCFACEOUTERBOUND(#5383,.T.);
#5385=IFCFACE((#5384));
#5386=IFCPOLYLOOP((#763,#761,#638));
#5387=IFCFACEOUTERBOUND(#5386,.T.);
#5388=IFCFACE((#5387));
#5389=IFCPOLYLOOP((#764,#766,#760));
#5390=IFCFACEOUTERBOUND(#5389,.T.);
#5391=IFCFACE((#5390));
#5392=IFCPOLYLOOP((#762,#721,#766,#764));
#5393=IFCFACEOUTERBOUND(#5392,.T.);
#5394=IFCFACE((#5393));
#5395=IFCPOLYLOOP((#762,#764,#763));
#5396=IFCFACEOUTERBOUND(#5395,.T.);
#5397=IFCFACE((#5396));
#5398=IFCPOLYLOOP((#638,#685,#765));
#5399=IFCFACEOUTERBOUND(#5398,.T.);
#5400=IFCFACE((#5399));
#5401=IFCPOLYLOOP((#621,#761,#764));
#5402=IFCFACEOUTERBOUND(#5401,.T.);
#5403=IFCFACE((#5402));
#5404=IFCPOLYLOOP((#763,#764,#761));
#5405=IFCFACEOUTERBOUND(#5404,.T.);
#5406=IFCFACE((#5405));
#5407=IFCPOLYLOOP((#765,#686,#689));
#5408=IFCFACEOUTERBOUND(#5407,.T.);
#5409=IFCFACE((#5408));
#5410=IFCPOLYLOOP((#638,#765,#763));
#5411=IFCFACEOUTERBOUND(#5410,.T.);
#5412=IFCFACE((#5411));
#5413=IFCPOLYLOOP((#766,#611,#760));
#5414=IFCFACEOUTERBOUND(#5413,.T.);
#5415=IFCFACE((#5414));
#5416=IFCPOLYLOOP((#767,#636,#755));
#5417=IFCFACEOUTERBOUND(#5416,.T.);
#5418=IFCFACE((#5417));
#5419=IFCPOLYLOOP((#374,#373,#653,#645,#655,#641,#671,#658,#743,#634,#749,#665,#734,#635,#738,#715,#717,#615,#719,#694,#711,#620,#748,#691,#724,#618,#729,#727,#752,#636,#767,#731,#757,#611,#766,#721,#762,#637,#689,#682,#683,#616,#688,#669,#678,#619,#674,#648,#746,#612,#696,#668,#730,#617,#702,#701,#722,#613,#663,#660,#670,#614,#651,#643,#644,#604,#768));
#5420=IFCFACEOUTERBOUND(#5419,.T.);
#5421=IFCFACE((#5420));
#5422=IFCPOLYLOOP((#399,#398,#1317,#1318,#1364,#1363,#1370,#1339,#1388,#1378,#1381,#1335,#1425,#1418,#1452,#1337,#1427,#1386,#1453,#1333,#1454,#1369,#1436,#1340,#1440,#1387,#1450,#1336,#1445,#1444,#1451,#1355,#1474,#1407,#1486,#1331,#1488,#1415,#1480,#1354,#1487,#1402,#1403,#1334,#1406,#1391,#1398,#1338,#1417,#1392,#1409,#1332,#1414,#1412,#1462,#1357,#1458,#1383,#1469,#1356,#1466,#1384,#1389,#1361,#1374,#1365,#1372));
#5423=IFCFACEOUTERBOUND(#5422,.T.);
#5424=IFCFACE((#5423));
#5425=IFCPOLYLOOP((#374,#773,#824));
#5426=IFCFACEOUTERBOUND(#5425,.T.);
#5427=IFCFACE((#5426));
#5428=IFCPOLYLOOP((#770,#771,#2107));
#5429=IFCFACEOUTERBOUND(#5428,.T.);
#5430=IFCFACE((#5429));
#5431=IFCPOLYLOOP((#768,#772,#3059));
#5432=IFCFACEOUTERBOUND(#5431,.T.);
#5433=IFCFACE((#5432));
#5434=IFCPOLYLOOP((#768,#773,#374));
#5435=IFCFACEOUTERBOUND(#5434,.T.);
#5436=IFCFACE((#5435));
#5437=IFCPOLYLOOP((#772,#769,#770));
#5438=IFCFACEOUTERBOUND(#5437,.T.);
#5439=IFCFACE((#5438));
#5440=IFCPOLYLOOP((#769,#772,#768));
#5441=IFCFACEOUTERBOUND(#5440,.T.);
#5442=IFCFACE((#5441));
#5443=IFCPOLYLOOP((#374,#824,#823));
#5444=IFCFACEOUTERBOUND(#5443,.T.);
#5445=IFCFACE((#5444));
#5446=IFCPOLYLOOP((#374,#823,#857));
#5447=IFCFACEOUTERBOUND(#5446,.T.);
#5448=IFCFACE((#5447));
#5449=IFCPOLYLOOP((#374,#857,#779));
#5450=IFCFACEOUTERBOUND(#5449,.T.);
#5451=IFCFACE((#5450));
#5452=IFCPOLYLOOP((#374,#779,#836));
#5453=IFCFACEOUTERBOUND(#5452,.T.);
#5454=IFCFACE((#5453));
#5455=IFCPOLYLOOP((#374,#836,#835));
#5456=IFCFACEOUTERBOUND(#5455,.T.);
#5457=IFCFACE((#5456));
#5458=IFCPOLYLOOP((#374,#835,#861));
#5459=IFCFACEOUTERBOUND(#5458,.T.);
#5460=IFCFACE((#5459));
#5461=IFCPOLYLOOP((#374,#861,#778));
#5462=IFCFACEOUTERBOUND(#5461,.T.);
#5463=IFCFACE((#5462));
#5464=IFCPOLYLOOP((#374,#778,#842));
#5465=IFCFACEOUTERBOUND(#5464,.T.);
#5466=IFCFACE((#5465));
#5467=IFCPOLYLOOP((#374,#842,#841));
#5468=IFCFACEOUTERBOUND(#5467,.T.);
#5469=IFCFACE((#5468));
#5470=IFCPOLYLOOP((#374,#841,#865));
#5471=IFCFACEOUTERBOUND(#5470,.T.);
#5472=IFCFACE((#5471));
#5473=IFCPOLYLOOP((#374,#865,#788));
#5474=IFCFACEOUTERBOUND(#5473,.T.);
#5475=IFCFACE((#5474));
#5476=IFCPOLYLOOP((#374,#788,#867));
#5477=IFCFACEOUTERBOUND(#5476,.T.);
#5478=IFCFACE((#5477));
#5479=IFCPOLYLOOP((#374,#867,#831));
#5480=IFCFACEOUTERBOUND(#5479,.T.);
#5481=IFCFACE((#5480));
#5482=IFCPOLYLOOP((#374,#831,#859));
#5483=IFCFACEOUTERBOUND(#5482,.T.);
#5484=IFCFACE((#5483));
#5485=IFCPOLYLOOP((#374,#859,#777));
#5486=IFCFACEOUTERBOUND(#5485,.T.);
#5487=IFCFACE((#5486));
#5488=IFCPOLYLOOP((#374,#777,#873));
#5489=IFCFACEOUTERBOUND(#5488,.T.);
#5490=IFCFACE((#5489));
#5491=IFCPOLYLOOP((#374,#873,#810));
#5492=IFCFACEOUTERBOUND(#5491,.T.);
#5493=IFCFACE((#5492));
#5494=IFCPOLYLOOP((#374,#810,#878));
#5495=IFCFACEOUTERBOUND(#5494,.T.);
#5496=IFCFACE((#5495));
#5497=IFCPOLYLOOP((#374,#878,#793));
#5498=IFCFACEOUTERBOUND(#5497,.T.);
#5499=IFCFACE((#5498));
#5500=IFCPOLYLOOP((#374,#793,#882));
#5501=IFCFACEOUTERBOUND(#5500,.T.);
#5502=IFCFACE((#5501));
#5503=IFCPOLYLOOP((#374,#882,#808));
#5504=IFCFACEOUTERBOUND(#5503,.T.);
#5505=IFCFACE((#5504));
#5506=IFCPOLYLOOP((#374,#808,#887));
#5507=IFCFACEOUTERBOUND(#5506,.T.);
#5508=IFCFACE((#5507));
#5509=IFCPOLYLOOP((#374,#887,#789));
#5510=IFCFACEOUTERBOUND(#5509,.T.);
#5511=IFCFACE((#5510));
#5512=IFCPOLYLOOP((#374,#789,#890));
#5513=IFCFACEOUTERBOUND(#5512,.T.);
#5514=IFCFACE((#5513));
#5515=IFCPOLYLOOP((#374,#890,#794));
#5516=IFCFACEOUTERBOUND(#5515,.T.);
#5517=IFCFACE((#5516));
#5518=IFCPOLYLOOP((#374,#794,#929));
#5519=IFCFACEOUTERBOUND(#5518,.T.);
#5520=IFCFACE((#5519));
#5521=IFCPOLYLOOP((#374,#929,#894));
#5522=IFCFACEOUTERBOUND(#5521,.T.);
#5523=IFCFACE((#5522));
#5524=IFCPOLYLOOP((#374,#894,#790));
#5525=IFCFACEOUTERBOUND(#5524,.T.);
#5526=IFCFACE((#5525));
#5527=IFCPOLYLOOP((#374,#790,#900));
#5528=IFCFACEOUTERBOUND(#5527,.T.);
#5529=IFCFACE((#5528));
#5530=IFCPOLYLOOP((#374,#900,#792));
#5531=IFCFACEOUTERBOUND(#5530,.T.);
#5532=IFCFACE((#5531));
#5533=IFCPOLYLOOP((#374,#792,#899));
#5534=IFCFACEOUTERBOUND(#5533,.T.);
#5535=IFCFACE((#5534));
#5536=IFCPOLYLOOP((#374,#899,#938));
#5537=IFCFACEOUTERBOUND(#5536,.T.);
#5538=IFCFACE((#5537));
#5539=IFCPOLYLOOP((#374,#938,#776));
#5540=IFCFACEOUTERBOUND(#5539,.T.);
#5541=IFCFACE((#5540));
#5542=IFCPOLYLOOP((#374,#776,#896));
#5543=IFCFACEOUTERBOUND(#5542,.T.);
#5544=IFCFACE((#5543));
#5545=IFCPOLYLOOP((#374,#896,#797));
#5546=IFCFACEOUTERBOUND(#5545,.T.);
#5547=IFCFACE((#5546));
#5548=IFCPOLYLOOP((#374,#797,#944));
#5549=IFCFACEOUTERBOUND(#5548,.T.);
#5550=IFCFACE((#5549));
#5551=IFCPOLYLOOP((#374,#944,#893));
#5552=IFCFACEOUTERBOUND(#5551,.T.);
#5553=IFCFACE((#5552));
#5554=IFCPOLYLOOP((#374,#893,#796));
#5555=IFCFACEOUTERBOUND(#5554,.T.);
#5556=IFCFACE((#5555));
#5557=IFCPOLYLOOP((#374,#796,#889));
#5558=IFCFACEOUTERBOUND(#5557,.T.);
#5559=IFCFACE((#5558));
#5560=IFCPOLYLOOP((#374,#889,#950));
#5561=IFCFACEOUTERBOUND(#5560,.T.);
#5562=IFCFACE((#5561));
#5563=IFCPOLYLOOP((#374,#950,#811));
#5564=IFCFACEOUTERBOUND(#5563,.T.);
#5565=IFCFACE((#5564));
#5566=IFCPOLYLOOP((#374,#811,#884));
#5567=IFCFACEOUTERBOUND(#5566,.T.);
#5568=IFCFACE((#5567));
#5569=IFCPOLYLOOP((#374,#884,#795));
#5570=IFCFACEOUTERBOUND(#5569,.T.);
#5571=IFCFACE((#5570));
#5572=IFCPOLYLOOP((#374,#795,#956));
#5573=IFCFACEOUTERBOUND(#5572,.T.);
#5574=IFCFACE((#5573));
#5575=IFCPOLYLOOP((#374,#956,#879));
#5576=IFCFACEOUTERBOUND(#5575,.T.);
#5577=IFCFACE((#5576));
#5578=IFCPOLYLOOP((#374,#879,#814));
#5579=IFCFACEOUTERBOUND(#5578,.T.);
#5580=IFCFACE((#5579));
#5581=IFCPOLYLOOP((#374,#814,#874));
#5582=IFCFACEOUTERBOUND(#5581,.T.);
#5583=IFCFACE((#5582));
#5584=IFCPOLYLOOP((#374,#874,#812));
#5585=IFCFACEOUTERBOUND(#5584,.T.);
#5586=IFCFACE((#5585));
#5587=IFCPOLYLOOP((#374,#812,#869));
#5588=IFCFACEOUTERBOUND(#5587,.T.);
#5589=IFCFACE((#5588));
#5590=IFCPOLYLOOP((#374,#869,#843));
#5591=IFCFACEOUTERBOUND(#5590,.T.);
#5592=IFCFACE((#5591));
#5593=IFCPOLYLOOP((#374,#843,#858));
#5594=IFCFACEOUTERBOUND(#5593,.T.);
#5595=IFCFACE((#5594));
#5596=IFCPOLYLOOP((#374,#858,#791));
#5597=IFCFACEOUTERBOUND(#5596,.T.);
#5598=IFCFACE((#5597));
#5599=IFCPOLYLOOP((#374,#791,#976));
#5600=IFCFACEOUTERBOUND(#5599,.T.);
#5601=IFCFACE((#5600));
#5602=IFCPOLYLOOP((#374,#976,#839));
#5603=IFCFACEOUTERBOUND(#5602,.T.);
#5604=IFCFACE((#5603));
#5605=IFCPOLYLOOP((#374,#839,#838));
#5606=IFCFACEOUTERBOUND(#5605,.T.);
#5607=IFCFACE((#5606));
#5608=IFCPOLYLOOP((#374,#838,#1002));
#5609=IFCFACEOUTERBOUND(#5608,.T.);
#5610=IFCFACE((#5609));
#5611=IFCPOLYLOOP((#374,#1002,#863));
#5612=IFCFACEOUTERBOUND(#5611,.T.);
#5613=IFCFACE((#5612));
#5614=IFCPOLYLOOP((#374,#863,#813));
#5615=IFCFACEOUTERBOUND(#5614,.T.);
#5616=IFCFACE((#5615));
#5617=IFCPOLYLOOP((#374,#813,#830));
#5618=IFCFACEOUTERBOUND(#5617,.T.);
#5619=IFCFACE((#5618));
#5620=IFCPOLYLOOP((#374,#830,#829));
#5621=IFCFACEOUTERBOUND(#5620,.T.);
#5622=IFCFACE((#5621));
#5623=IFCPOLYLOOP((#374,#829,#855));
#5624=IFCFACEOUTERBOUND(#5623,.T.);
#5625=IFCFACE((#5624));
#5626=IFCPOLYLOOP((#374,#855,#809));
#5627=IFCFACEOUTERBOUND(#5626,.T.);
#5628=IFCFACE((#5627));
#5629=IFCPOLYLOOP((#374,#809,#850));
#5630=IFCFACEOUTERBOUND(#5629,.T.);
#5631=IFCFACE((#5630));
#5632=IFCPOLYLOOP((#374,#850,#820));
#5633=IFCFACEOUTERBOUND(#5632,.T.);
#5634=IFCFACE((#5633));
#5635=IFCPOLYLOOP((#374,#820,#853));
#5636=IFCFACEOUTERBOUND(#5635,.T.);
#5637=IFCFACE((#5636));
#5638=IFCPOLYLOOP((#374,#853,#819));
#5639=IFCFACEOUTERBOUND(#5638,.T.);
#5640=IFCFACE((#5639));
#5641=IFCPOLYLOOP((#374,#819,#848));
#5642=IFCFACEOUTERBOUND(#5641,.T.);
#5643=IFCFACE((#5642));
#5644=IFCPOLYLOOP((#374,#848,#825));
#5645=IFCFACEOUTERBOUND(#5644,.T.);
#5646=IFCFACE((#5645));
#5647=IFCPOLYLOOP((#374,#825,#846));
#5648=IFCFACEOUTERBOUND(#5647,.T.);
#5649=IFCFACE((#5648));
#5650=IFCPOLYLOOP((#374,#846,#375));
#5651=IFCFACEOUTERBOUND(#5650,.T.);
#5652=IFCFACE((#5651));
#5653=IFCPOLYLOOP((#770,#2107,#2095));
#5654=IFCFACEOUTERBOUND(#5653,.T.);
#5655=IFCFACE((#5654));
#5656=IFCPOLYLOOP((#770,#2095,#2125));
#5657=IFCFACEOUTERBOUND(#5656,.T.);
#5658=IFCFACE((#5657));
#5659=IFCPOLYLOOP((#770,#2125,#2094));
#5660=IFCFACEOUTERBOUND(#5659,.T.);
#5661=IFCFACE((#5660));
#5662=IFCPOLYLOOP((#770,#2094,#2127));
#5663=IFCFACEOUTERBOUND(#5662,.T.);
#5664=IFCFACE((#5663));
#5665=IFCPOLYLOOP((#770,#2127,#2103));
#5666=IFCFACEOUTERBOUND(#5665,.T.);
#5667=IFCFACE((#5666));
#5668=IFCPOLYLOOP((#770,#2103,#2173));
#5669=IFCFACEOUTERBOUND(#5668,.T.);
#5670=IFCFACE((#5669));
#5671=IFCPOLYLOOP((#770,#2173,#2087));
#5672=IFCFACEOUTERBOUND(#5671,.T.);
#5673=IFCFACE((#5672));
#5674=IFCPOLYLOOP((#770,#2087,#2102));
#5675=IFCFACEOUTERBOUND(#5674,.T.);
#5676=IFCFACE((#5675));
#5677=IFCPOLYLOOP((#770,#2102,#2101));
#5678=IFCFACEOUTERBOUND(#5677,.T.);
#5679=IFCFACE((#5678));
#5680=IFCPOLYLOOP((#770,#2101,#2181));
#5681=IFCFACEOUTERBOUND(#5680,.T.);
#5682=IFCFACE((#5681));
#5683=IFCPOLYLOOP((#770,#2181,#2132));
#5684=IFCFACEOUTERBOUND(#5683,.T.);
#5685=IFCFACE((#5684));
#5686=IFCPOLYLOOP((#770,#2132,#2089));
#5687=IFCFACEOUTERBOUND(#5686,.T.);
#5688=IFCFACE((#5687));
#5689=IFCPOLYLOOP((#770,#2089,#2137));
#5690=IFCFACEOUTERBOUND(#5689,.T.);
#5691=IFCFACE((#5690));
#5692=IFCPOLYLOOP((#770,#2137,#2109));
#5693=IFCFACEOUTERBOUND(#5692,.T.);
#5694=IFCFACE((#5693));
#5695=IFCPOLYLOOP((#770,#2109,#2196));
#5696=IFCFACEOUTERBOUND(#5695,.T.);
#5697=IFCFACE((#5696));
#5698=IFCPOLYLOOP((#770,#2196,#2138));
#5699=IFCFACEOUTERBOUND(#5698,.T.);
#5700=IFCFACE((#5699));
#5701=IFCPOLYLOOP((#770,#2138,#2200));
#5702=IFCFACEOUTERBOUND(#5701,.T.);
#5703=IFCFACE((#5702));
#5704=IFCPOLYLOOP((#770,#2200,#2063));
#5705=IFCFACEOUTERBOUND(#5704,.T.);
#5706=IFCFACE((#5705));
#5707=IFCPOLYLOOP((#770,#2063,#2143));
#5708=IFCFACEOUTERBOUND(#5707,.T.);
#5709=IFCFACE((#5708));
#5710=IFCPOLYLOOP((#770,#2143,#2121));
#5711=IFCFACEOUTERBOUND(#5710,.T.);
#5712=IFCFACE((#5711));
#5713=IFCPOLYLOOP((#770,#2121,#2129));
#5714=IFCFACEOUTERBOUND(#5713,.T.);
#5715=IFCFACE((#5714));
#5716=IFCPOLYLOOP((#770,#2129,#2086));
#5717=IFCFACEOUTERBOUND(#5716,.T.);
#5718=IFCFACE((#5717));
#5719=IFCPOLYLOOP((#770,#2086,#2147));
#5720=IFCFACEOUTERBOUND(#5719,.T.);
#5721=IFCFACE((#5720));
#5722=IFCPOLYLOOP((#770,#2147,#2088));
#5723=IFCFACEOUTERBOUND(#5722,.T.);
#5724=IFCFACE((#5723));
#5725=IFCPOLYLOOP((#770,#2088,#2155));
#5726=IFCFACEOUTERBOUND(#5725,.T.);
#5727=IFCFACE((#5726));
#5728=IFCPOLYLOOP((#770,#2155,#2267));
#5729=IFCFACEOUTERBOUND(#5728,.T.);
#5730=IFCFACE((#5729));
#5731=IFCPOLYLOOP((#770,#2267,#2065));
#5732=IFCFACEOUTERBOUND(#5731,.T.);
#5733=IFCFACE((#5732));
#5734=IFCPOLYLOOP((#770,#2065,#2159));
#5735=IFCFACEOUTERBOUND(#5734,.T.);
#5736=IFCFACE((#5735));
#5737=IFCPOLYLOOP((#770,#2159,#2084));
#5738=IFCFACEOUTERBOUND(#5737,.T.);
#5739=IFCFACE((#5738));
#5740=IFCPOLYLOOP((#770,#2084,#2261));
#5741=IFCFACEOUTERBOUND(#5740,.T.);
#5742=IFCFACE((#5741));
#5743=IFCPOLYLOOP((#770,#2261,#2168));
#5744=IFCFACEOUTERBOUND(#5743,.T.);
#5745=IFCFACE((#5744));
#5746=IFCPOLYLOOP((#770,#2168,#2069));
#5747=IFCFACEOUTERBOUND(#5746,.T.);
#5748=IFCFACE((#5747));
#5749=IFCPOLYLOOP((#770,#2069,#2179));
#5750=IFCFACEOUTERBOUND(#5749,.T.);
#5751=IFCFACE((#5750));
#5752=IFCPOLYLOOP((#770,#2179,#2255));
#5753=IFCFACEOUTERBOUND(#5752,.T.);
#5754=IFCFACE((#5753));
#5755=IFCPOLYLOOP((#770,#2255,#2072));
#5756=IFCFACEOUTERBOUND(#5755,.T.);
#5757=IFCFACE((#5756));
#5758=IFCPOLYLOOP((#770,#2072,#2195));
#5759=IFCFACEOUTERBOUND(#5758,.T.);
#5760=IFCFACE((#5759));
#5761=IFCPOLYLOOP((#770,#2195,#2051));
#5762=IFCFACEOUTERBOUND(#5761,.T.);
#5763=IFCFACE((#5762));
#5764=IFCPOLYLOOP((#770,#2051,#2249));
#5765=IFCFACEOUTERBOUND(#5764,.T.);
#5766=IFCFACE((#5765));
#5767=IFCPOLYLOOP((#770,#2249,#2209));
#5768=IFCFACEOUTERBOUND(#5767,.T.);
#5769=IFCFACE((#5768));
#5770=IFCPOLYLOOP((#770,#2209,#2071));
#5771=IFCFACEOUTERBOUND(#5770,.T.);
#5772=IFCFACE((#5771));
#5773=IFCPOLYLOOP((#770,#2071,#2211));
#5774=IFCFACEOUTERBOUND(#5773,.T.);
#5775=IFCFACE((#5774));
#5776=IFCPOLYLOOP((#770,#2211,#2068));
#5777=IFCFACEOUTERBOUND(#5776,.T.);
#5778=IFCFACE((#5777));
#5779=IFCPOLYLOOP((#770,#2068,#2186));
#5780=IFCFACEOUTERBOUND(#5779,.T.);
#5781=IFCFACE((#5780));
#5782=IFCPOLYLOOP((#770,#2186,#2240));
#5783=IFCFACEOUTERBOUND(#5782,.T.);
#5784=IFCFACE((#5783));
#5785=IFCPOLYLOOP((#770,#2240,#2070));
#5786=IFCFACEOUTERBOUND(#5785,.T.);
#5787=IFCFACE((#5786));
#5788=IFCPOLYLOOP((#770,#2070,#2177));
#5789=IFCFACEOUTERBOUND(#5788,.T.);
#5790=IFCFACE((#5789));
#5791=IFCPOLYLOOP((#770,#2177,#2064));
#5792=IFCFACEOUTERBOUND(#5791,.T.);
#5793=IFCFACE((#5792));
#5794=IFCPOLYLOOP((#770,#2064,#2162));
#5795=IFCFACEOUTERBOUND(#5794,.T.);
#5796=IFCFACE((#5795));
#5797=IFCPOLYLOOP((#770,#2162,#2085));
#5798=IFCFACEOUTERBOUND(#5797,.T.);
#5799=IFCFACE((#5798));
#5800=IFCPOLYLOOP((#770,#2085,#2158));
#5801=IFCFACEOUTERBOUND(#5800,.T.);
#5802=IFCFACE((#5801));
#5803=IFCPOLYLOOP((#770,#2158,#2067));
#5804=IFCFACEOUTERBOUND(#5803,.T.);
#5805=IFCFACE((#5804));
#5806=IFCPOLYLOOP((#770,#2067,#2154));
#5807=IFCFACEOUTERBOUND(#5806,.T.);
#5808=IFCFACE((#5807));
#5809=IFCPOLYLOOP((#770,#2154,#2083));
#5810=IFCFACEOUTERBOUND(#5809,.T.);
#5811=IFCFACE((#5810));
#5812=IFCPOLYLOOP((#770,#2083,#2150));
#5813=IFCFACEOUTERBOUND(#5812,.T.);
#5814=IFCFACE((#5813));
#5815=IFCPOLYLOOP((#770,#2150,#2052));
#5816=IFCFACEOUTERBOUND(#5815,.T.);
#5817=IFCFACE((#5816));
#5818=IFCPOLYLOOP((#770,#2052,#2120));
#5819=IFCFACEOUTERBOUND(#5818,.T.);
#5820=IFCFACE((#5819));
#5821=IFCPOLYLOOP((#770,#2120,#2119));
#5822=IFCFACEOUTERBOUND(#5821,.T.);
#5823=IFCFACE((#5822));
#5824=IFCPOLYLOOP((#770,#2119,#2145));
#5825=IFCFACEOUTERBOUND(#5824,.T.);
#5826=IFCFACE((#5825));
#5827=IFCPOLYLOOP((#770,#2145,#2066));
#5828=IFCFACEOUTERBOUND(#5827,.T.);
#5829=IFCFACE((#5828));
#5830=IFCPOLYLOOP((#770,#2066,#2114));
#5831=IFCFACEOUTERBOUND(#5830,.T.);
#5832=IFCFACE((#5831));
#5833=IFCPOLYLOOP((#770,#2114,#2113));
#5834=IFCFACEOUTERBOUND(#5833,.T.);
#5835=IFCFACE((#5834));
#5836=IFCPOLYLOOP((#770,#2113,#2190));
#5837=IFCFACEOUTERBOUND(#5836,.T.);
#5838=IFCFACE((#5837));
#5839=IFCPOLYLOOP((#770,#2190,#2139));
#5840=IFCFACEOUTERBOUND(#5839,.T.);
#5841=IFCFACE((#5840));
#5842=IFCPOLYLOOP((#770,#2139,#2053));
#5843=IFCFACEOUTERBOUND(#5842,.T.);
#5844=IFCFACE((#5843));
#5845=IFCPOLYLOOP((#770,#2053,#2117));
#5846=IFCFACEOUTERBOUND(#5845,.T.);
#5847=IFCFACE((#5846));
#5848=IFCPOLYLOOP((#770,#2117,#2116));
#5849=IFCFACEOUTERBOUND(#5848,.T.);
#5850=IFCFACE((#5849));
#5851=IFCPOLYLOOP((#770,#2116,#2164));
#5852=IFCFACEOUTERBOUND(#5851,.T.);
#5853=IFCFACE((#5852));
#5854=IFCPOLYLOOP((#770,#2164,#2134));
#5855=IFCFACEOUTERBOUND(#5854,.T.);
#5856=IFCFACE((#5855));
#5857=IFCPOLYLOOP((#770,#2134,#2054));
#5858=IFCFACEOUTERBOUND(#5857,.T.);
#5859=IFCFACE((#5858));
#5860=IFCPOLYLOOP((#770,#2054,#2131));
#5861=IFCFACEOUTERBOUND(#5860,.T.);
#5862=IFCFACE((#5861));
#5863=IFCPOLYLOOP((#770,#2131,#2097));
#5864=IFCFACEOUTERBOUND(#5863,.T.);
#5865=IFCFACE((#5864));
#5866=IFCPOLYLOOP((#770,#2097,#2108));
#5867=IFCFACEOUTERBOUND(#5866,.T.);
#5868=IFCFACE((#5867));
#5869=IFCPOLYLOOP((#770,#2108,#772));
#5870=IFCFACEOUTERBOUND(#5869,.T.);
#5871=IFCFACE((#5870));
#5872=IFCPOLYLOOP((#768,#3059,#3050));
#5873=IFCFACEOUTERBOUND(#5872,.T.);
#5874=IFCFACE((#5873));
#5875=IFCPOLYLOOP((#768,#3050,#3083));
#5876=IFCFACEOUTERBOUND(#5875,.T.);
#5877=IFCFACE((#5876));
#5878=IFCPOLYLOOP((#768,#3083,#3034));
#5879=IFCFACEOUTERBOUND(#5878,.T.);
#5880=IFCFACE((#5879));
#5881=IFCPOLYLOOP((#768,#3034,#3085));
#5882=IFCFACEOUTERBOUND(#5881,.T.);
#5883=IFCFACE((#5882));
#5884=IFCPOLYLOOP((#768,#3085,#3072));
#5885=IFCFACEOUTERBOUND(#5884,.T.);
#5886=IFCFACE((#5885));
#5887=IFCPOLYLOOP((#768,#3072,#3073));
#5888=IFCFACEOUTERBOUND(#5887,.T.);
#5889=IFCFACE((#5888));
#5890=IFCPOLYLOOP((#768,#3073,#3051));
#5891=IFCFACEOUTERBOUND(#5890,.T.);
#5892=IFCFACE((#5891));
#5893=IFCPOLYLOOP((#768,#3051,#3066));
#5894=IFCFACEOUTERBOUND(#5893,.T.);
#5895=IFCFACE((#5894));
#5896=IFCPOLYLOOP((#768,#3066,#3065));
#5897=IFCFACEOUTERBOUND(#5896,.T.);
#5898=IFCFACE((#5897));
#5899=IFCPOLYLOOP((#768,#3065,#3093));
#5900=IFCFACEOUTERBOUND(#5899,.T.);
#5901=IFCFACE((#5900));
#5902=IFCPOLYLOOP((#768,#3093,#3033));
#5903=IFCFACEOUTERBOUND(#5902,.T.);
#5904=IFCFACE((#5903));
#5905=IFCPOLYLOOP((#768,#3033,#3104));
#5906=IFCFACEOUTERBOUND(#5905,.T.);
#5907=IFCFACE((#5906));
#5908=IFCPOLYLOOP((#768,#3104,#3052));
#5909=IFCFACEOUTERBOUND(#5908,.T.);
#5910=IFCFACE((#5909));
#5911=IFCPOLYLOOP((#768,#3052,#3119));
#5912=IFCFACEOUTERBOUND(#5911,.T.);
#5913=IFCFACE((#5912));
#5914=IFCPOLYLOOP((#768,#3119,#3047));
#5915=IFCFACEOUTERBOUND(#5914,.T.);
#5916=IFCFACE((#5915));
#5917=IFCPOLYLOOP((#768,#3047,#3114));
#5918=IFCFACEOUTERBOUND(#5917,.T.);
#5919=IFCFACE((#5918));
#5920=IFCPOLYLOOP((#768,#3114,#3053));
#5921=IFCFACEOUTERBOUND(#5920,.T.);
#5922=IFCFACE((#5921));
#5923=IFCPOLYLOOP((#768,#3053,#3109));
#5924=IFCFACEOUTERBOUND(#5923,.T.);
#5925=IFCFACE((#5924));
#5926=IFCPOLYLOOP((#768,#3109,#3035));
#5927=IFCFACEOUTERBOUND(#5926,.T.);
#5928=IFCFACE((#5927));
#5929=IFCPOLYLOOP((#768,#3035,#3097));
#5930=IFCFACEOUTERBOUND(#5929,.T.);
#5931=IFCFACE((#5930));
#5932=IFCPOLYLOOP((#768,#3097,#3049));
#5933=IFCFACEOUTERBOUND(#5932,.T.);
#5934=IFCFACE((#5933));
#5935=IFCPOLYLOOP((#768,#3049,#3094));
#5936=IFCFACEOUTERBOUND(#5935,.T.);
#5937=IFCFACE((#5936));
#5938=IFCPOLYLOOP((#768,#3094,#3036));
#5939=IFCFACEOUTERBOUND(#5938,.T.);
#5940=IFCFACE((#5939));
#5941=IFCPOLYLOOP((#768,#3036,#3080));
#5942=IFCFACEOUTERBOUND(#5941,.T.);
#5943=IFCFACE((#5942));
#5944=IFCPOLYLOOP((#768,#3080,#3048));
#5945=IFCFACEOUTERBOUND(#5944,.T.);
#5946=IFCFACE((#5945));
#5947=IFCPOLYLOOP((#768,#3048,#3058));
#5948=IFCFACEOUTERBOUND(#5947,.T.);
#5949=IFCFACE((#5948));
#5950=IFCPOLYLOOP((#768,#3058,#773));
#5951=IFCFACEOUTERBOUND(#5950,.T.);
#5952=IFCFACE((#5951));
#5953=IFCPOLYLOOP((#824,#773,#774));
#5954=IFCFACEOUTERBOUND(#5953,.T.);
#5955=IFCFACE((#5954));
#5956=IFCPOLYLOOP((#375,#988,#376));
#5957=IFCFACEOUTERBOUND(#5956,.T.);
#5958=IFCFACE((#5957));
#5959=IFCPOLYLOOP((#910,#909,#912));
#5960=IFCFACEOUTERBOUND(#5959,.T.);
#5961=IFCFACE((#5960));
#5962=IFCPOLYLOOP((#375,#846,#988));
#5963=IFCFACEOUTERBOUND(#5962,.T.);
#5964=IFCFACE((#5963));
#5965=IFCPOLYLOOP((#969,#836,#779));
#5966=IFCFACEOUTERBOUND(#5965,.T.);
#5967=IFCFACE((#5966));
#5968=IFCPOLYLOOP((#979,#800,#977));
#5969=IFCFACEOUTERBOUND(#5968,.T.);
#5970=IFCFACE((#5969));
#5971=IFCPOLYLOOP((#943,#942,#897));
#5972=IFCFACEOUTERBOUND(#5971,.T.);
#5973=IFCFACE((#5972));
#5974=IFCPOLYLOOP((#919,#793,#918));
#5975=IFCFACEOUTERBOUND(#5974,.T.);
#5976=IFCFACE((#5975));
#5977=IFCPOLYLOOP((#899,#936,#937));
#5978=IFCFACEOUTERBOUND(#5977,.T.);
#5979=IFCFACE((#5978));
#5980=IFCPOLYLOOP((#980,#842,#778));
#5981=IFCFACEOUTERBOUND(#5980,.T.);
#5982=IFCFACE((#5981));
#5983=IFCPOLYLOOP((#990,#823,#989));
#5984=IFCFACEOUTERBOUND(#5983,.T.);
#5985=IFCFACE((#5984));
#5986=IFCPOLYLOOP((#781,#913,#912,#909));
#5987=IFCFACEOUTERBOUND(#5986,.T.);
#5988=IFCFACE((#5987));
#5989=IFCPOLYLOOP((#975,#861,#974));
#5990=IFCFACEOUTERBOUND(#5989,.T.);
#5991=IFCFACE((#5990));
#5992=IFCPOLYLOOP((#970,#1011,#856));
#5993=IFCFACEOUTERBOUND(#5992,.T.);
#5994=IFCFACE((#5993));
#5995=IFCPOLYLOOP((#927,#891,#928));
#5996=IFCFACEOUTERBOUND(#5995,.T.);
#5997=IFCFACE((#5996));
#5998=IFCPOLYLOOP((#986,#865,#985));
#5999=IFCFACEOUTERBOUND(#5998,.T.);
#6000=IFCFACE((#5999));
#6001=IFCPOLYLOOP((#935,#900,#934));
#6002=IFCFACEOUTERBOUND(#6001,.T.);
#6003=IFCFACE((#6002));
#6004=IFCPOLYLOOP((#1006,#1007,#867));
#6005=IFCFACEOUTERBOUND(#6004,.T.);
#6006=IFCFACE((#6005));
#6007=IFCPOLYLOOP((#930,#931,#894));
#6008=IFCFACEOUTERBOUND(#6007,.T.);
#6009=IFCFACE((#6008));
#6010=IFCPOLYLOOP((#903,#902,#813));
#6011=IFCFACEOUTERBOUND(#6010,.T.);
#6012=IFCFACE((#6011));
#6013=IFCPOLYLOOP((#988,#827,#377,#376));
#6014=IFCFACEOUTERBOUND(#6013,.T.);
#6015=IFCFACE((#6014));
#6016=IFCPOLYLOOP((#900,#933,#934));
#6017=IFCFACEOUTERBOUND(#6016,.T.);
#6018=IFCFACE((#6017));
#6019=IFCPOLYLOOP((#922,#923,#887));
#6020=IFCFACEOUTERBOUND(#6019,.T.);
#6021=IFCFACE((#6020));
#6022=IFCPOLYLOOP((#942,#941,#897));
#6023=IFCFACEOUTERBOUND(#6022,.T.);
#6024=IFCFACE((#6023));
#6025=IFCPOLYLOOP((#791,#979,#976));
#6026=IFCFACEOUTERBOUND(#6025,.T.);
#6027=IFCFACE((#6026));
#6028=IFCPOLYLOOP((#952,#811,#951));
#6029=IFCFACEOUTERBOUND(#6028,.T.);
#6030=IFCFACE((#6029));
#6031=IFCPOLYLOOP((#892,#946,#945));
#6032=IFCFACEOUTERBOUND(#6031,.T.);
#6033=IFCFACE((#6032));
#6034=IFCPOLYLOOP((#945,#946,#893));
#6035=IFCFACEOUTERBOUND(#6034,.T.);
#6036=IFCFACE((#6035));
#6037=IFCPOLYLOOP((#916,#810,#915));
#6038=IFCFACEOUTERBOUND(#6037,.T.);
#6039=IFCFACE((#6038));
#6040=IFCPOLYLOOP((#963,#962,#805));
#6041=IFCFACEOUTERBOUND(#6040,.T.);
#6042=IFCFACE((#6041));
#6043=IFCPOLYLOOP((#914,#872,#915));
#6044=IFCFACEOUTERBOUND(#6043,.T.);
#6045=IFCFACE((#6044));
#6046=IFCPOLYLOOP((#882,#920,#921));
#6047=IFCFACEOUTERBOUND(#6046,.T.);
#6048=IFCFACE((#6047));
#6049=IFCPOLYLOOP((#949,#948,#804));
#6050=IFCFACEOUTERBOUND(#6049,.T.);
#6051=IFCFACE((#6050));
#6052=IFCPOLYLOOP((#929,#930,#894));
#6053=IFCFACEOUTERBOUND(#6052,.T.);
#6054=IFCFACE((#6053));
#6055=IFCPOLYLOOP((#958,#959,#814));
#6056=IFCFACEOUTERBOUND(#6055,.T.);
#6057=IFCFACE((#6056));
#6058=IFCPOLYLOOP((#949,#951,#950));
#6059=IFCFACEOUTERBOUND(#6058,.T.);
#6060=IFCFACE((#6059));
#6061=IFCPOLYLOOP((#939,#776,#938));
#6062=IFCFACEOUTERBOUND(#6061,.T.);
#6063=IFCFACE((#6062));
#6064=IFCPOLYLOOP((#948,#949,#889));
#6065=IFCFACEOUTERBOUND(#6064,.T.);
#6066=IFCFACE((#6065));
#6067=IFCPOLYLOOP((#999,#998,#821));
#6068=IFCFACEOUTERBOUND(#6067,.T.);
#6069=IFCFACE((#6068));
#6070=IFCPOLYLOOP((#878,#917,#918));
#6071=IFCFACEOUTERBOUND(#6070,.T.);
#6072=IFCFACE((#6071));
#6073=IFCPOLYLOOP((#954,#883,#955));
#6074=IFCFACEOUTERBOUND(#6073,.T.);
#6075=IFCFACE((#6074));
#6076=IFCPOLYLOOP((#964,#869,#812));
#6077=IFCFACEOUTERBOUND(#6076,.T.);
#6078=IFCFACE((#6077));
#6079=IFCPOLYLOOP((#902,#830,#813));
#6080=IFCFACEOUTERBOUND(#6079,.T.);
#6081=IFCFACE((#6080));
#6082=IFCPOLYLOOP((#875,#961,#960));
#6083=IFCFACEOUTERBOUND(#6082,.T.);
#6084=IFCFACE((#6083));
#6085=IFCPOLYLOOP((#957,#879,#956));
#6086=IFCFACEOUTERBOUND(#6085,.T.);
#6087=IFCFACE((#6086));
#6088=IFCPOLYLOOP((#908,#855,#907));
#6089=IFCFACEOUTERBOUND(#6088,.T.);
#6090=IFCFACE((#6089));
#6091=IFCPOLYLOOP((#863,#1003,#1004));
#6092=IFCFACEOUTERBOUND(#6091,.T.);
#6093=IFCFACE((#6092));
#6094=IFCPOLYLOOP((#994,#1012,#849));
#6095=IFCFACEOUTERBOUND(#6094,.T.);
#6096=IFCFACE((#6095));
#6097=IFCPOLYLOOP((#853,#1000,#1001));
#6098=IFCFACEOUTERBOUND(#6097,.T.);
#6099=IFCFACE((#6098));
#6100=IFCPOLYLOOP((#820,#999,#1000));
#6101=IFCFACEOUTERBOUND(#6100,.T.);
#6102=IFCFACE((#6101));
#6103=IFCPOLYLOOP((#851,#997,#995));
#6104=IFCFACEOUTERBOUND(#6103,.T.);
#6105=IFCFACE((#6104));
#6106=IFCPOLYLOOP((#775,#847,#991));
#6107=IFCFACEOUTERBOUND(#6106,.T.);
#6108=IFCFACE((#6107));
#6109=IFCPOLYLOOP((#989,#824,#991));
#6110=IFCFACEOUTERBOUND(#6109,.T.);
#6111=IFCFACE((#6110));
#6112=IFCPOLYLOOP((#989,#847,#822));
#6113=IFCFACEOUTERBOUND(#6112,.T.);
#6114=IFCFACE((#6113));
#6115=IFCPOLYLOOP((#826,#987,#994));
#6116=IFCFACEOUTERBOUND(#6115,.T.);
#6117=IFCFACE((#6116));
#6118=IFCPOLYLOOP((#826,#827,#988,#987));
#6119=IFCFACEOUTERBOUND(#6118,.T.);
#6120=IFCFACE((#6119));
#6121=IFCPOLYLOOP((#987,#846,#825));
#6122=IFCFACEOUTERBOUND(#6121,.T.);
#6123=IFCFACE((#6122));
#6124=IFCPOLYLOOP((#902,#904,#830));
#6125=IFCFACEOUTERBOUND(#6124,.T.);
#6126=IFCFACE((#6125));
#6127=IFCPOLYLOOP((#829,#906,#907));
#6128=IFCFACEOUTERBOUND(#6127,.T.);
#6129=IFCFACE((#6128));
#6130=IFCPOLYLOOP((#829,#830,#904));
#6131=IFCFACEOUTERBOUND(#6130,.T.);
#6132=IFCFACE((#6131));
#6133=IFCPOLYLOOP((#1009,#1008,#832));
#6134=IFCFACEOUTERBOUND(#6133,.T.);
#6135=IFCFACE((#6134));
#6136=IFCPOLYLOOP((#910,#833,#909));
#6137=IFCFACEOUTERBOUND(#6136,.T.);
#6138=IFCFACE((#6137));
#6139=IFCPOLYLOOP((#911,#833,#910));
#6140=IFCFACEOUTERBOUND(#6139,.T.);
#6141=IFCFACE((#6140));
#6142=IFCPOLYLOOP((#876,#971,#969));
#6143=IFCFACEOUTERBOUND(#6142,.T.);
#6144=IFCFACE((#6143));
#6145=IFCPOLYLOOP((#835,#973,#974));
#6146=IFCFACEOUTERBOUND(#6145,.T.);
#6147=IFCFACE((#6146));
#6148=IFCPOLYLOOP((#971,#836,#969));
#6149=IFCFACEOUTERBOUND(#6148,.T.);
#6150=IFCFACE((#6149));
#6151=IFCPOLYLOOP((#1005,#837,#1003));
#6152=IFCFACEOUTERBOUND(#6151,.T.);
#6153=IFCFACE((#6152));
#6154=IFCPOLYLOOP((#977,#839,#976));
#6155=IFCFACEOUTERBOUND(#6154,.T.);
#6156=IFCFACE((#6155));
#6157=IFCPOLYLOOP((#978,#839,#977));
#6158=IFCFACEOUTERBOUND(#6157,.T.);
#6159=IFCFACE((#6158));
#6160=IFCPOLYLOOP((#980,#982,#842));
#6161=IFCFACEOUTERBOUND(#6160,.T.);
#6162=IFCFACE((#6161));
#6163=IFCPOLYLOOP((#841,#984,#985));
#6164=IFCFACEOUTERBOUND(#6163,.T.);
#6165=IFCFACE((#6164));
#6166=IFCPOLYLOOP((#841,#842,#982));
#6167=IFCFACEOUTERBOUND(#6166,.T.);
#6168=IFCFACE((#6167));
#6169=IFCPOLYLOOP((#965,#966,#843));
#6170=IFCFACEOUTERBOUND(#6169,.T.);
#6171=IFCFACE((#6170));
#6172=IFCPOLYLOOP((#968,#858,#967));
#6173=IFCFACEOUTERBOUND(#6172,.T.);
#6174=IFCFACE((#6173));
#6175=IFCPOLYLOOP((#967,#858,#843));
#6176=IFCFACEOUTERBOUND(#6175,.T.);
#6177=IFCFACE((#6176));
#6178=IFCPOLYLOOP((#847,#989,#991));
#6179=IFCFACEOUTERBOUND(#6178,.T.);
#6180=IFCFACE((#6179));
#6181=IFCPOLYLOOP((#826,#994,#849));
#6182=IFCFACEOUTERBOUND(#6181,.T.);
#6183=IFCFACE((#6182));
#6184=IFCPOLYLOOP((#848,#819,#992));
#6185=IFCFACEOUTERBOUND(#6184,.T.);
#6186=IFCFACE((#6185));
#6187=IFCPOLYLOOP((#997,#850,#995));
#6188=IFCFACEOUTERBOUND(#6187,.T.);
#6189=IFCFACE((#6188));
#6190=IFCPOLYLOOP((#850,#809,#995));
#6191=IFCFACEOUTERBOUND(#6190,.T.);
#6192=IFCFACE((#6191));
#6193=IFCPOLYLOOP((#1000,#853,#820));
#6194=IFCFACEOUTERBOUND(#6193,.T.);
#6195=IFCFACE((#6194));
#6196=IFCPOLYLOOP((#818,#992,#993));
#6197=IFCFACEOUTERBOUND(#6196,.T.);
#6198=IFCFACE((#6197));
#6199=IFCPOLYLOOP((#907,#855,#829));
#6200=IFCFACEOUTERBOUND(#6199,.T.);
#6201=IFCFACE((#6200));
#6202=IFCPOLYLOOP((#995,#996,#816));
#6203=IFCFACEOUTERBOUND(#6202,.T.);
#6204=IFCFACE((#6203));
#6205=IFCPOLYLOOP((#856,#1011,#990));
#6206=IFCFACEOUTERBOUND(#6205,.T.);
#6207=IFCFACE((#6206));
#6208=IFCPOLYLOOP((#784,#969,#970));
#6209=IFCFACEOUTERBOUND(#6208,.T.);
#6210=IFCFACE((#6209));
#6211=IFCPOLYLOOP((#974,#861,#835));
#6212=IFCFACEOUTERBOUND(#6211,.T.);
#6213=IFCFACE((#6212));
#6214=IFCPOLYLOOP((#967,#843,#966));
#6215=IFCFACEOUTERBOUND(#6214,.T.);
#6216=IFCFACE((#6215));
#6217=IFCPOLYLOOP((#911,#1009,#832));
#6218=IFCFACEOUTERBOUND(#6217,.T.);
#6219=IFCFACE((#6218));
#6220=IFCPOLYLOOP((#980,#981,#783));
#6221=IFCFACEOUTERBOUND(#6220,.T.);
#6222=IFCFACE((#6221));
#6223=IFCPOLYLOOP((#863,#1002,#1003));
#6224=IFCFACEOUTERBOUND(#6223,.T.);
#6225=IFCFACE((#6224));
#6226=IFCPOLYLOOP((#817,#902,#903));
#6227=IFCFACEOUTERBOUND(#6226,.T.);
#6228=IFCFACE((#6227));
#6229=IFCPOLYLOOP((#985,#865,#841));
#6230=IFCFACEOUTERBOUND(#6229,.T.);
#6231=IFCFACE((#6230));
#6232=IFCPOLYLOOP((#1006,#1010,#786));
#6233=IFCFACEOUTERBOUND(#6232,.T.);
#6234=IFCFACE((#6233));
#6235=IFCPOLYLOOP((#831,#867,#1007));
#6236=IFCFACEOUTERBOUND(#6235,.T.);
#6237=IFCFACE((#6236));
#6238=IFCPOLYLOOP((#840,#984,#983));
#6239=IFCFACEOUTERBOUND(#6238,.T.);
#6240=IFCFACE((#6239));
#6241=IFCPOLYLOOP((#867,#788,#1006));
#6242=IFCFACEOUTERBOUND(#6241,.T.);
#6243=IFCFACE((#6242));
#6244=IFCPOLYLOOP((#965,#869,#964));
#6245=IFCFACEOUTERBOUND(#6244,.T.);
#6246=IFCFACE((#6245));
#6247=IFCPOLYLOOP((#963,#964,#812));
#6248=IFCFACEOUTERBOUND(#6247,.T.);
#6249=IFCFACE((#6248));
#6250=IFCPOLYLOOP((#914,#913,#872));
#6251=IFCFACEOUTERBOUND(#6250,.T.);
#6252=IFCFACE((#6251));
#6253=IFCPOLYLOOP((#862,#903,#1004));
#6254=IFCFACEOUTERBOUND(#6253,.T.);
#6255=IFCFACE((#6254));
#6256=IFCPOLYLOOP((#810,#873,#915));
#6257=IFCFACEOUTERBOUND(#6256,.T.);
#6258=IFCFACE((#6257));
#6259=IFCPOLYLOOP((#961,#874,#960));
#6260=IFCFACEOUTERBOUND(#6259,.T.);
#6261=IFCFACE((#6260));
#6262=IFCPOLYLOOP((#959,#960,#814));
#6263=IFCFACEOUTERBOUND(#6262,.T.);
#6264=IFCFACE((#6263));
#6265=IFCPOLYLOOP((#916,#917,#878));
#6266=IFCFACEOUTERBOUND(#6265,.T.);
#6267=IFCFACE((#6266));
#6268=IFCPOLYLOOP((#834,#973,#972));
#6269=IFCFACEOUTERBOUND(#6268,.T.);
#6270=IFCFACE((#6269));
#6271=IFCPOLYLOOP((#793,#878,#918));
#6272=IFCFACEOUTERBOUND(#6271,.T.);
#6273=IFCFACE((#6272));
#6274=IFCPOLYLOOP((#958,#879,#957));
#6275=IFCFACEOUTERBOUND(#6274,.T.);
#6276=IFCFACE((#6275));
#6277=IFCPOLYLOOP((#957,#956,#955));
#6278=IFCFACEOUTERBOUND(#6277,.T.);
#6279=IFCFACE((#6278));
#6280=IFCPOLYLOOP((#919,#920,#882));
#6281=IFCFACEOUTERBOUND(#6280,.T.);
#6282=IFCFACE((#6281));
#6283=IFCPOLYLOOP((#808,#882,#921));
#6284=IFCFACEOUTERBOUND(#6283,.T.);
#6285=IFCFACE((#6284));
#6286=IFCPOLYLOOP((#954,#953,#883));
#6287=IFCFACEOUTERBOUND(#6286,.T.);
#6288=IFCFACE((#6287));
#6289=IFCPOLYLOOP((#955,#795,#954));
#6290=IFCFACEOUTERBOUND(#6289,.T.);
#6291=IFCFACE((#6290));
#6292=IFCPOLYLOOP((#887,#923,#924));
#6293=IFCFACEOUTERBOUND(#6292,.T.);
#6294=IFCFACE((#6293));
#6295=IFCPOLYLOOP((#828,#906,#905));
#6296=IFCFACEOUTERBOUND(#6295,.T.);
#6297=IFCFACE((#6296));
#6298=IFCPOLYLOOP((#925,#924,#782));
#6299=IFCFACEOUTERBOUND(#6298,.T.);
#6300=IFCFACE((#6299));
#6301=IFCPOLYLOOP((#921,#922,#808));
#6302=IFCFACEOUTERBOUND(#6301,.T.);
#6303=IFCFACE((#6302));
#6304=IFCPOLYLOOP((#811,#950,#951));
#6305=IFCFACEOUTERBOUND(#6304,.T.);
#6306=IFCFACE((#6305));
#6307=IFCPOLYLOOP((#927,#926,#891));
#6308=IFCFACEOUTERBOUND(#6307,.T.);
#6309=IFCFACE((#6308));
#6310=IFCPOLYLOOP((#789,#924,#925));
#6311=IFCFACEOUTERBOUND(#6310,.T.);
#6312=IFCFACE((#6311));
#6313=IFCPOLYLOOP((#794,#927,#928));
#6314=IFCFACEOUTERBOUND(#6313,.T.);
#6315=IFCFACE((#6314));
#6316=IFCPOLYLOOP((#804,#948,#947));
#6317=IFCFACEOUTERBOUND(#6316,.T.);
#6318=IFCFACE((#6317));
#6319=IFCPOLYLOOP((#945,#893,#944));
#6320=IFCFACEOUTERBOUND(#6319,.T.);
#6321=IFCFACE((#6320));
#6322=IFCPOLYLOOP((#930,#929,#928));
#6323=IFCFACEOUTERBOUND(#6322,.T.);
#6324=IFCFACE((#6323));
#6325=IFCPOLYLOOP((#933,#932,#785));
#6326=IFCFACEOUTERBOUND(#6325,.T.);
#6327=IFCFACE((#6326));
#6328=IFCPOLYLOOP((#776,#939,#940));
#6329=IFCFACEOUTERBOUND(#6328,.T.);
#6330=IFCFACE((#6329));
#6331=IFCPOLYLOOP((#797,#942,#943));
#6332=IFCFACEOUTERBOUND(#6331,.T.);
#6333=IFCFACE((#6332));
#6334=IFCPOLYLOOP((#939,#780,#940));
#6335=IFCFACEOUTERBOUND(#6334,.T.);
#6336=IFCFACE((#6335));
#6337=IFCPOLYLOOP((#936,#899,#792));
#6338=IFCFACEOUTERBOUND(#6337,.T.);
#6339=IFCFACE((#6338));
#6340=IFCPOLYLOOP((#934,#933,#785));
#6341=IFCFACEOUTERBOUND(#6340,.T.);
#6342=IFCFACE((#6341));
#6343=IFCPOLYLOOP((#792,#935,#936));
#6344=IFCFACEOUTERBOUND(#6343,.T.);
#6345=IFCFACE((#6344));
#6346=IFCPOLYLOOP((#885,#902,#817));
#6347=IFCFACEOUTERBOUND(#6346,.T.);
#6348=IFCFACE((#6347));
#6349=IFCPOLYLOOP((#1004,#813,#863));
#6350=IFCFACEOUTERBOUND(#6349,.T.);
#6351=IFCFACE((#6350));
#6352=IFCPOLYLOOP((#862,#817,#903));
#6353=IFCFACEOUTERBOUND(#6352,.T.);
#6354=IFCFACE((#6353));
#6355=IFCPOLYLOOP((#902,#885,#904));
#6356=IFCFACEOUTERBOUND(#6355,.T.);
#6357=IFCFACE((#6356));
#6358=IFCPOLYLOOP((#904,#885,#905));
#6359=IFCFACEOUTERBOUND(#6358,.T.);
#6360=IFCFACE((#6359));
#6361=IFCPOLYLOOP((#906,#828,#907));
#6362=IFCFACEOUTERBOUND(#6361,.T.);
#6363=IFCFACE((#6362));
#6364=IFCPOLYLOOP((#905,#906,#904));
#6365=IFCFACEOUTERBOUND(#6364,.T.);
#6366=IFCFACE((#6365));
#6367=IFCPOLYLOOP((#904,#906,#829));
#6368=IFCFACEOUTERBOUND(#6367,.T.);
#6369=IFCFACE((#6368));
#6370=IFCPOLYLOOP((#828,#854,#907));
#6371=IFCFACEOUTERBOUND(#6370,.T.);
#6372=IFCFACE((#6371));
#6373=IFCPOLYLOOP((#908,#907,#854));
#6374=IFCFACEOUTERBOUND(#6373,.T.);
#6375=IFCFACE((#6374));
#6376=IFCPOLYLOOP((#996,#854,#816));
#6377=IFCFACEOUTERBOUND(#6376,.T.);
#6378=IFCFACE((#6377));
#6379=IFCPOLYLOOP((#809,#855,#908));
#6380=IFCFACEOUTERBOUND(#6379,.T.);
#6381=IFCFACE((#6380));
#6382=IFCPOLYLOOP((#910,#912,#777));
#6383=IFCFACEOUTERBOUND(#6382,.T.);
#6384=IFCFACE((#6383));
#6385=IFCPOLYLOOP((#777,#859,#910));
#6386=IFCFACEOUTERBOUND(#6385,.T.);
#6387=IFCFACE((#6386));
#6388=IFCPOLYLOOP((#911,#910,#859));
#6389=IFCFACEOUTERBOUND(#6388,.T.);
#6390=IFCFACE((#6389));
#6391=IFCPOLYLOOP((#1009,#859,#831));
#6392=IFCFACEOUTERBOUND(#6391,.T.);
#6393=IFCFACE((#6392));
#6394=IFCPOLYLOOP((#832,#833,#911));
#6395=IFCFACEOUTERBOUND(#6394,.T.);
#6396=IFCFACE((#6395));
#6397=IFCPOLYLOOP((#873,#777,#912));
#6398=IFCFACEOUTERBOUND(#6397,.T.);
#6399=IFCFACE((#6398));
#6400=IFCPOLYLOOP((#915,#873,#914));
#6401=IFCFACEOUTERBOUND(#6400,.T.);
#6402=IFCFACE((#6401));
#6403=IFCPOLYLOOP((#913,#914,#912));
#6404=IFCFACEOUTERBOUND(#6403,.T.);
#6405=IFCFACE((#6404));
#6406=IFCPOLYLOOP((#912,#914,#873));
#6407=IFCFACEOUTERBOUND(#6406,.T.);
#6408=IFCFACE((#6407));
#6409=IFCPOLYLOOP((#872,#801,#915));
#6410=IFCFACEOUTERBOUND(#6409,.T.);
#6411=IFCFACE((#6410));
#6412=IFCPOLYLOOP((#916,#915,#801));
#6413=IFCFACEOUTERBOUND(#6412,.T.);
#6414=IFCFACE((#6413));
#6415=IFCPOLYLOOP((#917,#801,#877));
#6416=IFCFACEOUTERBOUND(#6415,.T.);
#6417=IFCFACE((#6416));
#6418=IFCPOLYLOOP((#878,#810,#916));
#6419=IFCFACEOUTERBOUND(#6418,.T.);
#6420=IFCFACE((#6419));
#6421=IFCPOLYLOOP((#801,#917,#916));
#6422=IFCFACEOUTERBOUND(#6421,.T.);
#6423=IFCFACE((#6422));
#6424=IFCPOLYLOOP((#917,#877,#918));
#6425=IFCFACEOUTERBOUND(#6424,.T.);
#6426=IFCFACE((#6425));
#6427=IFCPOLYLOOP((#877,#799,#918));
#6428=IFCFACEOUTERBOUND(#6427,.T.);
#6429=IFCFACE((#6428));
#6430=IFCPOLYLOOP((#919,#918,#799));
#6431=IFCFACEOUTERBOUND(#6430,.T.);
#6432=IFCFACE((#6431));
#6433=IFCPOLYLOOP((#920,#799,#881));
#6434=IFCFACEOUTERBOUND(#6433,.T.);
#6435=IFCFACE((#6434));
#6436=IFCPOLYLOOP((#882,#793,#919));
#6437=IFCFACEOUTERBOUND(#6436,.T.);
#6438=IFCFACE((#6437));
#6439=IFCPOLYLOOP((#799,#920,#919));
#6440=IFCFACEOUTERBOUND(#6439,.T.);
#6441=IFCFACE((#6440));
#6442=IFCPOLYLOOP((#920,#881,#921));
#6443=IFCFACEOUTERBOUND(#6442,.T.);
#6444=IFCFACE((#6443));
#6445=IFCPOLYLOOP((#881,#802,#921));
#6446=IFCFACEOUTERBOUND(#6445,.T.);
#6447=IFCFACE((#6446));
#6448=IFCPOLYLOOP((#922,#921,#802));
#6449=IFCFACEOUTERBOUND(#6448,.T.);
#6450=IFCFACE((#6449));
#6451=IFCPOLYLOOP((#923,#802,#886));
#6452=IFCFACEOUTERBOUND(#6451,.T.);
#6453=IFCFACE((#6452));
#6454=IFCPOLYLOOP((#887,#808,#922));
#6455=IFCFACEOUTERBOUND(#6454,.T.);
#6456=IFCFACE((#6455));
#6457=IFCPOLYLOOP((#802,#923,#922));
#6458=IFCFACEOUTERBOUND(#6457,.T.);
#6459=IFCFACE((#6458));
#6460=IFCPOLYLOOP((#924,#923,#886));
#6461=IFCFACEOUTERBOUND(#6460,.T.);
#6462=IFCFACE((#6461));
#6463=IFCPOLYLOOP((#782,#924,#886));
#6464=IFCFACEOUTERBOUND(#6463,.T.);
#6465=IFCFACE((#6464));
#6466=IFCPOLYLOOP((#887,#924,#789));
#6467=IFCFACEOUTERBOUND(#6466,.T.);
#6468=IFCFACE((#6467));
#6469=IFCPOLYLOOP((#925,#782,#926));
#6470=IFCFACEOUTERBOUND(#6469,.T.);
#6471=IFCFACE((#6470));
#6472=IFCPOLYLOOP((#890,#789,#925));
#6473=IFCFACEOUTERBOUND(#6472,.T.);
#6474=IFCFACE((#6473));
#6475=IFCPOLYLOOP((#927,#794,#890));
#6476=IFCFACEOUTERBOUND(#6475,.T.);
#6477=IFCFACE((#6476));
#6478=IFCPOLYLOOP((#926,#927,#925));
#6479=IFCFACEOUTERBOUND(#6478,.T.);
#6480=IFCFACE((#6479));
#6481=IFCPOLYLOOP((#925,#927,#890));
#6482=IFCFACEOUTERBOUND(#6481,.T.);
#6483=IFCFACE((#6482));
#6484=IFCPOLYLOOP((#891,#798,#928));
#6485=IFCFACEOUTERBOUND(#6484,.T.);
#6486=IFCFACE((#6485));
#6487=IFCPOLYLOOP((#928,#929,#794));
#6488=IFCFACEOUTERBOUND(#6487,.T.);
#6489=IFCFACE((#6488));
#6490=IFCPOLYLOOP((#930,#928,#798));
#6491=IFCFACEOUTERBOUND(#6490,.T.);
#6492=IFCFACE((#6491));
#6493=IFCPOLYLOOP((#798,#895,#930));
#6494=IFCFACEOUTERBOUND(#6493,.T.);
#6495=IFCFACE((#6494));
#6496=IFCPOLYLOOP((#931,#930,#895));
#6497=IFCFACEOUTERBOUND(#6496,.T.);
#6498=IFCFACE((#6497));
#6499=IFCPOLYLOOP((#931,#895,#932));
#6500=IFCFACEOUTERBOUND(#6499,.T.);
#6501=IFCFACE((#6500));
#6502=IFCPOLYLOOP((#790,#894,#931));
#6503=IFCFACEOUTERBOUND(#6502,.T.);
#6504=IFCFACE((#6503));
#6505=IFCPOLYLOOP((#933,#790,#931));
#6506=IFCFACEOUTERBOUND(#6505,.T.);
#6507=IFCFACE((#6506));
#6508=IFCPOLYLOOP((#932,#933,#931));
#6509=IFCFACEOUTERBOUND(#6508,.T.);
#6510=IFCFACE((#6509));
#6511=IFCPOLYLOOP((#900,#790,#933));
#6512=IFCFACEOUTERBOUND(#6511,.T.);
#6513=IFCFACE((#6512));
#6514=IFCPOLYLOOP((#785,#901,#934));
#6515=IFCFACEOUTERBOUND(#6514,.T.);
#6516=IFCFACE((#6515));
#6517=IFCPOLYLOOP((#935,#934,#901));
#6518=IFCFACEOUTERBOUND(#6517,.T.);
#6519=IFCFACE((#6518));
#6520=IFCPOLYLOOP((#936,#901,#787));
#6521=IFCFACEOUTERBOUND(#6520,.T.);
#6522=IFCFACE((#6521));
#6523=IFCPOLYLOOP((#900,#935,#792));
#6524=IFCFACEOUTERBOUND(#6523,.T.);
#6525=IFCFACE((#6524));
#6526=IFCPOLYLOOP((#901,#936,#935));
#6527=IFCFACEOUTERBOUND(#6526,.T.);
#6528=IFCFACE((#6527));
#6529=IFCPOLYLOOP((#936,#787,#937));
#6530=IFCFACEOUTERBOUND(#6529,.T.);
#6531=IFCFACE((#6530));
#6532=IFCPOLYLOOP((#787,#898,#937));
#6533=IFCFACEOUTERBOUND(#6532,.T.);
#6534=IFCFACE((#6533));
#6535=IFCPOLYLOOP((#937,#938,#899));
#6536=IFCFACEOUTERBOUND(#6535,.T.);
#6537=IFCFACE((#6536));
#6538=IFCPOLYLOOP((#939,#937,#898));
#6539=IFCFACEOUTERBOUND(#6538,.T.);
#6540=IFCFACE((#6539));
#6541=IFCPOLYLOOP((#937,#939,#938));
#6542=IFCFACEOUTERBOUND(#6541,.T.);
#6543=IFCFACE((#6542));
#6544=IFCPOLYLOOP((#780,#939,#898));
#6545=IFCFACEOUTERBOUND(#6544,.T.);
#6546=IFCFACE((#6545));
#6547=IFCPOLYLOOP((#940,#780,#941));
#6548=IFCFACEOUTERBOUND(#6547,.T.);
#6549=IFCFACE((#6548));
#6550=IFCPOLYLOOP((#896,#776,#940));
#6551=IFCFACEOUTERBOUND(#6550,.T.);
#6552=IFCFACE((#6551));
#6553=IFCPOLYLOOP((#942,#896,#940));
#6554=IFCFACEOUTERBOUND(#6553,.T.);
#6555=IFCFACE((#6554));
#6556=IFCPOLYLOOP((#941,#942,#940));
#6557=IFCFACEOUTERBOUND(#6556,.T.);
#6558=IFCFACE((#6557));
#6559=IFCPOLYLOOP((#797,#896,#942));
#6560=IFCFACEOUTERBOUND(#6559,.T.);
#6561=IFCFACE((#6560));
#6562=IFCPOLYLOOP((#897,#807,#943));
#6563=IFCFACEOUTERBOUND(#6562,.T.);
#6564=IFCFACE((#6563));
#6565=IFCPOLYLOOP((#943,#944,#797));
#6566=IFCFACEOUTERBOUND(#6565,.T.);
#6567=IFCFACE((#6566));
#6568=IFCPOLYLOOP((#945,#943,#807));
#6569=IFCFACEOUTERBOUND(#6568,.T.);
#6570=IFCFACE((#6569));
#6571=IFCPOLYLOOP((#943,#945,#944));
#6572=IFCFACEOUTERBOUND(#6571,.T.);
#6573=IFCFACE((#6572));
#6574=IFCPOLYLOOP((#892,#945,#807));
#6575=IFCFACEOUTERBOUND(#6574,.T.);
#6576=IFCFACE((#6575));
#6577=IFCPOLYLOOP((#946,#892,#947));
#6578=IFCFACEOUTERBOUND(#6577,.T.);
#6579=IFCFACE((#6578));
#6580=IFCPOLYLOOP((#796,#893,#946));
#6581=IFCFACEOUTERBOUND(#6580,.T.);
#6582=IFCFACE((#6581));
#6583=IFCPOLYLOOP((#948,#796,#946));
#6584=IFCFACEOUTERBOUND(#6583,.T.);
#6585=IFCFACE((#6584));
#6586=IFCPOLYLOOP((#947,#948,#946));
#6587=IFCFACEOUTERBOUND(#6586,.T.);
#6588=IFCFACE((#6587));
#6589=IFCPOLYLOOP((#889,#796,#948));
#6590=IFCFACEOUTERBOUND(#6589,.T.);
#6591=IFCFACE((#6590));
#6592=IFCPOLYLOOP((#804,#888,#949));
#6593=IFCFACEOUTERBOUND(#6592,.T.);
#6594=IFCFACE((#6593));
#6595=IFCPOLYLOOP((#949,#950,#889));
#6596=IFCFACEOUTERBOUND(#6595,.T.);
#6597=IFCFACE((#6596));
#6598=IFCPOLYLOOP((#951,#949,#888));
#6599=IFCFACEOUTERBOUND(#6598,.T.);
#6600=IFCFACE((#6599));
#6601=IFCPOLYLOOP((#888,#806,#951));
#6602=IFCFACEOUTERBOUND(#6601,.T.);
#6603=IFCFACE((#6602));
#6604=IFCPOLYLOOP((#952,#951,#806));
#6605=IFCFACEOUTERBOUND(#6604,.T.);
#6606=IFCFACE((#6605));
#6607=IFCPOLYLOOP((#952,#806,#953));
#6608=IFCFACEOUTERBOUND(#6607,.T.);
#6609=IFCFACE((#6608));
#6610=IFCPOLYLOOP((#884,#811,#952));
#6611=IFCFACEOUTERBOUND(#6610,.T.);
#6612=IFCFACE((#6611));
#6613=IFCPOLYLOOP((#954,#795,#884));
#6614=IFCFACEOUTERBOUND(#6613,.T.);
#6615=IFCFACE((#6614));
#6616=IFCPOLYLOOP((#953,#954,#952));
#6617=IFCFACEOUTERBOUND(#6616,.T.);
#6618=IFCFACE((#6617));
#6619=IFCPOLYLOOP((#952,#954,#884));
#6620=IFCFACEOUTERBOUND(#6619,.T.);
#6621=IFCFACE((#6620));
#6622=IFCPOLYLOOP((#883,#803,#955));
#6623=IFCFACEOUTERBOUND(#6622,.T.);
#6624=IFCFACE((#6623));
#6625=IFCPOLYLOOP((#955,#956,#795));
#6626=IFCFACEOUTERBOUND(#6625,.T.);
#6627=IFCFACE((#6626));
#6628=IFCPOLYLOOP((#957,#955,#803));
#6629=IFCFACEOUTERBOUND(#6628,.T.);
#6630=IFCFACE((#6629));
#6631=IFCPOLYLOOP((#803,#880,#957));
#6632=IFCFACEOUTERBOUND(#6631,.T.);
#6633=IFCFACE((#6632));
#6634=IFCPOLYLOOP((#958,#957,#880));
#6635=IFCFACEOUTERBOUND(#6634,.T.);
#6636=IFCFACE((#6635));
#6637=IFCPOLYLOOP((#959,#880,#815));
#6638=IFCFACEOUTERBOUND(#6637,.T.);
#6639=IFCFACE((#6638));
#6640=IFCPOLYLOOP((#814,#879,#958));
#6641=IFCFACEOUTERBOUND(#6640,.T.);
#6642=IFCFACE((#6641));
#6643=IFCPOLYLOOP((#880,#959,#958));
#6644=IFCFACEOUTERBOUND(#6643,.T.);
#6645=IFCFACE((#6644));
#6646=IFCPOLYLOOP((#960,#959,#815));
#6647=IFCFACEOUTERBOUND(#6646,.T.);
#6648=IFCFACE((#6647));
#6649=IFCPOLYLOOP((#875,#960,#815));
#6650=IFCFACEOUTERBOUND(#6649,.T.);
#6651=IFCFACE((#6650));
#6652=IFCPOLYLOOP((#814,#960,#874));
#6653=IFCFACEOUTERBOUND(#6652,.T.);
#6654=IFCFACE((#6653));
#6655=IFCPOLYLOOP((#961,#875,#962));
#6656=IFCFACEOUTERBOUND(#6655,.T.);
#6657=IFCFACE((#6656));
#6658=IFCPOLYLOOP((#812,#874,#961));
#6659=IFCFACEOUTERBOUND(#6658,.T.);
#6660=IFCFACE((#6659));
#6661=IFCPOLYLOOP((#963,#805,#964));
#6662=IFCFACEOUTERBOUND(#6661,.T.);
#6663=IFCFACE((#6662));
#6664=IFCPOLYLOOP((#962,#963,#961));
#6665=IFCFACEOUTERBOUND(#6664,.T.);
#6666=IFCFACE((#6665));
#6667=IFCPOLYLOOP((#961,#963,#812));
#6668=IFCFACEOUTERBOUND(#6667,.T.);
#6669=IFCFACE((#6668));
#6670=IFCPOLYLOOP((#805,#870,#964));
#6671=IFCFACEOUTERBOUND(#6670,.T.);
#6672=IFCFACE((#6671));
#6673=IFCPOLYLOOP((#965,#964,#870));
#6674=IFCFACEOUTERBOUND(#6673,.T.);
#6675=IFCFACE((#6674));
#6676=IFCPOLYLOOP((#966,#870,#844));
#6677=IFCFACEOUTERBOUND(#6676,.T.);
#6678=IFCFACE((#6677));
#6679=IFCPOLYLOOP((#843,#869,#965));
#6680=IFCFACEOUTERBOUND(#6679,.T.);
#6681=IFCFACE((#6680));
#6682=IFCPOLYLOOP((#870,#966,#965));
#6683=IFCFACEOUTERBOUND(#6682,.T.);
#6684=IFCFACE((#6683));
#6685=IFCPOLYLOOP((#966,#844,#967));
#6686=IFCFACEOUTERBOUND(#6685,.T.);
#6687=IFCFACE((#6686));
#6688=IFCPOLYLOOP((#844,#845,#967));
#6689=IFCFACEOUTERBOUND(#6688,.T.);
#6690=IFCFACE((#6689));
#6691=IFCPOLYLOOP((#968,#967,#845));
#6692=IFCFACEOUTERBOUND(#6691,.T.);
#6693=IFCFACE((#6692));
#6694=IFCPOLYLOOP((#979,#845,#800));
#6695=IFCFACEOUTERBOUND(#6694,.T.);
#6696=IFCFACE((#6695));
#6697=IFCPOLYLOOP((#791,#858,#968));
#6698=IFCFACEOUTERBOUND(#6697,.T.);
#6699=IFCFACE((#6698));
#6700=IFCPOLYLOOP((#970,#969,#779));
#6701=IFCFACEOUTERBOUND(#6700,.T.);
#6702=IFCFACE((#6701));
#6703=IFCPOLYLOOP((#876,#969,#784));
#6704=IFCFACEOUTERBOUND(#6703,.T.);
#6705=IFCFACE((#6704));
#6706=IFCPOLYLOOP((#1011,#779,#857));
#6707=IFCFACEOUTERBOUND(#6706,.T.);
#6708=IFCFACE((#6707));
#6709=IFCPOLYLOOP((#856,#784,#970));
#6710=IFCFACEOUTERBOUND(#6709,.T.);
#6711=IFCFACE((#6710));
#6712=IFCPOLYLOOP((#971,#876,#972));
#6713=IFCFACEOUTERBOUND(#6712,.T.);
#6714=IFCFACE((#6713));
#6715=IFCPOLYLOOP((#835,#836,#971));
#6716=IFCFACEOUTERBOUND(#6715,.T.);
#6717=IFCFACE((#6716));
#6718=IFCPOLYLOOP((#973,#834,#974));
#6719=IFCFACEOUTERBOUND(#6718,.T.);
#6720=IFCFACE((#6719));
#6721=IFCPOLYLOOP((#972,#973,#971));
#6722=IFCFACEOUTERBOUND(#6721,.T.);
#6723=IFCFACE((#6722));
#6724=IFCPOLYLOOP((#971,#973,#835));
#6725=IFCFACEOUTERBOUND(#6724,.T.);
#6726=IFCFACE((#6725));
#6727=IFCPOLYLOOP((#834,#860,#974));
#6728=IFCFACEOUTERBOUND(#6727,.T.);
#6729=IFCFACE((#6728));
#6730=IFCPOLYLOOP((#975,#974,#860));
#6731=IFCFACEOUTERBOUND(#6730,.T.);
#6732=IFCFACE((#6731));
#6733=IFCPOLYLOOP((#981,#860,#783));
#6734=IFCFACEOUTERBOUND(#6733,.T.);
#6735=IFCFACE((#6734));
#6736=IFCPOLYLOOP((#778,#861,#975));
#6737=IFCFACEOUTERBOUND(#6736,.T.);
#6738=IFCFACE((#6737));
#6739=IFCPOLYLOOP((#968,#845,#979));
#6740=IFCFACEOUTERBOUND(#6739,.T.);
#6741=IFCFACE((#6740));
#6742=IFCPOLYLOOP((#800,#871,#977));
#6743=IFCFACEOUTERBOUND(#6742,.T.);
#6744=IFCFACE((#6743));
#6745=IFCPOLYLOOP((#978,#977,#871));
#6746=IFCFACEOUTERBOUND(#6745,.T.);
#6747=IFCFACE((#6746));
#6748=IFCPOLYLOOP((#1005,#871,#837));
#6749=IFCFACEOUTERBOUND(#6748,.T.);
#6750=IFCFACE((#6749));
#6751=IFCPOLYLOOP((#838,#839,#978));
#6752=IFCFACEOUTERBOUND(#6751,.T.);
#6753=IFCFACE((#6752));
#6754=IFCPOLYLOOP((#976,#979,#977));
#6755=IFCFACEOUTERBOUND(#6754,.T.);
#6756=IFCFACE((#6755));
#6757=IFCPOLYLOOP((#968,#979,#791));
#6758=IFCFACEOUTERBOUND(#6757,.T.);
#6759=IFCFACE((#6758));
#6760=IFCPOLYLOOP((#981,#778,#975));
#6761=IFCFACEOUTERBOUND(#6760,.T.);
#6762=IFCFACE((#6761));
#6763=IFCPOLYLOOP((#866,#980,#783));
#6764=IFCFACEOUTERBOUND(#6763,.T.);
#6765=IFCFACE((#6764));
#6766=IFCPOLYLOOP((#778,#981,#980));
#6767=IFCFACEOUTERBOUND(#6766,.T.);
#6768=IFCFACE((#6767));
#6769=IFCPOLYLOOP((#860,#981,#975));
#6770=IFCFACEOUTERBOUND(#6769,.T.);
#6771=IFCFACE((#6770));
#6772=IFCPOLYLOOP((#980,#866,#982));
#6773=IFCFACEOUTERBOUND(#6772,.T.);
#6774=IFCFACE((#6773));
#6775=IFCPOLYLOOP((#982,#866,#983));
#6776=IFCFACEOUTERBOUND(#6775,.T.);
#6777=IFCFACE((#6776));
#6778=IFCPOLYLOOP((#984,#840,#985));
#6779=IFCFACEOUTERBOUND(#6778,.T.);
#6780=IFCFACE((#6779));
#6781=IFCPOLYLOOP((#983,#984,#982));
#6782=IFCFACEOUTERBOUND(#6781,.T.);
#6783=IFCFACE((#6782));
#6784=IFCPOLYLOOP((#982,#984,#841));
#6785=IFCFACEOUTERBOUND(#6784,.T.);
#6786=IFCFACE((#6785));
#6787=IFCPOLYLOOP((#840,#864,#985));
#6788=IFCFACEOUTERBOUND(#6787,.T.);
#6789=IFCFACE((#6788));
#6790=IFCPOLYLOOP((#986,#985,#864));
#6791=IFCFACEOUTERBOUND(#6790,.T.);
#6792=IFCFACE((#6791));
#6793=IFCPOLYLOOP((#1010,#864,#786));
#6794=IFCFACEOUTERBOUND(#6793,.T.);
#6795=IFCFACE((#6794));
#6796=IFCPOLYLOOP((#788,#865,#986));
#6797=IFCFACEOUTERBOUND(#6796,.T.);
#6798=IFCFACE((#6797));
#6799=IFCPOLYLOOP((#994,#987,#825));
#6800=IFCFACEOUTERBOUND(#6799,.T.);
#6801=IFCFACE((#6800));
#6802=IFCPOLYLOOP((#987,#988,#846));
#6803=IFCFACEOUTERBOUND(#6802,.T.);
#6804=IFCFACE((#6803));
#6805=IFCPOLYLOOP((#990,#989,#822));
#6806=IFCFACEOUTERBOUND(#6805,.T.);
#6807=IFCFACE((#6806));
#6808=IFCPOLYLOOP((#824,#989,#823));
#6809=IFCFACEOUTERBOUND(#6808,.T.);
#6810=IFCFACE((#6809));
#6811=IFCPOLYLOOP((#856,#990,#822));
#6812=IFCFACEOUTERBOUND(#6811,.T.);
#6813=IFCFACE((#6812));
#6814=IFCPOLYLOOP((#857,#823,#990));
#6815=IFCFACEOUTERBOUND(#6814,.T.);
#6816=IFCFACE((#6815));
#6817=IFCPOLYLOOP((#824,#774,#991));
#6818=IFCFACEOUTERBOUND(#6817,.T.);
#6819=IFCFACE((#6818));
#6820=IFCPOLYLOOP((#775,#991,#774));
#6821=IFCFACEOUTERBOUND(#6820,.T.);
#6822=IFCFACE((#6821));
#6823=IFCPOLYLOOP((#993,#992,#819));
#6824=IFCFACEOUTERBOUND(#6823,.T.);
#6825=IFCFACE((#6824));
#6826=IFCPOLYLOOP((#849,#992,#818));
#6827=IFCFACEOUTERBOUND(#6826,.T.);
#6828=IFCFACE((#6827));
#6829=IFCPOLYLOOP((#1001,#819,#853));
#6830=IFCFACEOUTERBOUND(#6829,.T.);
#6831=IFCFACE((#6830));
#6832=IFCPOLYLOOP((#852,#818,#993));
#6833=IFCFACEOUTERBOUND(#6832,.T.);
#6834=IFCFACE((#6833));
#6835=IFCPOLYLOOP((#825,#848,#994));
#6836=IFCFACEOUTERBOUND(#6835,.T.);
#6837=IFCFACE((#6836));
#6838=IFCPOLYLOOP((#992,#1012,#848));
#6839=IFCFACEOUTERBOUND(#6838,.T.);
#6840=IFCFACE((#6839));
#6841=IFCPOLYLOOP((#996,#995,#809));
#6842=IFCFACEOUTERBOUND(#6841,.T.);
#6843=IFCFACE((#6842));
#6844=IFCPOLYLOOP((#851,#995,#816));
#6845=IFCFACEOUTERBOUND(#6844,.T.);
#6846=IFCFACE((#6845));
#6847=IFCPOLYLOOP((#809,#908,#996));
#6848=IFCFACEOUTERBOUND(#6847,.T.);
#6849=IFCFACE((#6848));
#6850=IFCPOLYLOOP((#854,#996,#908));
#6851=IFCFACEOUTERBOUND(#6850,.T.);
#6852=IFCFACE((#6851));
#6853=IFCPOLYLOOP((#997,#851,#998));
#6854=IFCFACEOUTERBOUND(#6853,.T.);
#6855=IFCFACE((#6854));
#6856=IFCPOLYLOOP((#850,#997,#999));
#6857=IFCFACEOUTERBOUND(#6856,.T.);
#6858=IFCFACE((#6857));
#6859=IFCPOLYLOOP((#999,#821,#1000));
#6860=IFCFACEOUTERBOUND(#6859,.T.);
#6861=IFCFACE((#6860));
#6862=IFCPOLYLOOP((#998,#999,#997));
#6863=IFCFACEOUTERBOUND(#6862,.T.);
#6864=IFCFACE((#6863));
#6865=IFCPOLYLOOP((#999,#820,#850));
#6866=IFCFACEOUTERBOUND(#6865,.T.);
#6867=IFCFACE((#6866));
#6868=IFCPOLYLOOP((#821,#852,#1000));
#6869=IFCFACEOUTERBOUND(#6868,.T.);
#6870=IFCFACE((#6869));
#6871=IFCPOLYLOOP((#1001,#1000,#852));
#6872=IFCFACEOUTERBOUND(#6871,.T.);
#6873=IFCFACE((#6872));
#6874=IFCPOLYLOOP((#852,#993,#1001));
#6875=IFCFACEOUTERBOUND(#6874,.T.);
#6876=IFCFACE((#6875));
#6877=IFCPOLYLOOP((#819,#1001,#993));
#6878=IFCFACEOUTERBOUND(#6877,.T.);
#6879=IFCFACE((#6878));
#6880=IFCPOLYLOOP((#978,#871,#1005));
#6881=IFCFACEOUTERBOUND(#6880,.T.);
#6882=IFCFACE((#6881));
#6883=IFCPOLYLOOP((#1005,#1002,#838));
#6884=IFCFACEOUTERBOUND(#6883,.T.);
#6885=IFCFACE((#6884));
#6886=IFCPOLYLOOP((#837,#862,#1003));
#6887=IFCFACEOUTERBOUND(#6886,.T.);
#6888=IFCFACE((#6887));
#6889=IFCPOLYLOOP((#862,#1004,#1003));
#6890=IFCFACEOUTERBOUND(#6889,.T.);
#6891=IFCFACE((#6890));
#6892=IFCPOLYLOOP((#813,#1004,#903));
#6893=IFCFACEOUTERBOUND(#6892,.T.);
#6894=IFCFACE((#6893));
#6895=IFCPOLYLOOP((#1002,#1005,#1003));
#6896=IFCFACEOUTERBOUND(#6895,.T.);
#6897=IFCFACE((#6896));
#6898=IFCPOLYLOOP((#978,#1005,#838));
#6899=IFCFACEOUTERBOUND(#6898,.T.);
#6900=IFCFACE((#6899));
#6901=IFCPOLYLOOP((#1010,#788,#986));
#6902=IFCFACEOUTERBOUND(#6901,.T.);
#6903=IFCFACE((#6902));
#6904=IFCPOLYLOOP((#1007,#786,#868,#1008));
#6905=IFCFACEOUTERBOUND(#6904,.T.);
#6906=IFCFACE((#6905));
#6907=IFCPOLYLOOP((#786,#1007,#1006));
#6908=IFCFACEOUTERBOUND(#6907,.T.);
#6909=IFCFACE((#6908));
#6910=IFCPOLYLOOP((#911,#859,#1009));
#6911=IFCFACEOUTERBOUND(#6910,.T.);
#6912=IFCFACE((#6911));
#6913=IFCPOLYLOOP((#1008,#1009,#1007));
#6914=IFCFACEOUTERBOUND(#6913,.T.);
#6915=IFCFACE((#6914));
#6916=IFCPOLYLOOP((#1007,#1009,#831));
#6917=IFCFACEOUTERBOUND(#6916,.T.);
#6918=IFCFACE((#6917));
#6919=IFCPOLYLOOP((#788,#1010,#1006));
#6920=IFCFACEOUTERBOUND(#6919,.T.);
#6921=IFCFACE((#6920));
#6922=IFCPOLYLOOP((#864,#1010,#986));
#6923=IFCFACEOUTERBOUND(#6922,.T.);
#6924=IFCFACE((#6923));
#6925=IFCPOLYLOOP((#779,#1011,#970));
#6926=IFCFACEOUTERBOUND(#6925,.T.);
#6927=IFCFACE((#6926));
#6928=IFCPOLYLOOP((#990,#1011,#857));
#6929=IFCFACEOUTERBOUND(#6928,.T.);
#6930=IFCFACE((#6929));
#6931=IFCPOLYLOOP((#849,#1012,#992));
#6932=IFCFACEOUTERBOUND(#6931,.T.);
#6933=IFCFACE((#6932));
#6934=IFCPOLYLOOP((#994,#848,#1012));
#6935=IFCFACEOUTERBOUND(#6934,.T.);
#6936=IFCFACE((#6935));
#6937=IFCPOLYLOOP((#378,#377,#827,#826,#849,#818,#852,#821,#998,#851,#816,#854,#828,#905,#885,#817,#862,#837,#871,#800,#845,#844,#870,#805,#962,#875,#815,#880,#803,#883,#953,#806,#888,#804,#947,#892,#807,#897,#941,#780,#898,#787,#901,#785,#932,#895,#798,#891,#926,#782,#886,#802,#881,#799,#877,#801,#872,#913,#781,#909,#833,#832,#1008,#868,#786,#864,#840,#983,#866,#783,#860,#834,#972,#876,#784,#856,#822,#847,#775,#1013));
#6938=IFCFACEOUTERBOUND(#6937,.T.);
#6939=IFCFACE((#6938));
#6940=IFCPOLYLOOP((#379,#378,#1013,#1014,#1015,#1016,#1017,#1018));
#6941=IFCFACEOUTERBOUND(#6940,.T.);
#6942=IFCFACE((#6941));
#6943=IFCPOLYLOOP((#394,#393,#1135,#1136,#1137,#1138,#1139,#1140));
#6944=IFCFACEOUTERBOUND(#6943,.T.);
#6945=IFCFACE((#6944));
#6946=IFCPOLYLOOP((#380,#379,#1018,#1019,#1040,#1039,#1100,#1034,#1061,#1060,#1090,#1033,#1085,#1057,#1088,#1056,#1064,#1063,#1079,#1032,#1082,#1044,#1094,#1043,#1070,#1069,#1108,#1042,#1067,#1066,#1115,#1047,#1052,#1051,#1054));
#6947=IFCFACEOUTERBOUND(#6946,.T.);
#6948=IFCFACE((#6947));
#6949=IFCPOLYLOOP((#1097,#1022,#1023));
#6950=IFCFACEOUTERBOUND(#6949,.T.);
#6951=IFCFACE((#6950));
#6952=IFCPOLYLOOP((#1114,#1130,#1058));
#6953=IFCFACEOUTERBOUND(#6952,.T.);
#6954=IFCFACE((#6953));
#6955=IFCPOLYLOOP((#1113,#1056,#1112));
#6956=IFCFACEOUTERBOUND(#6955,.T.);
#6957=IFCFACE((#6956));
#6958=IFCPOLYLOOP((#1024,#1025,#1097));
#6959=IFCFACEOUTERBOUND(#6958,.T.);
#6960=IFCFACE((#6959));
#6961=IFCPOLYLOOP((#387,#1077,#388));
#6962=IFCFACEOUTERBOUND(#6961,.T.);
#6963=IFCFACE((#6962));
#6964=IFCPOLYLOOP((#1097,#1025,#1026));
#6965=IFCFACEOUTERBOUND(#6964,.T.);
#6966=IFCFACE((#6965));
#6967=IFCPOLYLOOP((#1035,#1081,#1083));
#6968=IFCFACEOUTERBOUND(#6967,.T.);
#6969=IFCFACE((#6968));
#6970=IFCPOLYLOOP((#1097,#1027,#1028));
#6971=IFCFACEOUTERBOUND(#6970,.T.);
#6972=IFCFACE((#6971));
#6973=IFCPOLYLOOP((#1077,#387,#386));
#6974=IFCFACEOUTERBOUND(#6973,.T.);
#6975=IFCFACE((#6974));
#6976=IFCPOLYLOOP((#1030,#1097,#1029));
#6977=IFCFACEOUTERBOUND(#6976,.T.);
#6978=IFCFACE((#6977));
#6979=IFCPOLYLOOP((#1096,#1039,#1040));
#6980=IFCFACEOUTERBOUND(#6979,.T.);
#6981=IFCFACE((#6980));
#6982=IFCPOLYLOOP((#1044,#1082,#1084));
#6983=IFCFACEOUTERBOUND(#6982,.T.);
#6984=IFCFACE((#6983));
#6985=IFCPOLYLOOP((#1124,#1042,#1123));
#6986=IFCFACEOUTERBOUND(#6985,.T.);
#6987=IFCFACE((#6986));
#6988=IFCPOLYLOOP((#1074,#1050,#1053));
#6989=IFCFACEOUTERBOUND(#6988,.T.);
#6990=IFCFACE((#6989));
#6991=IFCPOLYLOOP((#1030,#1049,#1097));
#6992=IFCFACEOUTERBOUND(#6991,.T.);
#6993=IFCFACE((#6992));
#6994=IFCPOLYLOOP((#1128,#1072,#1076));
#6995=IFCFACEOUTERBOUND(#6994,.T.);
#6996=IFCFACE((#6995));
#6997=IFCPOLYLOOP((#1105,#1070,#1043));
#6998=IFCFACEOUTERBOUND(#6997,.T.);
#6999=IFCFACE((#6998));
#7000=IFCPOLYLOOP((#384,#1077,#385));
#7001=IFCFACEOUTERBOUND(#7000,.T.);
#7002=IFCFACE((#7001));
#7003=IFCPOLYLOOP((#1066,#1125,#1126));
#7004=IFCFACEOUTERBOUND(#7003,.T.);
#7005=IFCFACE((#7004));
#7006=IFCPOLYLOOP((#1077,#389,#388));
#7007=IFCFACEOUTERBOUND(#7006,.T.);
#7008=IFCFACE((#7007));
#7009=IFCPOLYLOOP((#1022,#1097,#1021));
#7010=IFCFACEOUTERBOUND(#7009,.T.);
#7011=IFCFACE((#7010));
#7012=IFCPOLYLOOP((#384,#383,#1077));
#7013=IFCFACEOUTERBOUND(#7012,.T.);
#7014=IFCFACE((#7013));
#7015=IFCPOLYLOOP((#1095,#1104,#1093));
#7016=IFCFACEOUTERBOUND(#7015,.T.);
#7017=IFCFACE((#7016));
#7018=IFCPOLYLOOP((#390,#1053,#391));
#7019=IFCFACEOUTERBOUND(#7018,.T.);
#7020=IFCFACE((#7019));
#7021=IFCPOLYLOOP((#1021,#1040,#1020));
#7022=IFCFACEOUTERBOUND(#7021,.T.);
#7023=IFCFACE((#7022));
#7024=IFCPOLYLOOP((#1107,#1109,#1122));
#7025=IFCFACEOUTERBOUND(#7024,.T.);
#7026=IFCFACE((#7025));
#7027=IFCPOLYLOOP((#1102,#1034,#1101));
#7028=IFCFACEOUTERBOUND(#7027,.T.);
#7029=IFCFACE((#7028));
#7030=IFCPOLYLOOP((#1040,#1019,#1020));
#7031=IFCFACEOUTERBOUND(#7030,.T.);
#7032=IFCFACE((#7031));
#7033=IFCPOLYLOOP((#381,#380,#1054));
#7034=IFCFACEOUTERBOUND(#7033,.T.);
#7035=IFCFACE((#7034));
#7036=IFCPOLYLOOP((#1090,#1131,#1120));
#7037=IFCFACEOUTERBOUND(#7036,.T.);
#7038=IFCFACE((#7037));
#7039=IFCPOLYLOOP((#1023,#1024,#1097));
#7040=IFCFACEOUTERBOUND(#7039,.T.);
#7041=IFCFACE((#7040));
#7042=IFCPOLYLOOP((#1088,#1114,#1112));
#7043=IFCFACEOUTERBOUND(#7042,.T.);
#7044=IFCFACE((#7043));
#7045=IFCPOLYLOOP((#1072,#1075,#1076));
#7046=IFCFACEOUTERBOUND(#7045,.T.);
#7047=IFCFACE((#7046));
#7048=IFCPOLYLOOP((#1044,#1084,#1093));
#7049=IFCFACEOUTERBOUND(#7048,.T.);
#7050=IFCFACE((#7049));
#7051=IFCPOLYLOOP((#1058,#1130,#1121));
#7052=IFCFACEOUTERBOUND(#7051,.T.);
#7053=IFCFACE((#7052));
#7054=IFCPOLYLOOP((#1097,#1049,#1096));
#7055=IFCFACEOUTERBOUND(#7054,.T.);
#7056=IFCFACE((#7055));
#7057=IFCPOLYLOOP((#1077,#1054,#1074));
#7058=IFCFACEOUTERBOUND(#7057,.T.);
#7059=IFCFACE((#7058));
#7060=IFCPOLYLOOP((#1051,#1074,#1054));
#7061=IFCFACEOUTERBOUND(#7060,.T.);
#7062=IFCFACE((#7061));
#7063=IFCPOLYLOOP((#1092,#1127,#1080));
#7064=IFCFACEOUTERBOUND(#7063,.T.);
#7065=IFCFACE((#7064));
#7066=IFCPOLYLOOP((#1101,#1099,#1037));
#7067=IFCFACEOUTERBOUND(#7066,.T.);
#7068=IFCFACE((#7067));
#7069=IFCPOLYLOOP((#383,#382,#1077));
#7070=IFCFACEOUTERBOUND(#7069,.T.);
#7071=IFCFACE((#7070));
#7072=IFCPOLYLOOP((#1030,#1031,#1049));
#7073=IFCFACEOUTERBOUND(#7072,.T.);
#7074=IFCFACE((#7073));
#7075=IFCPOLYLOOP((#1053,#392,#391));
#7076=IFCFACEOUTERBOUND(#7075,.T.);
#7077=IFCFACE((#7076));
#7078=IFCPOLYLOOP((#1054,#382,#381));
#7079=IFCFACEOUTERBOUND(#7078,.T.);
#7080=IFCFACE((#7079));
#7081=IFCPOLYLOOP((#1029,#1097,#1028));
#7082=IFCFACEOUTERBOUND(#7081,.T.);
#7083=IFCFACE((#7082));
#7084=IFCPOLYLOOP((#1077,#382,#1054));
#7085=IFCFACEOUTERBOUND(#7084,.T.);
#7086=IFCFACE((#7085));
#7087=IFCPOLYLOOP((#1098,#1039,#1096));
#7088=IFCFACEOUTERBOUND(#7087,.T.);
#7089=IFCFACE((#7088));
#7090=IFCPOLYLOOP((#389,#1077,#390));
#7091=IFCFACEOUTERBOUND(#7090,.T.);
#7092=IFCFACE((#7091));
#7093=IFCPOLYLOOP((#1098,#1096,#1038));
#7094=IFCFACEOUTERBOUND(#7093,.T.);
#7095=IFCFACE((#7094));
#7096=IFCPOLYLOOP((#1051,#1052,#1075));
#7097=IFCFACEOUTERBOUND(#7096,.T.);
#7098=IFCFACE((#7097));
#7099=IFCPOLYLOOP((#1086,#1121,#1119));
#7100=IFCFACEOUTERBOUND(#7099,.T.);
#7101=IFCFACE((#7100));
#7102=IFCPOLYLOOP((#1078,#1117,#1102));
#7103=IFCFACEOUTERBOUND(#7102,.T.);
#7104=IFCFACE((#7103));
#7105=IFCPOLYLOOP((#1118,#1060,#1117));
#7106=IFCFACEOUTERBOUND(#7105,.T.);
#7107=IFCFACE((#7106));
#7108=IFCPOLYLOOP((#1061,#1102,#1117));
#7109=IFCFACEOUTERBOUND(#7108,.T.);
#7110=IFCFACE((#7109));
#7111=IFCPOLYLOOP((#1091,#1129,#1113));
#7112=IFCFACEOUTERBOUND(#7111,.T.);
#7113=IFCFACE((#7112));
#7114=IFCPOLYLOOP((#1092,#1035,#1083));
#7115=IFCFACEOUTERBOUND(#7114,.T.);
#7116=IFCFACE((#7115));
#7117=IFCPOLYLOOP((#1111,#1129,#1091));
#7118=IFCFACEOUTERBOUND(#7117,.T.);
#7119=IFCFACE((#7118));
#7120=IFCPOLYLOOP((#1123,#1042,#1108));
#7121=IFCFACEOUTERBOUND(#7120,.T.);
#7122=IFCFACE((#7121));
#7123=IFCPOLYLOOP((#1134,#1133,#1045));
#7124=IFCFACEOUTERBOUND(#7123,.T.);
#7125=IFCFACE((#7124));
#7126=IFCPOLYLOOP((#1066,#1067,#1125));
#7127=IFCFACEOUTERBOUND(#7126,.T.);
#7128=IFCFACE((#7127));
#7129=IFCPOLYLOOP((#1104,#1105,#1043));
#7130=IFCFACEOUTERBOUND(#7129,.T.);
#7131=IFCFACE((#7130));
#7132=IFCPOLYLOOP((#1069,#1106,#1107));
#7133=IFCFACEOUTERBOUND(#7132,.T.);
#7134=IFCFACE((#7133));
#7135=IFCPOLYLOOP((#1069,#1070,#1106));
#7136=IFCFACEOUTERBOUND(#7135,.T.);
#7137=IFCFACE((#7136));
#7138=IFCPOLYLOOP((#1074,#1051,#1075));
#7139=IFCFACEOUTERBOUND(#7138,.T.);
#7140=IFCFACE((#7139));
#7141=IFCPOLYLOOP((#1067,#1124,#1125));
#7142=IFCFACEOUTERBOUND(#7141,.T.);
#7143=IFCFACE((#7142));
#7144=IFCPOLYLOOP((#1050,#1075,#1072));
#7145=IFCFACEOUTERBOUND(#7144,.T.);
#7146=IFCFACE((#7145));
#7147=IFCPOLYLOOP((#1068,#1106,#1073));
#7148=IFCFACEOUTERBOUND(#7147,.T.);
#7149=IFCFACE((#7148));
#7150=IFCPOLYLOOP((#1077,#1074,#1053));
#7151=IFCFACEOUTERBOUND(#7150,.T.);
#7152=IFCFACE((#7151));
#7153=IFCPOLYLOOP((#1075,#1050,#1074));
#7154=IFCFACEOUTERBOUND(#7153,.T.);
#7155=IFCFACE((#7154));
#7156=IFCPOLYLOOP((#1076,#1075,#1052));
#7157=IFCFACEOUTERBOUND(#7156,.T.);
#7158=IFCFACE((#7157));
#7159=IFCPOLYLOOP((#1052,#1047,#1076));
#7160=IFCFACEOUTERBOUND(#7159,.T.);
#7161=IFCFACE((#7160));
#7162=IFCPOLYLOOP((#1128,#1076,#1047));
#7163=IFCFACEOUTERBOUND(#7162,.T.);
#7164=IFCFACE((#7163));
#7165=IFCPOLYLOOP((#390,#1077,#1053));
#7166=IFCFACEOUTERBOUND(#7165,.T.);
#7167=IFCFACE((#7166));
#7168=IFCPOLYLOOP((#385,#1077,#386));
#7169=IFCFACEOUTERBOUND(#7168,.T.);
#7170=IFCFACE((#7169));
#7171=IFCPOLYLOOP((#1110,#1079,#1063));
#7172=IFCFACEOUTERBOUND(#7171,.T.);
#7173=IFCFACE((#7172));
#7174=IFCPOLYLOOP((#1059,#1117,#1078));
#7175=IFCFACEOUTERBOUND(#7174,.T.);
#7176=IFCFACE((#7175));
#7177=IFCPOLYLOOP((#1110,#1127,#1079));
#7178=IFCFACEOUTERBOUND(#7177,.T.);
#7179=IFCFACE((#7178));
#7180=IFCPOLYLOOP((#1084,#1083,#1081));
#7181=IFCFACEOUTERBOUND(#7180,.T.);
#7182=IFCFACE((#7181));
#7183=IFCPOLYLOOP((#1048,#1084,#1081));
#7184=IFCFACEOUTERBOUND(#7183,.T.);
#7185=IFCFACE((#7184));
#7186=IFCPOLYLOOP((#1082,#1032,#1083));
#7187=IFCFACEOUTERBOUND(#7186,.T.);
#7188=IFCFACE((#7187));
#7189=IFCPOLYLOOP((#1092,#1083,#1032));
#7190=IFCFACEOUTERBOUND(#7189,.T.);
#7191=IFCFACE((#7190));
#7192=IFCPOLYLOOP((#1084,#1048,#1093));
#7193=IFCFACEOUTERBOUND(#7192,.T.);
#7194=IFCFACE((#7193));
#7195=IFCPOLYLOOP((#1083,#1084,#1082));
#7196=IFCFACEOUTERBOUND(#7195,.T.);
#7197=IFCFACE((#7196));
#7198=IFCPOLYLOOP((#1121,#1085,#1119));
#7199=IFCFACEOUTERBOUND(#7198,.T.);
#7200=IFCFACE((#7199));
#7201=IFCPOLYLOOP((#1085,#1033,#1119));
#7202=IFCFACEOUTERBOUND(#7201,.T.);
#7203=IFCFACE((#7202));
#7204=IFCPOLYLOOP((#1114,#1087,#1112));
#7205=IFCFACEOUTERBOUND(#7204,.T.);
#7206=IFCFACE((#7205));
#7207=IFCPOLYLOOP((#1087,#1055,#1112));
#7208=IFCFACEOUTERBOUND(#7207,.T.);
#7209=IFCFACE((#7208));
#7210=IFCPOLYLOOP((#1118,#1131,#1090));
#7211=IFCFACEOUTERBOUND(#7210,.T.);
#7212=IFCFACE((#7211));
#7213=IFCPOLYLOOP((#1036,#1119,#1120));
#7214=IFCFACEOUTERBOUND(#7213,.T.);
#7215=IFCFACE((#7214));
#7216=IFCPOLYLOOP((#1127,#1032,#1079));
#7217=IFCFACEOUTERBOUND(#7216,.T.);
#7218=IFCFACE((#7217));
#7219=IFCPOLYLOOP((#1110,#1111,#1062));
#7220=IFCFACEOUTERBOUND(#7219,.T.);
#7221=IFCFACE((#7220));
#7222=IFCPOLYLOOP((#1080,#1035,#1092));
#7223=IFCFACEOUTERBOUND(#7222,.T.);
#7224=IFCFACE((#7223));
#7225=IFCPOLYLOOP((#1104,#1095,#1046));
#7226=IFCFACEOUTERBOUND(#7225,.T.);
#7227=IFCFACE((#7226));
#7228=IFCPOLYLOOP((#1093,#1048,#1095));
#7229=IFCFACEOUTERBOUND(#7228,.T.);
#7230=IFCFACE((#7229));
#7231=IFCPOLYLOOP((#1104,#1043,#1094));
#7232=IFCFACEOUTERBOUND(#7231,.T.);
#7233=IFCFACE((#7232));
#7234=IFCPOLYLOOP((#1094,#1044,#1093));
#7235=IFCFACEOUTERBOUND(#7234,.T.);
#7236=IFCFACE((#7235));
#7237=IFCPOLYLOOP((#1097,#1096,#1040));
#7238=IFCFACEOUTERBOUND(#7237,.T.);
#7239=IFCFACE((#7238));
#7240=IFCPOLYLOOP((#1038,#1096,#1049));
#7241=IFCFACEOUTERBOUND(#7240,.T.);
#7242=IFCFACE((#7241));
#7243=IFCPOLYLOOP((#1097,#1040,#1021));
#7244=IFCFACEOUTERBOUND(#7243,.T.);
#7245=IFCFACE((#7244));
#7246=IFCPOLYLOOP((#1097,#1026,#1027));
#7247=IFCFACEOUTERBOUND(#7246,.T.);
#7248=IFCFACE((#7247));
#7249=IFCPOLYLOOP((#1102,#1101,#1037));
#7250=IFCFACEOUTERBOUND(#7249,.T.);
#7251=IFCFACE((#7250));
#7252=IFCPOLYLOOP((#1101,#1103,#1099));
#7253=IFCFACEOUTERBOUND(#7252,.T.);
#7254=IFCFACE((#7253));
#7255=IFCPOLYLOOP((#1038,#1099,#1103));
#7256=IFCFACEOUTERBOUND(#7255,.T.);
#7257=IFCFACE((#7256));
#7258=IFCPOLYLOOP((#1101,#1100,#1103));
#7259=IFCFACEOUTERBOUND(#7258,.T.);
#7260=IFCFACE((#7259));
#7261=IFCPOLYLOOP((#1100,#1039,#1098));
#7262=IFCFACEOUTERBOUND(#7261,.T.);
#7263=IFCFACE((#7262));
#7264=IFCPOLYLOOP((#1100,#1101,#1034));
#7265=IFCFACEOUTERBOUND(#7264,.T.);
#7266=IFCFACE((#7265));
#7267=IFCPOLYLOOP((#1078,#1102,#1037));
#7268=IFCFACEOUTERBOUND(#7267,.T.);
#7269=IFCFACE((#7268));
#7270=IFCPOLYLOOP((#1061,#1034,#1102));
#7271=IFCFACEOUTERBOUND(#7270,.T.);
#7272=IFCFACE((#7271));
#7273=IFCPOLYLOOP((#1100,#1098,#1103));
#7274=IFCFACEOUTERBOUND(#7273,.T.);
#7275=IFCFACE((#7274));
#7276=IFCPOLYLOOP((#1038,#1103,#1098));
#7277=IFCFACEOUTERBOUND(#7276,.T.);
#7278=IFCFACE((#7277));
#7279=IFCPOLYLOOP((#1104,#1046,#1105));
#7280=IFCFACEOUTERBOUND(#7279,.T.);
#7281=IFCFACE((#7280));
#7282=IFCPOLYLOOP((#1093,#1104,#1094));
#7283=IFCFACEOUTERBOUND(#7282,.T.);
#7284=IFCFACE((#7283));
#7285=IFCPOLYLOOP((#1046,#1073,#1105));
#7286=IFCFACEOUTERBOUND(#7285,.T.);
#7287=IFCFACE((#7286));
#7288=IFCPOLYLOOP((#1105,#1073,#1106));
#7289=IFCFACEOUTERBOUND(#7288,.T.);
#7290=IFCFACE((#7289));
#7291=IFCPOLYLOOP((#1106,#1068,#1107));
#7292=IFCFACEOUTERBOUND(#7291,.T.);
#7293=IFCFACE((#7292));
#7294=IFCPOLYLOOP((#1105,#1106,#1070));
#7295=IFCFACEOUTERBOUND(#7294,.T.);
#7296=IFCFACE((#7295));
#7297=IFCPOLYLOOP((#1108,#1122,#1123));
#7298=IFCFACEOUTERBOUND(#7297,.T.);
#7299=IFCFACE((#7298));
#7300=IFCPOLYLOOP((#1041,#1122,#1109));
#7301=IFCFACEOUTERBOUND(#7300,.T.);
#7302=IFCFACE((#7301));
#7303=IFCPOLYLOOP((#1107,#1068,#1109));
#7304=IFCFACEOUTERBOUND(#7303,.T.);
#7305=IFCFACE((#7304));
#7306=IFCPOLYLOOP((#1107,#1122,#1069));
#7307=IFCFACEOUTERBOUND(#7306,.T.);
#7308=IFCFACE((#7307));
#7309=IFCPOLYLOOP((#1111,#1110,#1063));
#7310=IFCFACEOUTERBOUND(#7309,.T.);
#7311=IFCFACE((#7310));
#7312=IFCPOLYLOOP((#1080,#1110,#1062));
#7313=IFCFACEOUTERBOUND(#7312,.T.);
#7314=IFCFACE((#7313));
#7315=IFCPOLYLOOP((#1064,#1111,#1063));
#7316=IFCFACEOUTERBOUND(#7315,.T.);
#7317=IFCFACE((#7316));
#7318=IFCPOLYLOOP((#1091,#1062,#1111));
#7319=IFCFACEOUTERBOUND(#7318,.T.);
#7320=IFCFACE((#7319));
#7321=IFCPOLYLOOP((#1113,#1112,#1055));
#7322=IFCFACEOUTERBOUND(#7321,.T.);
#7323=IFCFACE((#7322));
#7324=IFCPOLYLOOP((#1088,#1112,#1056));
#7325=IFCFACEOUTERBOUND(#7324,.T.);
#7326=IFCFACE((#7325));
#7327=IFCPOLYLOOP((#1091,#1113,#1055));
#7328=IFCFACEOUTERBOUND(#7327,.T.);
#7329=IFCFACE((#7328));
#7330=IFCPOLYLOOP((#1064,#1056,#1113));
#7331=IFCFACEOUTERBOUND(#7330,.T.);
#7332=IFCFACE((#7331));
#7333=IFCPOLYLOOP((#1130,#1088,#1057));
#7334=IFCFACEOUTERBOUND(#7333,.T.);
#7335=IFCFACE((#7334));
#7336=IFCPOLYLOOP((#1058,#1087,#1114));
#7337=IFCFACEOUTERBOUND(#7336,.T.);
#7338=IFCFACE((#7337));
#7339=IFCPOLYLOOP((#1132,#1116,#1133));
#7340=IFCFACEOUTERBOUND(#7339,.T.);
#7341=IFCFACE((#7340));
#7342=IFCPOLYLOOP((#1132,#1066,#1126));
#7343=IFCFACEOUTERBOUND(#7342,.T.);
#7344=IFCFACE((#7343));
#7345=IFCPOLYLOOP((#1118,#1117,#1059));
#7346=IFCFACEOUTERBOUND(#7345,.T.);
#7347=IFCFACE((#7346));
#7348=IFCPOLYLOOP((#1061,#1117,#1060));
#7349=IFCFACEOUTERBOUND(#7348,.T.);
#7350=IFCFACE((#7349));
#7351=IFCPOLYLOOP((#1089,#1118,#1059));
#7352=IFCFACEOUTERBOUND(#7351,.T.);
#7353=IFCFACE((#7352));
#7354=IFCPOLYLOOP((#1090,#1060,#1118));
#7355=IFCFACEOUTERBOUND(#7354,.T.);
#7356=IFCFACE((#7355));
#7357=IFCPOLYLOOP((#1120,#1119,#1033));
#7358=IFCFACEOUTERBOUND(#7357,.T.);
#7359=IFCFACE((#7358));
#7360=IFCPOLYLOOP((#1086,#1119,#1036));
#7361=IFCFACEOUTERBOUND(#7360,.T.);
#7362=IFCFACE((#7361));
#7363=IFCPOLYLOOP((#1090,#1120,#1033));
#7364=IFCFACEOUTERBOUND(#7363,.T.);
#7365=IFCFACE((#7364));
#7366=IFCPOLYLOOP((#1089,#1036,#1120));
#7367=IFCFACEOUTERBOUND(#7366,.T.);
#7368=IFCFACE((#7367));
#7369=IFCPOLYLOOP((#1058,#1121,#1086));
#7370=IFCFACEOUTERBOUND(#7369,.T.);
#7371=IFCFACE((#7370));
#7372=IFCPOLYLOOP((#1057,#1085,#1121));
#7373=IFCFACEOUTERBOUND(#7372,.T.);
#7374=IFCFACE((#7373));
#7375=IFCPOLYLOOP((#1122,#1041,#1123));
#7376=IFCFACEOUTERBOUND(#7375,.T.);
#7377=IFCFACE((#7376));
#7378=IFCPOLYLOOP((#1122,#1108,#1069));
#7379=IFCFACEOUTERBOUND(#7378,.T.);
#7380=IFCFACE((#7379));
#7381=IFCPOLYLOOP((#1041,#1071,#1123));
#7382=IFCFACEOUTERBOUND(#7381,.T.);
#7383=IFCFACE((#7382));
#7384=IFCPOLYLOOP((#1042,#1124,#1067));
#7385=IFCFACEOUTERBOUND(#7384,.T.);
#7386=IFCFACE((#7385));
#7387=IFCPOLYLOOP((#1123,#1071,#1124));
#7388=IFCFACEOUTERBOUND(#7387,.T.);
#7389=IFCFACE((#7388));
#7390=IFCPOLYLOOP((#1125,#1071,#1065));
#7391=IFCFACEOUTERBOUND(#7390,.T.);
#7392=IFCFACE((#7391));
#7393=IFCPOLYLOOP((#1071,#1125,#1124));
#7394=IFCFACEOUTERBOUND(#7393,.T.);
#7395=IFCFACE((#7394));
#7396=IFCPOLYLOOP((#1125,#1065,#1126));
#7397=IFCFACEOUTERBOUND(#7396,.T.);
#7398=IFCFACE((#7397));
#7399=IFCPOLYLOOP((#1065,#1116,#1126));
#7400=IFCFACEOUTERBOUND(#7399,.T.);
#7401=IFCFACE((#7400));
#7402=IFCPOLYLOOP((#1132,#1126,#1116));
#7403=IFCFACEOUTERBOUND(#7402,.T.);
#7404=IFCFACE((#7403));
#7405=IFCPOLYLOOP((#1080,#1127,#1110));
#7406=IFCFACEOUTERBOUND(#7405,.T.);
#7407=IFCFACE((#7406));
#7408=IFCPOLYLOOP((#1032,#1127,#1092));
#7409=IFCFACEOUTERBOUND(#7408,.T.);
#7410=IFCFACE((#7409));
#7411=IFCPOLYLOOP((#1134,#1047,#1115));
#7412=IFCFACEOUTERBOUND(#7411,.T.);
#7413=IFCFACE((#7412));
#7414=IFCPOLYLOOP((#1072,#1128,#1045));
#7415=IFCFACEOUTERBOUND(#7414,.T.);
#7416=IFCFACE((#7415));
#7417=IFCPOLYLOOP((#1111,#1064,#1129));
#7418=IFCFACEOUTERBOUND(#7417,.T.);
#7419=IFCFACE((#7418));
#7420=IFCPOLYLOOP((#1113,#1129,#1064));
#7421=IFCFACEOUTERBOUND(#7420,.T.);
#7422=IFCFACE((#7421));
#7423=IFCPOLYLOOP((#1088,#1130,#1114));
#7424=IFCFACEOUTERBOUND(#7423,.T.);
#7425=IFCFACE((#7424));
#7426=IFCPOLYLOOP((#1121,#1130,#1057));
#7427=IFCFACEOUTERBOUND(#7426,.T.);
#7428=IFCFACE((#7427));
#7429=IFCPOLYLOOP((#1118,#1089,#1131));
#7430=IFCFACEOUTERBOUND(#7429,.T.);
#7431=IFCFACE((#7430));
#7432=IFCPOLYLOOP((#1120,#1131,#1089));
#7433=IFCFACEOUTERBOUND(#7432,.T.);
#7434=IFCFACE((#7433));
#7435=IFCPOLYLOOP((#1128,#1134,#1045));
#7436=IFCFACEOUTERBOUND(#7435,.T.);
#7437=IFCFACE((#7436));
#7438=IFCPOLYLOOP((#1066,#1132,#1115));
#7439=IFCFACEOUTERBOUND(#7438,.T.);
#7440=IFCFACE((#7439));
#7441=IFCPOLYLOOP((#1132,#1134,#1115));
#7442=IFCFACEOUTERBOUND(#7441,.T.);
#7443=IFCFACE((#7442));
#7444=IFCPOLYLOOP((#1133,#1134,#1132));
#7445=IFCFACEOUTERBOUND(#7444,.T.);
#7446=IFCFACE((#7445));
#7447=IFCPOLYLOOP((#1047,#1134,#1128));
#7448=IFCFACEOUTERBOUND(#7447,.T.);
#7449=IFCFACE((#7448));
#7450=IFCPOLYLOOP((#393,#392,#1053,#1050,#1072,#1045,#1133,#1116,#1065,#1071,#1041,#1109,#1068,#1073,#1046,#1095,#1048,#1081,#1035,#1080,#1062,#1091,#1055,#1087,#1058,#1086,#1036,#1089,#1059,#1078,#1037,#1099,#1038,#1049,#1031,#1135));
#7451=IFCFACEOUTERBOUND(#7450,.T.);
#7452=IFCFACE((#7451));
#7453=IFCPOLYLOOP((#395,#394,#1140,#1141,#1185,#1184,#1197,#1162,#1264,#1205,#1208,#1158,#1289,#1276,#1279,#1160,#1290,#1214,#1285,#1156,#1306,#1193,#1300,#1163,#1308,#1212,#1307,#1159,#1309,#1249,#1252,#1176,#1246,#1222,#1265,#1154,#1237,#1194,#1236,#1175,#1225,#1224,#1235,#1157,#1233,#1220,#1268,#1161,#1217,#1216,#1272,#1155,#1241,#1189,#1275,#1178,#1255,#1213,#1258,#1177,#1262,#1210,#1267,#1182,#1201,#1186,#1199));
#7454=IFCFACEOUTERBOUND(#7453,.T.);
#7455=IFCFACE((#7454));
#7456=IFCPOLYLOOP((#1185,#1187,#1184));
#7457=IFCFACEOUTERBOUND(#7456,.T.);
#7458=IFCFACE((#7457));
#7459=IFCPOLYLOOP((#1303,#1301,#1193));
#7460=IFCFACEOUTERBOUND(#7459,.T.);
#7461=IFCFACE((#7460));
#7462=IFCPOLYLOOP((#1187,#1185,#1143));
#7463=IFCFACEOUTERBOUND(#7462,.T.);
#7464=IFCFACE((#7463));
#7465=IFCPOLYLOOP((#1229,#1234,#1253));
#7466=IFCFACEOUTERBOUND(#7465,.T.);
#7467=IFCFACE((#7466));
#7468=IFCPOLYLOOP((#1141,#1142,#1185));
#7469=IFCFACEOUTERBOUND(#7468,.T.);
#7470=IFCFACE((#7469));
#7471=IFCPOLYLOOP((#1223,#1196,#1170));
#7472=IFCFACEOUTERBOUND(#7471,.T.);
#7473=IFCFACE((#7472));
#7474=IFCPOLYLOOP((#1153,#1144,#1145));
#7475=IFCFACEOUTERBOUND(#7474,.T.);
#7476=IFCFACE((#7475));
#7477=IFCPOLYLOOP((#1150,#1278,#1277));
#7478=IFCFACEOUTERBOUND(#7477,.T.);
#7479=IFCFACE((#7478));
#7480=IFCPOLYLOOP((#1211,#1182,#1267));
#7481=IFCFACEOUTERBOUND(#7480,.T.);
#7482=IFCFACE((#7481));
#7483=IFCPOLYLOOP((#396,#395,#1199,#1186,#1200));
#7484=IFCFACEOUTERBOUND(#7483,.T.);
#7485=IFCFACE((#7484));
#7486=IFCPOLYLOOP((#1238,#1190,#1191));
#7487=IFCFACEOUTERBOUND(#7486,.T.);
#7488=IFCFACE((#7487));
#7489=IFCPOLYLOOP((#1143,#1185,#1142));
#7490=IFCFACEOUTERBOUND(#7489,.T.);
#7491=IFCFACE((#7490));
#7492=IFCPOLYLOOP((#1153,#1145,#1146));
#7493=IFCFACEOUTERBOUND(#7492,.T.);
#7494=IFCFACE((#7493));
#7495=IFCPOLYLOOP((#1197,#1204,#1162));
#7496=IFCFACEOUTERBOUND(#7495,.T.);
#7497=IFCFACE((#7496));
#7498=IFCPOLYLOOP((#1299,#1298,#1301));
#7499=IFCFACEOUTERBOUND(#7498,.T.);
#7500=IFCFACE((#7499));
#7501=IFCPOLYLOOP((#1146,#1147,#1153));
#7502=IFCFACEOUTERBOUND(#7501,.T.);
#7503=IFCFACE((#7502));
#7504=IFCPOLYLOOP((#1221,#1218,#1161));
#7505=IFCFACEOUTERBOUND(#7504,.T.);
#7506=IFCFACE((#7505));
#7507=IFCPOLYLOOP((#1214,#1291,#1286));
#7508=IFCFACEOUTERBOUND(#7507,.T.);
#7509=IFCFACE((#7508));
#7510=IFCPOLYLOOP((#1251,#1244,#1222));
#7511=IFCFACEOUTERBOUND(#7510,.T.);
#7512=IFCFACE((#7511));
#7513=IFCPOLYLOOP((#1283,#1291,#1167));
#7514=IFCFACEOUTERBOUND(#7513,.T.);
#7515=IFCFACE((#7514));
#7516=IFCPOLYLOOP((#1270,#1273,#1215));
#7517=IFCFACEOUTERBOUND(#7516,.T.);
#7518=IFCFACE((#7517));
#7519=IFCPOLYLOOP((#1198,#1206,#1204));
#7520=IFCFACEOUTERBOUND(#7519,.T.);
#7521=IFCFACE((#7520));
#7522=IFCPOLYLOOP((#1294,#1295,#1172));
#7523=IFCFACEOUTERBOUND(#7522,.T.);
#7524=IFCFACE((#7523));
#7525=IFCPOLYLOOP((#1286,#1164,#1304));
#7526=IFCFACEOUTERBOUND(#7525,.T.);
#7527=IFCFACE((#7526));
#7528=IFCPOLYLOOP((#1250,#1247,#1176));
#7529=IFCFACEOUTERBOUND(#7528,.T.);
#7530=IFCFACE((#7529));
#7531=IFCPOLYLOOP((#1241,#1274,#1239));
#7532=IFCFACEOUTERBOUND(#7531,.T.);
#7533=IFCFACE((#7532));
#7534=IFCPOLYLOOP((#1281,#1279,#1288));
#7535=IFCFACEOUTERBOUND(#7534,.T.);
#7536=IFCFACE((#7535));
#7537=IFCPOLYLOOP((#1208,#1209,#1287));
#7538=IFCFACEOUTERBOUND(#7537,.T.);
#7539=IFCFACE((#7538));
#7540=IFCPOLYLOOP((#1293,#1169,#1305));
#7541=IFCFACEOUTERBOUND(#7540,.T.);
#7542=IFCFACE((#7541));
#7543=IFCPOLYLOOP((#1231,#1237,#1243));
#7544=IFCFACEOUTERBOUND(#7543,.T.);
#7545=IFCFACE((#7544));
#7546=IFCPOLYLOOP((#1270,#1271,#1272));
#7547=IFCFACEOUTERBOUND(#7546,.T.);
#7548=IFCFACE((#7547));
#7549=IFCPOLYLOOP((#1297,#1295,#1212));
#7550=IFCFACEOUTERBOUND(#7549,.T.);
#7551=IFCFACE((#7550));
#7552=IFCPOLYLOOP((#1225,#1227,#1224));
#7553=IFCFACEOUTERBOUND(#7552,.T.);
#7554=IFCFACE((#7553));
#7555=IFCPOLYLOOP((#1218,#1221,#1174));
#7556=IFCFACEOUTERBOUND(#7555,.T.);
#7557=IFCFACE((#7556));
#7558=IFCPOLYLOOP((#1227,#1242,#1170));
#7559=IFCFACEOUTERBOUND(#7558,.T.);
#7560=IFCFACE((#7559));
#7561=IFCPOLYLOOP((#1245,#1244,#1251));
#7562=IFCFACEOUTERBOUND(#7561,.T.);
#7563=IFCFACE((#7562));
#7564=IFCPOLYLOOP((#1190,#1238,#1239));
#7565=IFCFACEOUTERBOUND(#7564,.T.);
#7566=IFCFACE((#7565));
#7567=IFCPOLYLOOP((#1254,#1257,#1255));
#7568=IFCFACEOUTERBOUND(#7567,.T.);
#7569=IFCFACE((#7568));
#7570=IFCPOLYLOOP((#1261,#1260,#1311));
#7571=IFCFACEOUTERBOUND(#7570,.T.);
#7572=IFCFACE((#7571));
#7573=IFCPOLYLOOP((#1247,#1250,#1180));
#7574=IFCFACEOUTERBOUND(#7573,.T.);
#7575=IFCFACE((#7574));
#7576=IFCPOLYLOOP((#1171,#1270,#1215));
#7577=IFCFACEOUTERBOUND(#7576,.T.);
#7578=IFCFACE((#7577));
#7579=IFCPOLYLOOP((#396,#1200,#1188,#397));
#7580=IFCFACEOUTERBOUND(#7579,.T.);
#7581=IFCFACE((#7580));
#7582=IFCPOLYLOOP((#1203,#1310,#1201));
#7583=IFCFACEOUTERBOUND(#7582,.T.);
#7584=IFCFACE((#7583));
#7585=IFCPOLYLOOP((#1144,#1153,#1187));
#7586=IFCFACEOUTERBOUND(#7585,.T.);
#7587=IFCFACE((#7586));
#7588=IFCPOLYLOOP((#1187,#1143,#1144));
#7589=IFCFACEOUTERBOUND(#7588,.T.);
#7590=IFCFACE((#7589));
#7591=IFCPOLYLOOP((#1153,#1152,#1187));
#7592=IFCFACEOUTERBOUND(#7591,.T.);
#7593=IFCFACE((#7592));
#7594=IFCPOLYLOOP((#1201,#1310,#1186));
#7595=IFCFACEOUTERBOUND(#7594,.T.);
#7596=IFCFACE((#7595));
#7597=IFCPOLYLOOP((#1204,#1263,#1152));
#7598=IFCFACEOUTERBOUND(#7597,.T.);
#7599=IFCFACE((#7598));
#7600=IFCPOLYLOOP((#1279,#1281,#1160));
#7601=IFCFACEOUTERBOUND(#7600,.T.);
#7602=IFCFACE((#7601));
#7603=IFCPOLYLOOP((#1254,#1275,#1238));
#7604=IFCFACEOUTERBOUND(#7603,.T.);
#7605=IFCFACE((#7604));
#7606=IFCPOLYLOOP((#1301,#1303,#1192));
#7607=IFCFACEOUTERBOUND(#7606,.T.);
#7608=IFCFACE((#7607));
#7609=IFCPOLYLOOP((#1149,#1297,#1298));
#7610=IFCFACEOUTERBOUND(#7609,.T.);
#7611=IFCFACE((#7610));
#7612=IFCPOLYLOOP((#1195,#1196,#1230));
#7613=IFCFACEOUTERBOUND(#7612,.T.);
#7614=IFCFACE((#7613));
#7615=IFCPOLYLOOP((#1195,#1230,#1231));
#7616=IFCFACEOUTERBOUND(#7615,.T.);
#7617=IFCFACE((#7616));
#7618=IFCPOLYLOOP((#1196,#1223,#1230));
#7619=IFCFACEOUTERBOUND(#7618,.T.);
#7620=IFCFACE((#7619));
#7621=IFCPOLYLOOP((#1204,#1152,#1198));
#7622=IFCFACEOUTERBOUND(#7621,.T.);
#7623=IFCFACE((#7622));
#7624=IFCPOLYLOOP((#1187,#1263,#1184));
#7625=IFCFACEOUTERBOUND(#7624,.T.);
#7626=IFCFACE((#7625));
#7627=IFCPOLYLOOP((#1206,#1198,#1151));
#7628=IFCFACEOUTERBOUND(#7627,.T.);
#7629=IFCFACE((#7628));
#7630=IFCPOLYLOOP((#1201,#1182,#1203));
#7631=IFCFACEOUTERBOUND(#7630,.T.);
#7632=IFCFACE((#7631));
#7633=IFCPOLYLOOP((#1188,#1200,#1310));
#7634=IFCFACEOUTERBOUND(#7633,.T.);
#7635=IFCFACE((#7634));
#7636=IFCPOLYLOOP((#1211,#1311,#1179));
#7637=IFCFACEOUTERBOUND(#7636,.T.);
#7638=IFCFACE((#7637));
#7639=IFCPOLYLOOP((#1203,#1182,#1211));
#7640=IFCFACEOUTERBOUND(#7639,.T.);
#7641=IFCFACE((#7640));
#7642=IFCPOLYLOOP((#1310,#1203,#1183));
#7643=IFCFACEOUTERBOUND(#7642,.T.);
#7644=IFCFACE((#7643));
#7645=IFCPOLYLOOP((#1202,#1183,#1203));
#7646=IFCFACEOUTERBOUND(#7645,.T.);
#7647=IFCFACE((#7646));
#7648=IFCPOLYLOOP((#1204,#1197,#1263));
#7649=IFCFACEOUTERBOUND(#7648,.T.);
#7650=IFCFACE((#7649));
#7651=IFCPOLYLOOP((#1209,#1266,#1207));
#7652=IFCFACEOUTERBOUND(#7651,.T.);
#7653=IFCFACE((#7652));
#7654=IFCPOLYLOOP((#1168,#1284,#1287));
#7655=IFCFACEOUTERBOUND(#7654,.T.);
#7656=IFCFACE((#7655));
#7657=IFCPOLYLOOP((#1162,#1204,#1206));
#7658=IFCFACEOUTERBOUND(#7657,.T.);
#7659=IFCFACE((#7658));
#7660=IFCPOLYLOOP((#1266,#1264,#1206));
#7661=IFCFACEOUTERBOUND(#7660,.T.);
#7662=IFCFACE((#7661));
#7663=IFCPOLYLOOP((#1151,#1207,#1266));
#7664=IFCFACEOUTERBOUND(#7663,.T.);
#7665=IFCFACE((#7664));
#7666=IFCPOLYLOOP((#1266,#1209,#1205));
#7667=IFCFACEOUTERBOUND(#7666,.T.);
#7668=IFCFACE((#7667));
#7669=IFCPOLYLOOP((#1205,#1209,#1208));
#7670=IFCFACEOUTERBOUND(#7669,.T.);
#7671=IFCFACE((#7670));
#7672=IFCPOLYLOOP((#1168,#1209,#1207));
#7673=IFCFACEOUTERBOUND(#7672,.T.);
#7674=IFCFACE((#7673));
#7675=IFCPOLYLOOP((#1261,#1259,#1181));
#7676=IFCFACEOUTERBOUND(#7675,.T.);
#7677=IFCFACE((#7676));
#7678=IFCPOLYLOOP((#1202,#1203,#1211));
#7679=IFCFACEOUTERBOUND(#7678,.T.);
#7680=IFCFACE((#7679));
#7681=IFCPOLYLOOP((#1179,#1202,#1211));
#7682=IFCFACEOUTERBOUND(#7681,.T.);
#7683=IFCFACE((#7682));
#7684=IFCPOLYLOOP((#1269,#1256,#1181));
#7685=IFCFACEOUTERBOUND(#7684,.T.);
#7686=IFCFACE((#7685));
#7687=IFCPOLYLOOP((#1149,#1296,#1297));
#7688=IFCFACEOUTERBOUND(#7687,.T.);
#7689=IFCFACE((#7688));
#7690=IFCPOLYLOOP((#1257,#1213,#1255));
#7691=IFCFACEOUTERBOUND(#7690,.T.);
#7692=IFCFACE((#7691));
#7693=IFCPOLYLOOP((#1281,#1282,#1160));
#7694=IFCFACEOUTERBOUND(#7693,.T.);
#7695=IFCFACE((#7694));
#7696=IFCPOLYLOOP((#1273,#1217,#1218));
#7697=IFCFACEOUTERBOUND(#7696,.T.);
#7698=IFCFACE((#7697));
#7699=IFCPOLYLOOP((#1174,#1221,#1219));
#7700=IFCFACEOUTERBOUND(#7699,.T.);
#7701=IFCFACE((#7700));
#7702=IFCPOLYLOOP((#1161,#1218,#1217));
#7703=IFCFACEOUTERBOUND(#7702,.T.);
#7704=IFCFACE((#7703));
#7705=IFCPOLYLOOP((#1215,#1218,#1174));
#7706=IFCFACEOUTERBOUND(#7705,.T.);
#7707=IFCFACE((#7706));
#7708=IFCPOLYLOOP((#1148,#1312,#1234));
#7709=IFCFACEOUTERBOUND(#7708,.T.);
#7710=IFCFACE((#7709));
#7711=IFCPOLYLOOP((#1312,#1219,#1221));
#7712=IFCFACEOUTERBOUND(#7711,.T.);
#7713=IFCFACE((#7712));
#7714=IFCPOLYLOOP((#1221,#1161,#1268));
#7715=IFCFACEOUTERBOUND(#7714,.T.);
#7716=IFCFACE((#7715));
#7717=IFCPOLYLOOP((#1221,#1268,#1312));
#7718=IFCFACEOUTERBOUND(#7717,.T.);
#7719=IFCFACE((#7718));
#7720=IFCPOLYLOOP((#1243,#1244,#1165));
#7721=IFCFACEOUTERBOUND(#7720,.T.);
#7722=IFCFACE((#7721));
#7723=IFCPOLYLOOP((#1227,#1225,#1242));
#7724=IFCFACEOUTERBOUND(#7723,.T.);
#7725=IFCFACE((#7724));
#7726=IFCPOLYLOOP((#1223,#1236,#1230));
#7727=IFCFACEOUTERBOUND(#7726,.T.);
#7728=IFCFACE((#7727));
#7729=IFCPOLYLOOP((#1228,#1224,#1227));
#7730=IFCFACEOUTERBOUND(#7729,.T.);
#7731=IFCFACE((#7730));
#7732=IFCPOLYLOOP((#1227,#1170,#1226));
#7733=IFCFACEOUTERBOUND(#7732,.T.);
#7734=IFCFACE((#7733));
#7735=IFCPOLYLOOP((#1223,#1242,#1175));
#7736=IFCFACEOUTERBOUND(#7735,.T.);
#7737=IFCFACE((#7736));
#7738=IFCPOLYLOOP((#1226,#1228,#1227));
#7739=IFCFACEOUTERBOUND(#7738,.T.);
#7740=IFCFACE((#7739));
#7741=IFCPOLYLOOP((#1228,#1226,#1173));
#7742=IFCFACEOUTERBOUND(#7741,.T.);
#7743=IFCFACE((#7742));
#7744=IFCPOLYLOOP((#1233,#1234,#1312));
#7745=IFCFACEOUTERBOUND(#7744,.T.);
#7746=IFCFACE((#7745));
#7747=IFCPOLYLOOP((#1253,#1235,#1228));
#7748=IFCFACEOUTERBOUND(#7747,.T.);
#7749=IFCFACE((#7748));
#7750=IFCPOLYLOOP((#1253,#1228,#1173));
#7751=IFCFACEOUTERBOUND(#7750,.T.);
#7752=IFCFACE((#7751));
#7753=IFCPOLYLOOP((#1238,#1191,#1254));
#7754=IFCFACEOUTERBOUND(#7753,.T.);
#7755=IFCFACE((#7754));
#7756=IFCPOLYLOOP((#1230,#1194,#1231));
#7757=IFCFACEOUTERBOUND(#7756,.T.);
#7758=IFCFACE((#7757));
#7759=IFCPOLYLOOP((#1231,#1194,#1237));
#7760=IFCFACEOUTERBOUND(#7759,.T.);
#7761=IFCFACE((#7760));
#7762=IFCPOLYLOOP((#1157,#1235,#1253));
#7763=IFCFACEOUTERBOUND(#7762,.T.);
#7764=IFCFACE((#7763));
#7765=IFCPOLYLOOP((#1232,#1243,#1165));
#7766=IFCFACEOUTERBOUND(#7765,.T.);
#7767=IFCFACE((#7766));
#7768=IFCPOLYLOOP((#1232,#1195,#1231));
#7769=IFCFACEOUTERBOUND(#7768,.T.);
#7770=IFCFACE((#7769));
#7771=IFCPOLYLOOP((#1157,#1234,#1233));
#7772=IFCFACEOUTERBOUND(#7771,.T.);
#7773=IFCFACE((#7772));
#7774=IFCPOLYLOOP((#1148,#1234,#1229));
#7775=IFCFACEOUTERBOUND(#7774,.T.);
#7776=IFCFACE((#7775));
#7777=IFCPOLYLOOP((#1236,#1223,#1175));
#7778=IFCFACEOUTERBOUND(#7777,.T.);
#7779=IFCFACE((#7778));
#7780=IFCPOLYLOOP((#1235,#1224,#1228));
#7781=IFCFACEOUTERBOUND(#7780,.T.);
#7782=IFCFACE((#7781));
#7783=IFCPOLYLOOP((#1236,#1194,#1230));
#7784=IFCFACEOUTERBOUND(#7783,.T.);
#7785=IFCFACE((#7784));
#7786=IFCPOLYLOOP((#1243,#1237,#1154,#1265));
#7787=IFCFACEOUTERBOUND(#7786,.T.);
#7788=IFCFACE((#7787));
#7789=IFCPOLYLOOP((#1239,#1238,#1189));
#7790=IFCFACEOUTERBOUND(#7789,.T.);
#7791=IFCFACE((#7790));
#7792=IFCPOLYLOOP((#1274,#1155,#1271));
#7793=IFCFACEOUTERBOUND(#7792,.T.);
#7794=IFCFACE((#7793));
#7795=IFCPOLYLOOP((#1239,#1189,#1241));
#7796=IFCFACEOUTERBOUND(#7795,.T.);
#7797=IFCFACE((#7796));
#7798=IFCPOLYLOOP((#1240,#1239,#1274));
#7799=IFCFACEOUTERBOUND(#7798,.T.);
#7800=IFCFACE((#7799));
#7801=IFCPOLYLOOP((#1240,#1190,#1239));
#7802=IFCFACEOUTERBOUND(#7801,.T.);
#7803=IFCFACE((#7802));
#7804=IFCPOLYLOOP((#1175,#1242,#1225));
#7805=IFCFACEOUTERBOUND(#7804,.T.);
#7806=IFCFACE((#7805));
#7807=IFCPOLYLOOP((#1170,#1242,#1223));
#7808=IFCFACEOUTERBOUND(#7807,.T.);
#7809=IFCFACE((#7808));
#7810=IFCPOLYLOOP((#1231,#1243,#1232));
#7811=IFCFACEOUTERBOUND(#7810,.T.);
#7812=IFCFACE((#7811));
#7813=IFCPOLYLOOP((#1243,#1265,#1244));
#7814=IFCFACEOUTERBOUND(#7813,.T.);
#7815=IFCFACE((#7814));
#7816=IFCPOLYLOOP((#1264,#1266,#1205));
#7817=IFCFACEOUTERBOUND(#7816,.T.);
#7818=IFCFACE((#7817));
#7819=IFCPOLYLOOP((#1180,#1250,#1248));
#7820=IFCFACEOUTERBOUND(#7819,.T.);
#7821=IFCFACE((#7820));
#7822=IFCPOLYLOOP((#1246,#1247,#1251));
#7823=IFCFACEOUTERBOUND(#7822,.T.);
#7824=IFCFACE((#7823));
#7825=IFCPOLYLOOP((#1245,#1165,#1244));
#7826=IFCFACEOUTERBOUND(#7825,.T.);
#7827=IFCFACE((#7826));
#7828=IFCPOLYLOOP((#1176,#1247,#1246));
#7829=IFCFACEOUTERBOUND(#7828,.T.);
#7830=IFCFACE((#7829));
#7831=IFCPOLYLOOP((#1251,#1180,#1245));
#7832=IFCFACEOUTERBOUND(#7831,.T.);
#7833=IFCFACE((#7832));
#7834=IFCPOLYLOOP((#1292,#1169,#1293));
#7835=IFCFACEOUTERBOUND(#7834,.T.);
#7836=IFCFACE((#7835));
#7837=IFCPOLYLOOP((#1305,#1248,#1250));
#7838=IFCFACEOUTERBOUND(#7837,.T.);
#7839=IFCFACE((#7838));
#7840=IFCPOLYLOOP((#1250,#1176,#1252));
#7841=IFCFACEOUTERBOUND(#7840,.T.);
#7842=IFCFACE((#7841));
#7843=IFCPOLYLOOP((#1249,#1293,#1305));
#7844=IFCFACEOUTERBOUND(#7843,.T.);
#7845=IFCFACE((#7844));
#7846=IFCPOLYLOOP((#1246,#1251,#1222));
#7847=IFCFACEOUTERBOUND(#7846,.T.);
#7848=IFCFACE((#7847));
#7849=IFCPOLYLOOP((#1251,#1247,#1180));
#7850=IFCFACEOUTERBOUND(#7849,.T.);
#7851=IFCFACE((#7850));
#7852=IFCPOLYLOOP((#1229,#1253,#1173));
#7853=IFCFACEOUTERBOUND(#7852,.T.);
#7854=IFCFACE((#7853));
#7855=IFCPOLYLOOP((#1305,#1252,#1249));
#7856=IFCFACEOUTERBOUND(#7855,.T.);
#7857=IFCFACE((#7856));
#7858=IFCPOLYLOOP((#1157,#1253,#1234));
#7859=IFCFACEOUTERBOUND(#7858,.T.);
#7860=IFCFACE((#7859));
#7861=IFCPOLYLOOP((#1191,#1166,#1254));
#7862=IFCFACEOUTERBOUND(#7861,.T.);
#7863=IFCFACE((#7862));
#7864=IFCPOLYLOOP((#1166,#1257,#1254));
#7865=IFCFACEOUTERBOUND(#7864,.T.);
#7866=IFCFACE((#7865));
#7867=IFCPOLYLOOP((#1181,#1259,#1269));
#7868=IFCFACEOUTERBOUND(#7867,.T.);
#7869=IFCFACE((#7868));
#7870=IFCPOLYLOOP((#1178,#1275,#1254,#1255));
#7871=IFCFACEOUTERBOUND(#7870,.T.);
#7872=IFCFACE((#7871));
#7873=IFCPOLYLOOP((#1259,#1177,#1258));
#7874=IFCFACEOUTERBOUND(#7873,.T.);
#7875=IFCFACE((#7874));
#7876=IFCPOLYLOOP((#1166,#1256,#1257));
#7877=IFCFACEOUTERBOUND(#7876,.T.);
#7878=IFCFACE((#7877));
#7879=IFCPOLYLOOP((#1213,#1269,#1258));
#7880=IFCFACEOUTERBOUND(#7879,.T.);
#7881=IFCFACE((#7880));
#7882=IFCPOLYLOOP((#1269,#1213,#1257));
#7883=IFCFACEOUTERBOUND(#7882,.T.);
#7884=IFCFACE((#7883));
#7885=IFCPOLYLOOP((#1259,#1261,#1177));
#7886=IFCFACEOUTERBOUND(#7885,.T.);
#7887=IFCFACE((#7886));
#7888=IFCPOLYLOOP((#1181,#1260,#1261));
#7889=IFCFACEOUTERBOUND(#7888,.T.);
#7890=IFCFACE((#7889));
#7891=IFCPOLYLOOP((#1311,#1260,#1179));
#7892=IFCFACEOUTERBOUND(#7891,.T.);
#7893=IFCFACE((#7892));
#7894=IFCPOLYLOOP((#1311,#1262,#1261));
#7895=IFCFACEOUTERBOUND(#7894,.T.);
#7896=IFCFACE((#7895));
#7897=IFCPOLYLOOP((#1184,#1263,#1197));
#7898=IFCFACEOUTERBOUND(#7897,.T.);
#7899=IFCFACE((#7898));
#7900=IFCPOLYLOOP((#1262,#1177,#1261));
#7901=IFCFACEOUTERBOUND(#7900,.T.);
#7902=IFCFACE((#7901));
#7903=IFCPOLYLOOP((#1152,#1263,#1187));
#7904=IFCFACEOUTERBOUND(#7903,.T.);
#7905=IFCFACE((#7904));
#7906=IFCPOLYLOOP((#1264,#1162,#1206));
#7907=IFCFACEOUTERBOUND(#7906,.T.);
#7908=IFCFACE((#7907));
#7909=IFCPOLYLOOP((#1265,#1222,#1244));
#7910=IFCFACEOUTERBOUND(#7909,.T.);
#7911=IFCFACE((#7910));
#7912=IFCPOLYLOOP((#1151,#1266,#1206));
#7913=IFCFACEOUTERBOUND(#7912,.T.);
#7914=IFCFACE((#7913));
#7915=IFCPOLYLOOP((#1256,#1269,#1257));
#7916=IFCFACEOUTERBOUND(#7915,.T.);
#7917=IFCFACE((#7916));
#7918=IFCPOLYLOOP((#1311,#1267,#1210,#1262));
#7919=IFCFACEOUTERBOUND(#7918,.T.);
#7920=IFCFACE((#7919));
#7921=IFCPOLYLOOP((#1312,#1268,#1220,#1233));
#7922=IFCFACEOUTERBOUND(#7921,.T.);
#7923=IFCFACE((#7922));
#7924=IFCPOLYLOOP((#1258,#1269,#1259));
#7925=IFCFACEOUTERBOUND(#7924,.T.);
#7926=IFCFACE((#7925));
#7927=IFCPOLYLOOP((#1271,#1270,#1171));
#7928=IFCFACEOUTERBOUND(#7927,.T.);
#7929=IFCFACE((#7928));
#7930=IFCPOLYLOOP((#1216,#1217,#1273));
#7931=IFCFACEOUTERBOUND(#7930,.T.);
#7932=IFCFACE((#7931));
#7933=IFCPOLYLOOP((#1240,#1271,#1171));
#7934=IFCFACEOUTERBOUND(#7933,.T.);
#7935=IFCFACE((#7934));
#7936=IFCPOLYLOOP((#1272,#1216,#1270));
#7937=IFCFACEOUTERBOUND(#7936,.T.);
#7938=IFCFACE((#7937));
#7939=IFCPOLYLOOP((#1271,#1155,#1272));
#7940=IFCFACEOUTERBOUND(#7939,.T.);
#7941=IFCFACE((#7940));
#7942=IFCPOLYLOOP((#1215,#1273,#1218));
#7943=IFCFACEOUTERBOUND(#7942,.T.);
#7944=IFCFACE((#7943));
#7945=IFCPOLYLOOP((#1216,#1273,#1270));
#7946=IFCFACEOUTERBOUND(#7945,.T.);
#7947=IFCFACE((#7946));
#7948=IFCPOLYLOOP((#1155,#1274,#1241));
#7949=IFCFACEOUTERBOUND(#7948,.T.);
#7950=IFCFACE((#7949));
#7951=IFCPOLYLOOP((#1240,#1274,#1271));
#7952=IFCFACEOUTERBOUND(#7951,.T.);
#7953=IFCFACE((#7952));
#7954=IFCPOLYLOOP((#1275,#1189,#1238));
#7955=IFCFACEOUTERBOUND(#7954,.T.);
#7956=IFCFACE((#7955));
#7957=IFCPOLYLOOP((#1284,#1277,#1278));
#7958=IFCFACEOUTERBOUND(#7957,.T.);
#7959=IFCFACE((#7958));
#7960=IFCPOLYLOOP((#1288,#1150,#1280));
#7961=IFCFACEOUTERBOUND(#7960,.T.);
#7962=IFCFACE((#7961));
#7963=IFCPOLYLOOP((#1278,#1289,#1284));
#7964=IFCFACEOUTERBOUND(#7963,.T.);
#7965=IFCFACE((#7964));
#7966=IFCPOLYLOOP((#1288,#1280,#1281));
#7967=IFCFACEOUTERBOUND(#7966,.T.);
#7968=IFCFACE((#7967));
#7969=IFCPOLYLOOP((#1278,#1288,#1276));
#7970=IFCFACEOUTERBOUND(#7969,.T.);
#7971=IFCFACE((#7970));
#7972=IFCPOLYLOOP((#1280,#1282,#1281));
#7973=IFCFACEOUTERBOUND(#7972,.T.);
#7974=IFCFACE((#7973));
#7975=IFCPOLYLOOP((#1282,#1280,#1167));
#7976=IFCFACEOUTERBOUND(#7975,.T.);
#7977=IFCFACE((#7976));
#7978=IFCPOLYLOOP((#1285,#1286,#1304));
#7979=IFCFACEOUTERBOUND(#7978,.T.);
#7980=IFCFACE((#7979));
#7981=IFCPOLYLOOP((#1291,#1290,#1282));
#7982=IFCFACEOUTERBOUND(#7981,.T.);
#7983=IFCFACE((#7982));
#7984=IFCPOLYLOOP((#1283,#1286,#1291));
#7985=IFCFACEOUTERBOUND(#7984,.T.);
#7986=IFCFACE((#7985));
#7987=IFCPOLYLOOP((#1158,#1208,#1287));
#7988=IFCFACEOUTERBOUND(#7987,.T.);
#7989=IFCFACE((#7988));
#7990=IFCPOLYLOOP((#1168,#1277,#1284));
#7991=IFCFACEOUTERBOUND(#7990,.T.);
#7992=IFCFACE((#7991));
#7993=IFCPOLYLOOP((#1214,#1290,#1291));
#7994=IFCFACEOUTERBOUND(#7993,.T.);
#7995=IFCFACE((#7994));
#7996=IFCPOLYLOOP((#1214,#1286,#1285));
#7997=IFCFACEOUTERBOUND(#7996,.T.);
#7998=IFCFACE((#7997));
#7999=IFCPOLYLOOP((#1164,#1286,#1283));
#8000=IFCFACEOUTERBOUND(#7999,.T.);
#8001=IFCFACE((#8000));
#8002=IFCPOLYLOOP((#1168,#1287,#1209));
#8003=IFCFACEOUTERBOUND(#8002,.T.);
#8004=IFCFACE((#8003));
#8005=IFCPOLYLOOP((#1158,#1287,#1284));
#8006=IFCFACEOUTERBOUND(#8005,.T.);
#8007=IFCFACE((#8006));
#8008=IFCPOLYLOOP((#1276,#1288,#1279));
#8009=IFCFACEOUTERBOUND(#8008,.T.);
#8010=IFCFACE((#8009));
#8011=IFCPOLYLOOP((#1150,#1288,#1278));
#8012=IFCFACEOUTERBOUND(#8011,.T.);
#8013=IFCFACE((#8012));
#8014=IFCPOLYLOOP((#1289,#1278,#1276));
#8015=IFCFACEOUTERBOUND(#8014,.T.);
#8016=IFCFACE((#8015));
#8017=IFCPOLYLOOP((#1289,#1158,#1284));
#8018=IFCFACEOUTERBOUND(#8017,.T.);
#8019=IFCFACE((#8018));
#8020=IFCPOLYLOOP((#1290,#1160,#1282));
#8021=IFCFACEOUTERBOUND(#8020,.T.);
#8022=IFCFACE((#8021));
#8023=IFCPOLYLOOP((#1167,#1291,#1282));
#8024=IFCFACEOUTERBOUND(#8023,.T.);
#8025=IFCFACE((#8024));
#8026=IFCPOLYLOOP((#1294,#1172,#1292));
#8027=IFCFACEOUTERBOUND(#8026,.T.);
#8028=IFCFACE((#8027));
#8029=IFCPOLYLOOP((#1294,#1309,#1159,#1307));
#8030=IFCFACEOUTERBOUND(#8029,.T.);
#8031=IFCFACE((#8030));
#8032=IFCPOLYLOOP((#1309,#1294,#1293));
#8033=IFCFACEOUTERBOUND(#8032,.T.);
#8034=IFCFACE((#8033));
#8035=IFCPOLYLOOP((#1293,#1294,#1292));
#8036=IFCFACEOUTERBOUND(#8035,.T.);
#8037=IFCFACE((#8036));
#8038=IFCPOLYLOOP((#1294,#1307,#1295));
#8039=IFCFACEOUTERBOUND(#8038,.T.);
#8040=IFCFACE((#8039));
#8041=IFCPOLYLOOP((#1297,#1212,#1308));
#8042=IFCFACEOUTERBOUND(#8041,.T.);
#8043=IFCFACE((#8042));
#8044=IFCPOLYLOOP((#1298,#1308,#1163,#1300));
#8045=IFCFACEOUTERBOUND(#8044,.T.);
#8046=IFCFACE((#8045));
#8047=IFCPOLYLOOP((#1297,#1296,#1295));
#8048=IFCFACEOUTERBOUND(#8047,.T.);
#8049=IFCFACE((#8048));
#8050=IFCPOLYLOOP((#1296,#1172,#1295));
#8051=IFCFACEOUTERBOUND(#8050,.T.);
#8052=IFCFACE((#8051));
#8053=IFCPOLYLOOP((#1308,#1298,#1297));
#8054=IFCFACEOUTERBOUND(#8053,.T.);
#8055=IFCFACE((#8054));
#8056=IFCPOLYLOOP((#1193,#1301,#1300));
#8057=IFCFACEOUTERBOUND(#8056,.T.);
#8058=IFCFACE((#8057));
#8059=IFCPOLYLOOP((#1192,#1303,#1302));
#8060=IFCFACEOUTERBOUND(#8059,.T.);
#8061=IFCFACE((#8060));
#8062=IFCPOLYLOOP((#1299,#1149,#1298));
#8063=IFCFACEOUTERBOUND(#8062,.T.);
#8064=IFCFACE((#8063));
#8065=IFCPOLYLOOP((#1300,#1301,#1298));
#8066=IFCFACEOUTERBOUND(#8065,.T.);
#8067=IFCFACE((#8066));
#8068=IFCPOLYLOOP((#1299,#1301,#1192));
#8069=IFCFACEOUTERBOUND(#8068,.T.);
#8070=IFCFACE((#8069));
#8071=IFCPOLYLOOP((#1304,#1302,#1303));
#8072=IFCFACEOUTERBOUND(#8071,.T.);
#8073=IFCFACE((#8072));
#8074=IFCPOLYLOOP((#1304,#1306,#1156,#1285));
#8075=IFCFACEOUTERBOUND(#8074,.T.);
#8076=IFCFACE((#8075));
#8077=IFCPOLYLOOP((#1306,#1304,#1303));
#8078=IFCFACEOUTERBOUND(#8077,.T.);
#8079=IFCFACE((#8078));
#8080=IFCPOLYLOOP((#1164,#1302,#1304));
#8081=IFCFACEOUTERBOUND(#8080,.T.);
#8082=IFCFACE((#8081));
#8083=IFCPOLYLOOP((#1248,#1305,#1169));
#8084=IFCFACEOUTERBOUND(#8083,.T.);
#8085=IFCFACE((#8084));
#8086=IFCPOLYLOOP((#1305,#1250,#1252));
#8087=IFCFACEOUTERBOUND(#8086,.T.);
#8088=IFCFACE((#8087));
#8089=IFCPOLYLOOP((#1303,#1193,#1306));
#8090=IFCFACEOUTERBOUND(#8089,.T.);
#8091=IFCFACE((#8090));
#8092=IFCPOLYLOOP((#1307,#1212,#1295));
#8093=IFCFACEOUTERBOUND(#8092,.T.);
#8094=IFCFACE((#8093));
#8095=IFCPOLYLOOP((#1293,#1249,#1309));
#8096=IFCFACEOUTERBOUND(#8095,.T.);
#8097=IFCFACE((#8096));
#8098=IFCPOLYLOOP((#1188,#1310,#1183));
#8099=IFCFACEOUTERBOUND(#8098,.T.);
#8100=IFCFACE((#8099));
#8101=IFCPOLYLOOP((#1310,#1200,#1186));
#8102=IFCFACEOUTERBOUND(#8101,.T.);
#8103=IFCFACE((#8102));
#8104=IFCPOLYLOOP((#1267,#1311,#1211));
#8105=IFCFACEOUTERBOUND(#8104,.T.);
#8106=IFCFACE((#8105));
#8107=IFCPOLYLOOP((#1219,#1312,#1148));
#8108=IFCFACEOUTERBOUND(#8107,.T.);
#8109=IFCFACE((#8108));
#8110=IFCPOLYLOOP((#1315,#1316,#1317,#398,#397,#1188,#1183,#1202,#1179,#1260,#1181,#1256,#1166,#1191,#1190,#1240,#1171,#1215,#1174,#1219,#1148,#1229,#1173,#1226,#1170,#1196,#1195,#1232,#1165,#1245,#1180,#1248,#1169,#1292,#1172,#1296,#1149,#1299,#1192,#1302,#1164,#1283,#1167,#1280,#1150,#1277,#1168,#1207,#1151,#1198,#1152,#1153,#1147,#3130,#3128,#3152,#3126,#3173,#3138,#3166,#3125,#3163,#3140,#3171,#3139,#3158,#3144,#3157,#3127,#3148,#3129,#3131,#1313,#2295,#2294,#2337,#2293,#2347,#2307,#2350,#2292,#2424,#2314,#2421,#2310,#2417,#2332,#2414,#2291,#2411,#2313,#2397,#2309,#2394,#2322,#2400,#2306,#2403,#2334,#2406,#2311,#2440,#2315,#2436,#2290,#2382,#2316,#2377,#2312,#2367,#2331,#2362,#2308,#2356,#2323,#2387,#2321,#2341,#2325,#2330,#1314));
#8111=IFCFACEOUTERBOUND(#8110,.T.);
#8112=IFCFACE((#8111));
#8113=IFCPOLYLOOP((#1364,#1366,#1363));
#8114=IFCFACEOUTERBOUND(#8113,.T.);
#8115=IFCFACE((#8114));
#8116=IFCPOLYLOOP((#1434,#1437,#1436));
#8117=IFCFACEOUTERBOUND(#8116,.T.);
#8118=IFCFACE((#8117));
#8119=IFCPOLYLOOP((#1366,#1364,#1320));
#8120=IFCFACEOUTERBOUND(#8119,.T.);
#8121=IFCFACE((#8120));
#8122=IFCPOLYLOOP((#1405,#1334,#1404));
#8123=IFCFACEOUTERBOUND(#8122,.T.);
#8124=IFCFACE((#8123));
#8125=IFCPOLYLOOP((#1318,#1319,#1364));
#8126=IFCFACEOUTERBOUND(#8125,.T.);
#8127=IFCFACE((#8126));
#8128=IFCPOLYLOOP((#1330,#1321,#1322));
#8129=IFCFACEOUTERBOUND(#8128,.T.);
#8130=IFCFACE((#8129));
#8131=IFCPOLYLOOP((#1327,#1420,#1419));
#8132=IFCFACEOUTERBOUND(#8131,.T.);
#8133=IFCFACE((#8132));
#8134=IFCPOLYLOOP((#1385,#1361,#1389));
#8135=IFCFACEOUTERBOUND(#8134,.T.);
#8136=IFCFACE((#8135));
#8137=IFCPOLYLOOP((#400,#399,#1372,#1365,#1373));
#8138=IFCFACEOUTERBOUND(#8137,.T.);
#8139=IFCFACE((#8138));
#8140=IFCPOLYLOOP((#1413,#1411,#1410));
#8141=IFCFACEOUTERBOUND(#8140,.T.);
#8142=IFCFACE((#8141));
#8143=IFCPOLYLOOP((#1320,#1364,#1319));
#8144=IFCFACEOUTERBOUND(#8143,.T.);
#8145=IFCFACE((#8144));
#8146=IFCPOLYLOOP((#1330,#1322,#1323));
#8147=IFCFACEOUTERBOUND(#8146,.T.);
#8148=IFCFACE((#8147));
#8149=IFCPOLYLOOP((#1370,#1377,#1339));
#8150=IFCFACEOUTERBOUND(#8149,.T.);
#8151=IFCFACE((#8150));
#8152=IFCPOLYLOOP((#1432,#1431,#1368));
#8153=IFCFACEOUTERBOUND(#8152,.T.);
#8154=IFCFACE((#8153));
#8155=IFCPOLYLOOP((#1323,#1324,#1330));
#8156=IFCFACEOUTERBOUND(#8155,.T.);
#8157=IFCFACE((#8156));
#8158=IFCPOLYLOOP((#1398,#1399,#1396));
#8159=IFCFACEOUTERBOUND(#8158,.T.);
#8160=IFCFACE((#8159));
#8161=IFCPOLYLOOP((#1423,#1420,#1425));
#8162=IFCFACEOUTERBOUND(#8161,.T.);
#8163=IFCFACE((#8162));
#8164=IFCPOLYLOOP((#1342,#1473,#1475));
#8165=IFCFACEOUTERBOUND(#8164,.T.);
#8166=IFCFACE((#8165));
#8167=IFCPOLYLOOP((#1429,#1386,#1427));
#8168=IFCFACEOUTERBOUND(#8167,.T.);
#8169=IFCFACE((#8168));
#8170=IFCPOLYLOOP((#1421,#1418,#1420));
#8171=IFCFACEOUTERBOUND(#8170,.T.);
#8172=IFCFACE((#8171));
#8173=IFCPOLYLOOP((#1371,#1379,#1377));
#8174=IFCFACEOUTERBOUND(#8173,.T.);
#8175=IFCFACE((#8174));
#8176=IFCPOLYLOOP((#1442,#1450,#1441));
#8177=IFCFACEOUTERBOUND(#8176,.T.);
#8178=IFCFACE((#8177));
#8179=IFCPOLYLOOP((#1429,#1430,#1386));
#8180=IFCFACEOUTERBOUND(#8179,.T.);
#8181=IFCFACE((#8180));
#8182=IFCPOLYLOOP((#1346,#1446,#1443));
#8183=IFCFACEOUTERBOUND(#8182,.T.);
#8184=IFCFACE((#8183));
#8185=IFCPOLYLOOP((#1456,#1457,#1462));
#8186=IFCFACEOUTERBOUND(#8185,.T.);
#8187=IFCFACE((#8186));
#8188=IFCPOLYLOOP((#1421,#1422,#1426));
#8189=IFCFACEOUTERBOUND(#8188,.T.);
#8190=IFCFACE((#8189));
#8191=IFCPOLYLOOP((#1381,#1382,#1424));
#8192=IFCFACEOUTERBOUND(#8191,.T.);
#8193=IFCFACE((#8192));
#8194=IFCPOLYLOOP((#1449,#1443,#1446));
#8195=IFCFACEOUTERBOUND(#8194,.T.);
#8196=IFCFACE((#8195));
#8197=IFCPOLYLOOP((#1362,#1416,#1376));
#8198=IFCFACEOUTERBOUND(#8197,.T.);
#8199=IFCFACE((#8198));
#8200=IFCPOLYLOOP((#1395,#1349,#1393));
#8201=IFCFACEOUTERBOUND(#8200,.T.);
#8202=IFCFACE((#8201));
#8203=IFCPOLYLOOP((#1409,#1411,#1332));
#8204=IFCFACEOUTERBOUND(#8203,.T.);
#8205=IFCFACE((#8204));
#8206=IFCPOLYLOOP((#1350,#1471,#1470));
#8207=IFCFACEOUTERBOUND(#8206,.T.);
#8208=IFCFACE((#8207));
#8209=IFCPOLYLOOP((#1438,#1439,#1441));
#8210=IFCFACEOUTERBOUND(#8209,.T.);
#8211=IFCFACE((#8210));
#8212=IFCPOLYLOOP((#1404,#1352,#1401));
#8213=IFCFACEOUTERBOUND(#8212,.T.);
#8214=IFCFACE((#8213));
#8215=IFCPOLYLOOP((#1348,#1410,#1411));
#8216=IFCFACEOUTERBOUND(#8215,.T.);
#8217=IFCFACE((#8216));
#8218=IFCPOLYLOOP((#1484,#1483,#1482));
#8219=IFCFACEOUTERBOUND(#8218,.T.);
#8220=IFCFACE((#8219));
#8221=IFCPOLYLOOP((#1342,#1472,#1473));
#8222=IFCFACEOUTERBOUND(#8221,.T.);
#8223=IFCFACE((#8222));
#8224=IFCPOLYLOOP((#1433,#1430,#1341));
#8225=IFCFACEOUTERBOUND(#8224,.T.);
#8226=IFCFACE((#8225));
#8227=IFCPOLYLOOP((#1461,#1383,#1460));
#8228=IFCFACEOUTERBOUND(#8227,.T.);
#8229=IFCFACE((#8228));
#8230=IFCPOLYLOOP((#1472,#1342,#1470));
#8231=IFCFACEOUTERBOUND(#8230,.T.);
#8232=IFCFACE((#8231));
#8233=IFCPOLYLOOP((#1346,#1447,#1448));
#8234=IFCFACEOUTERBOUND(#8233,.T.);
#8235=IFCFACE((#8234));
#8236=IFCPOLYLOOP((#1460,#1458,#1463));
#8237=IFCFACEOUTERBOUND(#8236,.T.);
#8238=IFCFACE((#8237));
#8239=IFCPOLYLOOP((#400,#1373,#1362,#1367,#401));
#8240=IFCFACEOUTERBOUND(#8239,.T.);
#8241=IFCFACE((#8240));
#8242=IFCPOLYLOOP((#1374,#1376,#1416));
#8243=IFCFACEOUTERBOUND(#8242,.T.);
#8244=IFCFACE((#8243));
#8245=IFCPOLYLOOP((#1321,#1330,#1366));
#8246=IFCFACEOUTERBOUND(#8245,.T.);
#8247=IFCFACE((#8246));
#8248=IFCPOLYLOOP((#1366,#1320,#1321));
#8249=IFCFACEOUTERBOUND(#8248,.T.);
#8250=IFCFACE((#8249));
#8251=IFCPOLYLOOP((#1330,#1329,#1366));
#8252=IFCFACEOUTERBOUND(#8251,.T.);
#8253=IFCFACE((#8252));
#8254=IFCPOLYLOOP((#1374,#1416,#1365));
#8255=IFCFACEOUTERBOUND(#8254,.T.);
#8256=IFCFACE((#8255));
#8257=IFCPOLYLOOP((#1377,#1390,#1329));
#8258=IFCFACEOUTERBOUND(#8257,.T.);
#8259=IFCFACE((#8258));
#8260=IFCPOLYLOOP((#1434,#1369,#1432));
#8261=IFCFACEOUTERBOUND(#8260,.T.);
#8262=IFCFACE((#8261));
#8263=IFCPOLYLOOP((#1377,#1329,#1371));
#8264=IFCFACEOUTERBOUND(#8263,.T.);
#8265=IFCFACE((#8264));
#8266=IFCPOLYLOOP((#1366,#1390,#1363));
#8267=IFCFACEOUTERBOUND(#8266,.T.);
#8268=IFCFACE((#8267));
#8269=IFCPOLYLOOP((#1379,#1371,#1328));
#8270=IFCFACEOUTERBOUND(#8269,.T.);
#8271=IFCFACE((#8270));
#8272=IFCPOLYLOOP((#1374,#1361,#1376));
#8273=IFCFACEOUTERBOUND(#8272,.T.);
#8274=IFCFACE((#8273));
#8275=IFCPOLYLOOP((#1385,#1358,#1375));
#8276=IFCFACEOUTERBOUND(#8275,.T.);
#8277=IFCFACE((#8276));
#8278=IFCPOLYLOOP((#1376,#1361,#1385));
#8279=IFCFACEOUTERBOUND(#8278,.T.);
#8280=IFCFACE((#8279));
#8281=IFCPOLYLOOP((#1416,#1362,#1373));
#8282=IFCFACEOUTERBOUND(#8281,.T.);
#8283=IFCFACE((#8282));
#8284=IFCPOLYLOOP((#1375,#1362,#1376));
#8285=IFCFACEOUTERBOUND(#8284,.T.);
#8286=IFCFACE((#8285));
#8287=IFCPOLYLOOP((#1377,#1370,#1390));
#8288=IFCFACEOUTERBOUND(#8287,.T.);
#8289=IFCFACE((#8288));
#8290=IFCPOLYLOOP((#1382,#1394,#1380));
#8291=IFCFACEOUTERBOUND(#8290,.T.);
#8292=IFCFACE((#8291));
#8293=IFCPOLYLOOP((#1345,#1423,#1424));
#8294=IFCFACEOUTERBOUND(#8293,.T.);
#8295=IFCFACE((#8294));
#8296=IFCPOLYLOOP((#1339,#1377,#1379));
#8297=IFCFACEOUTERBOUND(#8296,.T.);
#8298=IFCFACE((#8297));
#8299=IFCPOLYLOOP((#1394,#1388,#1379));
#8300=IFCFACEOUTERBOUND(#8299,.T.);
#8301=IFCFACE((#8300));
#8302=IFCPOLYLOOP((#1328,#1380,#1394));
#8303=IFCFACEOUTERBOUND(#8302,.T.);
#8304=IFCFACE((#8303));
#8305=IFCPOLYLOOP((#1394,#1382,#1378));
#8306=IFCFACEOUTERBOUND(#8305,.T.);
#8307=IFCFACE((#8306));
#8308=IFCPOLYLOOP((#1378,#1382,#1381));
#8309=IFCFACEOUTERBOUND(#8308,.T.);
#8310=IFCFACE((#8309));
#8311=IFCPOLYLOOP((#1345,#1382,#1380));
#8312=IFCFACEOUTERBOUND(#8311,.T.);
#8313=IFCFACE((#8312));
#8314=IFCPOLYLOOP((#1464,#1467,#1466));
#8315=IFCFACEOUTERBOUND(#8314,.T.);
#8316=IFCFACE((#8315));
#8317=IFCPOLYLOOP((#1458,#1460,#1383));
#8318=IFCFACEOUTERBOUND(#8317,.T.);
#8319=IFCFACE((#8318));
#8320=IFCPOLYLOOP((#1376,#1385,#1375));
#8321=IFCFACEOUTERBOUND(#8320,.T.);
#8322=IFCFACE((#8321));
#8323=IFCPOLYLOOP((#1468,#1384,#1467));
#8324=IFCFACEOUTERBOUND(#8323,.T.);
#8325=IFCFACE((#8324));
#8326=IFCPOLYLOOP((#1363,#1390,#1370));
#8327=IFCFACEOUTERBOUND(#8326,.T.);
#8328=IFCFACE((#8327));
#8329=IFCPOLYLOOP((#1427,#1337,#1452,#1426));
#8330=IFCFACEOUTERBOUND(#8329,.T.);
#8331=IFCFACE((#8330));
#8332=IFCPOLYLOOP((#1437,#1438,#1340));
#8333=IFCFACEOUTERBOUND(#8332,.T.);
#8334=IFCFACE((#8333));
#8335=IFCPOLYLOOP((#1388,#1339,#1379));
#8336=IFCFACEOUTERBOUND(#8335,.T.);
#8337=IFCFACE((#8336));
#8338=IFCPOLYLOOP((#1468,#1389,#1384));
#8339=IFCFACEOUTERBOUND(#8338,.T.);
#8340=IFCFACE((#8339));
#8341=IFCPOLYLOOP((#1329,#1390,#1366));
#8342=IFCFACEOUTERBOUND(#8341,.T.);
#8343=IFCFACE((#8342));
#8344=IFCPOLYLOOP((#1349,#1395,#1396));
#8345=IFCFACEOUTERBOUND(#8344,.T.);
#8346=IFCFACE((#8345));
#8347=IFCPOLYLOOP((#1325,#1397,#1400));
#8348=IFCFACEOUTERBOUND(#8347,.T.);
#8349=IFCFACE((#8348));
#8350=IFCPOLYLOOP((#1408,#1417,#1395));
#8351=IFCFACEOUTERBOUND(#8350,.T.);
#8352=IFCFACE((#8351));
#8353=IFCPOLYLOOP((#1388,#1394,#1378));
#8354=IFCFACEOUTERBOUND(#8353,.T.);
#8355=IFCFACE((#8354));
#8356=IFCPOLYLOOP((#1328,#1394,#1379));
#8357=IFCFACEOUTERBOUND(#8356,.T.);
#8358=IFCFACE((#8357));
#8359=IFCPOLYLOOP((#1395,#1393,#1408));
#8360=IFCFACEOUTERBOUND(#8359,.T.);
#8361=IFCFACE((#8360));
#8362=IFCPOLYLOOP((#1396,#1395,#1338));
#8363=IFCFACEOUTERBOUND(#8362,.T.);
#8364=IFCFACE((#8363));
#8365=IFCPOLYLOOP((#1399,#1398,#1391));
#8366=IFCFACEOUTERBOUND(#8365,.T.);
#8367=IFCFACE((#8366));
#8368=IFCPOLYLOOP((#1396,#1338,#1398));
#8369=IFCFACEOUTERBOUND(#8368,.T.);
#8370=IFCFACE((#8369));
#8371=IFCPOLYLOOP((#1400,#1397,#1399));
#8372=IFCFACEOUTERBOUND(#8371,.T.);
#8373=IFCFACE((#8372));
#8374=IFCPOLYLOOP((#1397,#1349,#1396));
#8375=IFCFACEOUTERBOUND(#8374,.T.);
#8376=IFCFACE((#8375));
#8377=IFCPOLYLOOP((#1399,#1391,#1400));
#8378=IFCFACEOUTERBOUND(#8377,.T.);
#8379=IFCFACE((#8378));
#8380=IFCPOLYLOOP((#1396,#1399,#1397));
#8381=IFCFACEOUTERBOUND(#8380,.T.);
#8382=IFCFACE((#8381));
#8383=IFCPOLYLOOP((#1405,#1406,#1334));
#8384=IFCFACEOUTERBOUND(#8383,.T.);
#8385=IFCFACE((#8384));
#8386=IFCPOLYLOOP((#1403,#1404,#1334));
#8387=IFCFACEOUTERBOUND(#8386,.T.);
#8388=IFCFACE((#8387));
#8389=IFCPOLYLOOP((#1403,#1402,#1487,#1484));
#8390=IFCFACEOUTERBOUND(#8389,.T.);
#8391=IFCFACE((#8390));
#8392=IFCPOLYLOOP((#1400,#1405,#1325));
#8393=IFCFACEOUTERBOUND(#8392,.T.);
#8394=IFCFACE((#8393));
#8395=IFCPOLYLOOP((#1347,#1482,#1483));
#8396=IFCFACEOUTERBOUND(#8395,.T.);
#8397=IFCFACE((#8396));
#8398=IFCPOLYLOOP((#1403,#1484,#1404));
#8399=IFCFACEOUTERBOUND(#8398,.T.);
#8400=IFCFACE((#8399));
#8401=IFCPOLYLOOP((#1405,#1404,#1401));
#8402=IFCFACEOUTERBOUND(#8401,.T.);
#8403=IFCFACE((#8402));
#8404=IFCPOLYLOOP((#1325,#1405,#1401));
#8405=IFCFACEOUTERBOUND(#8404,.T.);
#8406=IFCFACE((#8405));
#8407=IFCPOLYLOOP((#1400,#1406,#1405));
#8408=IFCFACEOUTERBOUND(#8407,.T.);
#8409=IFCFACE((#8408));
#8410=IFCPOLYLOOP((#1400,#1391,#1406));
#8411=IFCFACEOUTERBOUND(#8410,.T.);
#8412=IFCFACE((#8411));
#8413=IFCPOLYLOOP((#1472,#1486,#1473));
#8414=IFCFACEOUTERBOUND(#8413,.T.);
#8415=IFCFACE((#8414));
#8416=IFCPOLYLOOP((#1393,#1348,#1408));
#8417=IFCFACEOUTERBOUND(#8416,.T.);
#8418=IFCFACE((#8417));
#8419=IFCPOLYLOOP((#1348,#1411,#1408));
#8420=IFCFACEOUTERBOUND(#8419,.T.);
#8421=IFCFACE((#8420));
#8422=IFCPOLYLOOP((#1409,#1408,#1411));
#8423=IFCFACEOUTERBOUND(#8422,.T.);
#8424=IFCFACE((#8423));
#8425=IFCPOLYLOOP((#1392,#1417,#1408,#1409));
#8426=IFCFACEOUTERBOUND(#8425,.T.);
#8427=IFCFACE((#8426));
#8428=IFCPOLYLOOP((#1457,#1456,#1455));
#8429=IFCFACEOUTERBOUND(#8428,.T.);
#8430=IFCFACE((#8429));
#8431=IFCPOLYLOOP((#1413,#1332,#1411));
#8432=IFCFACEOUTERBOUND(#8431,.T.);
#8433=IFCFACE((#8432));
#8434=IFCPOLYLOOP((#1410,#1353,#1413));
#8435=IFCFACEOUTERBOUND(#8434,.T.);
#8436=IFCFACE((#8435));
#8437=IFCPOLYLOOP((#1413,#1412,#1414,#1332));
#8438=IFCFACEOUTERBOUND(#8437,.T.);
#8439=IFCFACE((#8438));
#8440=IFCPOLYLOOP((#1413,#1353,#1456));
#8441=IFCFACEOUTERBOUND(#8440,.T.);
#8442=IFCFACE((#8441));
#8443=IFCPOLYLOOP((#1481,#1479,#1347));
#8444=IFCFACEOUTERBOUND(#8443,.T.);
#8445=IFCFACE((#8444));
#8446=IFCPOLYLOOP((#1471,#1331,#1472));
#8447=IFCFACEOUTERBOUND(#8446,.T.);
#8448=IFCFACE((#8447));
#8449=IFCPOLYLOOP((#1365,#1416,#1373));
#8450=IFCFACEOUTERBOUND(#8449,.T.);
#8451=IFCFACE((#8450));
#8452=IFCPOLYLOOP((#1417,#1338,#1395));
#8453=IFCFACEOUTERBOUND(#8452,.T.);
#8454=IFCFACE((#8453));
#8455=IFCPOLYLOOP((#1423,#1419,#1420));
#8456=IFCFACEOUTERBOUND(#8455,.T.);
#8457=IFCFACE((#8456));
#8458=IFCPOLYLOOP((#1421,#1420,#1327));
#8459=IFCFACEOUTERBOUND(#8458,.T.);
#8460=IFCFACE((#8459));
#8461=IFCPOLYLOOP((#1425,#1335,#1423));
#8462=IFCFACEOUTERBOUND(#8461,.T.);
#8463=IFCFACE((#8462));
#8464=IFCPOLYLOOP((#1422,#1344,#1426));
#8465=IFCFACEOUTERBOUND(#8464,.T.);
#8466=IFCFACE((#8465));
#8467=IFCPOLYLOOP((#1426,#1452,#1421));
#8468=IFCFACEOUTERBOUND(#8467,.T.);
#8469=IFCFACE((#8468));
#8470=IFCPOLYLOOP((#1421,#1327,#1422));
#8471=IFCFACEOUTERBOUND(#8470,.T.);
#8472=IFCFACE((#8471));
#8473=IFCPOLYLOOP((#1335,#1381,#1424));
#8474=IFCFACEOUTERBOUND(#8473,.T.);
#8475=IFCFACE((#8474));
#8476=IFCPOLYLOOP((#1345,#1419,#1423));
#8477=IFCFACEOUTERBOUND(#8476,.T.);
#8478=IFCFACE((#8477));
#8479=IFCPOLYLOOP((#1345,#1424,#1382));
#8480=IFCFACEOUTERBOUND(#8479,.T.);
#8481=IFCFACE((#8480));
#8482=IFCPOLYLOOP((#1335,#1424,#1423));
#8483=IFCFACEOUTERBOUND(#8482,.T.);
#8484=IFCFACE((#8483));
#8485=IFCPOLYLOOP((#1420,#1418,#1425));
#8486=IFCFACEOUTERBOUND(#8485,.T.);
#8487=IFCFACE((#8486));
#8488=IFCPOLYLOOP((#1344,#1429,#1426));
#8489=IFCFACEOUTERBOUND(#8488,.T.);
#8490=IFCFACE((#8489));
#8491=IFCPOLYLOOP((#1453,#1433,#1333));
#8492=IFCFACEOUTERBOUND(#8491,.T.);
#8493=IFCFACE((#8492));
#8494=IFCPOLYLOOP((#1428,#1341,#1430));
#8495=IFCFACEOUTERBOUND(#8494,.T.);
#8496=IFCFACE((#8495));
#8497=IFCPOLYLOOP((#1426,#1429,#1427));
#8498=IFCFACEOUTERBOUND(#8497,.T.);
#8499=IFCFACE((#8498));
#8500=IFCPOLYLOOP((#1428,#1430,#1429));
#8501=IFCFACEOUTERBOUND(#8500,.T.);
#8502=IFCFACE((#8501));
#8503=IFCPOLYLOOP((#1344,#1428,#1429));
#8504=IFCFACEOUTERBOUND(#8503,.T.);
#8505=IFCFACE((#8504));
#8506=IFCPOLYLOOP((#1432,#1368,#1434));
#8507=IFCFACEOUTERBOUND(#8506,.T.);
#8508=IFCFACE((#8507));
#8509=IFCPOLYLOOP((#1433,#1453,#1430));
#8510=IFCFACEOUTERBOUND(#8509,.T.);
#8511=IFCFACE((#8510));
#8512=IFCPOLYLOOP((#1455,#1456,#1353));
#8513=IFCFACEOUTERBOUND(#8512,.T.);
#8514=IFCFACE((#8513));
#8515=IFCPOLYLOOP((#1432,#1369,#1454,#1333));
#8516=IFCFACEOUTERBOUND(#8515,.T.);
#8517=IFCFACE((#8516));
#8518=IFCPOLYLOOP((#1433,#1432,#1333));
#8519=IFCFACEOUTERBOUND(#8518,.T.);
#8520=IFCFACE((#8519));
#8521=IFCPOLYLOOP((#1341,#1431,#1433));
#8522=IFCFACEOUTERBOUND(#8521,.T.);
#8523=IFCFACE((#8522));
#8524=IFCPOLYLOOP((#1432,#1433,#1431));
#8525=IFCFACEOUTERBOUND(#8524,.T.);
#8526=IFCFACE((#8525));
#8527=IFCPOLYLOOP((#1438,#1437,#1326));
#8528=IFCFACEOUTERBOUND(#8527,.T.);
#8529=IFCFACE((#8528));
#8530=IFCPOLYLOOP((#1437,#1434,#1435));
#8531=IFCFACEOUTERBOUND(#8530,.T.);
#8532=IFCFACE((#8531));
#8533=IFCPOLYLOOP((#1434,#1368,#1435));
#8534=IFCFACEOUTERBOUND(#8533,.T.);
#8535=IFCFACE((#8534));
#8536=IFCPOLYLOOP((#1436,#1437,#1340));
#8537=IFCFACEOUTERBOUND(#8536,.T.);
#8538=IFCFACE((#8537));
#8539=IFCPOLYLOOP((#1436,#1369,#1434));
#8540=IFCFACEOUTERBOUND(#8539,.T.);
#8541=IFCFACE((#8540));
#8542=IFCPOLYLOOP((#1326,#1437,#1435));
#8543=IFCFACEOUTERBOUND(#8542,.T.);
#8544=IFCFACE((#8543));
#8545=IFCPOLYLOOP((#1439,#1351,#1441));
#8546=IFCFACEOUTERBOUND(#8545,.T.);
#8547=IFCFACE((#8546));
#8548=IFCPOLYLOOP((#1438,#1387,#1440,#1340));
#8549=IFCFACEOUTERBOUND(#8548,.T.);
#8550=IFCFACE((#8549));
#8551=IFCPOLYLOOP((#1438,#1326,#1439));
#8552=IFCFACEOUTERBOUND(#8551,.T.);
#8553=IFCFACE((#8552));
#8554=IFCPOLYLOOP((#1442,#1441,#1351));
#8555=IFCFACEOUTERBOUND(#8554,.T.);
#8556=IFCFACE((#8555));
#8557=IFCPOLYLOOP((#1438,#1441,#1387));
#8558=IFCFACEOUTERBOUND(#8557,.T.);
#8559=IFCFACE((#8558));
#8560=IFCPOLYLOOP((#1346,#1448,#1446));
#8561=IFCFACEOUTERBOUND(#8560,.T.);
#8562=IFCFACE((#8561));
#8563=IFCPOLYLOOP((#1450,#1387,#1441));
#8564=IFCFACEOUTERBOUND(#8563,.T.);
#8565=IFCFACE((#8564));
#8566=IFCPOLYLOOP((#1442,#1351,#1443));
#8567=IFCFACEOUTERBOUND(#8566,.T.);
#8568=IFCFACE((#8567));
#8569=IFCPOLYLOOP((#1446,#1444,#1445));
#8570=IFCFACEOUTERBOUND(#8569,.T.);
#8571=IFCFACE((#8570));
#8572=IFCPOLYLOOP((#1336,#1442,#1449));
#8573=IFCFACEOUTERBOUND(#8572,.T.);
#8574=IFCFACE((#8573));
#8575=IFCPOLYLOOP((#1446,#1445,#1449));
#8576=IFCFACEOUTERBOUND(#8575,.T.);
#8577=IFCFACE((#8576));
#8578=IFCPOLYLOOP((#1477,#1359,#1476));
#8579=IFCFACEOUTERBOUND(#8578,.T.);
#8580=IFCFACE((#8579));
#8581=IFCPOLYLOOP((#1477,#1448,#1447));
#8582=IFCFACEOUTERBOUND(#8581,.T.);
#8583=IFCFACE((#8582));
#8584=IFCPOLYLOOP((#1446,#1448,#1444));
#8585=IFCFACEOUTERBOUND(#8584,.T.);
#8586=IFCFACE((#8585));
#8587=IFCPOLYLOOP((#1477,#1451,#1448));
#8588=IFCFACEOUTERBOUND(#8587,.T.);
#8589=IFCFACE((#8588));
#8590=IFCPOLYLOOP((#1336,#1449,#1445));
#8591=IFCFACEOUTERBOUND(#8590,.T.);
#8592=IFCFACE((#8591));
#8593=IFCPOLYLOOP((#1443,#1449,#1442));
#8594=IFCFACEOUTERBOUND(#8593,.T.);
#8595=IFCFACE((#8594));
#8596=IFCPOLYLOOP((#1442,#1336,#1450));
#8597=IFCFACEOUTERBOUND(#8596,.T.);
#8598=IFCFACE((#8597));
#8599=IFCPOLYLOOP((#1451,#1444,#1448));
#8600=IFCFACEOUTERBOUND(#8599,.T.);
#8601=IFCFACE((#8600));
#8602=IFCPOLYLOOP((#1452,#1418,#1421));
#8603=IFCFACEOUTERBOUND(#8602,.T.);
#8604=IFCFACE((#8603));
#8605=IFCPOLYLOOP((#1453,#1386,#1430));
#8606=IFCFACEOUTERBOUND(#8605,.T.);
#8607=IFCFACE((#8606));
#8608=IFCPOLYLOOP((#1460,#1463,#1343));
#8609=IFCFACEOUTERBOUND(#8608,.T.);
#8610=IFCFACE((#8609));
#8611=IFCPOLYLOOP((#1413,#1456,#1412));
#8612=IFCFACEOUTERBOUND(#8611,.T.);
#8613=IFCFACE((#8612));
#8614=IFCPOLYLOOP((#1343,#1457,#1455));
#8615=IFCFACEOUTERBOUND(#8614,.T.);
#8616=IFCFACE((#8615));
#8617=IFCPOLYLOOP((#1462,#1412,#1456));
#8618=IFCFACEOUTERBOUND(#8617,.T.);
#8619=IFCFACE((#8618));
#8620=IFCPOLYLOOP((#1460,#1343,#1459));
#8621=IFCFACEOUTERBOUND(#8620,.T.);
#8622=IFCFACE((#8621));
#8623=IFCPOLYLOOP((#1457,#1463,#1357));
#8624=IFCFACEOUTERBOUND(#8623,.T.);
#8625=IFCFACE((#8624));
#8626=IFCPOLYLOOP((#1459,#1461,#1460));
#8627=IFCFACEOUTERBOUND(#8626,.T.);
#8628=IFCFACE((#8627));
#8629=IFCPOLYLOOP((#1461,#1459,#1360));
#8630=IFCFACEOUTERBOUND(#8629,.T.);
#8631=IFCFACE((#8630));
#8632=IFCPOLYLOOP((#1464,#1461,#1360));
#8633=IFCFACEOUTERBOUND(#8632,.T.);
#8634=IFCFACE((#8633));
#8635=IFCPOLYLOOP((#1464,#1469,#1461));
#8636=IFCFACEOUTERBOUND(#8635,.T.);
#8637=IFCFACE((#8636));
#8638=IFCPOLYLOOP((#1457,#1357,#1462));
#8639=IFCFACEOUTERBOUND(#8638,.T.);
#8640=IFCFACE((#8639));
#8641=IFCPOLYLOOP((#1357,#1463,#1458));
#8642=IFCFACEOUTERBOUND(#8641,.T.);
#8643=IFCFACE((#8642));
#8644=IFCPOLYLOOP((#1343,#1463,#1457));
#8645=IFCFACEOUTERBOUND(#8644,.T.);
#8646=IFCFACE((#8645));
#8647=IFCPOLYLOOP((#1467,#1384,#1466));
#8648=IFCFACEOUTERBOUND(#8647,.T.);
#8649=IFCFACE((#8648));
#8650=IFCPOLYLOOP((#1356,#1469,#1464,#1466));
#8651=IFCFACEOUTERBOUND(#8650,.T.);
#8652=IFCFACE((#8651));
#8653=IFCPOLYLOOP((#1464,#1360,#1465));
#8654=IFCFACEOUTERBOUND(#8653,.T.);
#8655=IFCFACE((#8654));
#8656=IFCPOLYLOOP((#1467,#1464,#1465));
#8657=IFCFACEOUTERBOUND(#8656,.T.);
#8658=IFCFACE((#8657));
#8659=IFCPOLYLOOP((#1465,#1358,#1467));
#8660=IFCFACEOUTERBOUND(#8659,.T.);
#8661=IFCFACE((#8660));
#8662=IFCPOLYLOOP((#1468,#1358,#1385));
#8663=IFCFACEOUTERBOUND(#8662,.T.);
#8664=IFCFACE((#8663));
#8665=IFCPOLYLOOP((#1358,#1468,#1467));
#8666=IFCFACEOUTERBOUND(#8665,.T.);
#8667=IFCFACE((#8666));
#8668=IFCPOLYLOOP((#1389,#1468,#1385));
#8669=IFCFACEOUTERBOUND(#8668,.T.);
#8670=IFCFACE((#8669));
#8671=IFCPOLYLOOP((#1469,#1383,#1461));
#8672=IFCFACEOUTERBOUND(#8671,.T.);
#8673=IFCFACE((#8672));
#8674=IFCPOLYLOOP((#1478,#1471,#1350));
#8675=IFCFACEOUTERBOUND(#8674,.T.);
#8676=IFCFACE((#8675));
#8677=IFCPOLYLOOP((#1478,#1488,#1471));
#8678=IFCFACEOUTERBOUND(#8677,.T.);
#8679=IFCFACE((#8678));
#8680=IFCPOLYLOOP((#1471,#1472,#1470));
#8681=IFCFACEOUTERBOUND(#8680,.T.);
#8682=IFCFACE((#8681));
#8683=IFCPOLYLOOP((#1486,#1407,#1473));
#8684=IFCFACEOUTERBOUND(#8683,.T.);
#8685=IFCFACE((#8684));
#8686=IFCPOLYLOOP((#1473,#1485,#1475));
#8687=IFCFACEOUTERBOUND(#8686,.T.);
#8688=IFCFACE((#8687));
#8689=IFCPOLYLOOP((#1485,#1407,#1474));
#8690=IFCFACEOUTERBOUND(#8689,.T.);
#8691=IFCFACE((#8690));
#8692=IFCPOLYLOOP((#1476,#1485,#1474));
#8693=IFCFACEOUTERBOUND(#8692,.T.);
#8694=IFCFACE((#8693));
#8695=IFCPOLYLOOP((#1355,#1476,#1474));
#8696=IFCFACEOUTERBOUND(#8695,.T.);
#8697=IFCFACE((#8696));
#8698=IFCPOLYLOOP((#1355,#1451,#1477));
#8699=IFCFACEOUTERBOUND(#8698,.T.);
#8700=IFCFACE((#8699));
#8701=IFCPOLYLOOP((#1475,#1476,#1359));
#8702=IFCFACEOUTERBOUND(#8701,.T.);
#8703=IFCFACE((#8702));
#8704=IFCPOLYLOOP((#1359,#1477,#1447));
#8705=IFCFACEOUTERBOUND(#8704,.T.);
#8706=IFCFACE((#8705));
#8707=IFCPOLYLOOP((#1355,#1477,#1476));
#8708=IFCFACEOUTERBOUND(#8707,.T.);
#8709=IFCFACE((#8708));
#8710=IFCPOLYLOOP((#1481,#1354,#1480));
#8711=IFCFACEOUTERBOUND(#8710,.T.);
#8712=IFCFACE((#8711));
#8713=IFCPOLYLOOP((#1415,#1488,#1478,#1480));
#8714=IFCFACEOUTERBOUND(#8713,.T.);
#8715=IFCFACE((#8714));
#8716=IFCPOLYLOOP((#1478,#1350,#1479));
#8717=IFCFACEOUTERBOUND(#8716,.T.);
#8718=IFCFACE((#8717));
#8719=IFCPOLYLOOP((#1481,#1478,#1479));
#8720=IFCFACEOUTERBOUND(#8719,.T.);
#8721=IFCFACE((#8720));
#8722=IFCPOLYLOOP((#1481,#1480,#1478));
#8723=IFCFACEOUTERBOUND(#8722,.T.);
#8724=IFCFACE((#8723));
#8725=IFCPOLYLOOP((#1481,#1483,#1354));
#8726=IFCFACEOUTERBOUND(#8725,.T.);
#8727=IFCFACE((#8726));
#8728=IFCPOLYLOOP((#1483,#1481,#1347));
#8729=IFCFACEOUTERBOUND(#8728,.T.);
#8730=IFCFACE((#8729));
#8731=IFCPOLYLOOP((#1484,#1487,#1483));
#8732=IFCFACEOUTERBOUND(#8731,.T.);
#8733=IFCFACE((#8732));
#8734=IFCPOLYLOOP((#1482,#1352,#1484));
#8735=IFCFACEOUTERBOUND(#8734,.T.);
#8736=IFCFACE((#8735));
#8737=IFCPOLYLOOP((#1404,#1484,#1352));
#8738=IFCFACEOUTERBOUND(#8737,.T.);
#8739=IFCFACE((#8738));
#8740=IFCPOLYLOOP((#1475,#1485,#1476));
#8741=IFCFACEOUTERBOUND(#8740,.T.);
#8742=IFCFACE((#8741));
#8743=IFCPOLYLOOP((#1407,#1485,#1473));
#8744=IFCFACEOUTERBOUND(#8743,.T.);
#8745=IFCFACE((#8744));
#8746=IFCPOLYLOOP((#1472,#1331,#1486));
#8747=IFCFACEOUTERBOUND(#8746,.T.);
#8748=IFCFACE((#8747));
#8749=IFCPOLYLOOP((#1487,#1354,#1483));
#8750=IFCFACEOUTERBOUND(#8749,.T.);
#8751=IFCFACE((#8750));
#8752=IFCPOLYLOOP((#1488,#1331,#1471));
#8753=IFCFACEOUTERBOUND(#8752,.T.);
#8754=IFCFACE((#8753));
#8755=IFCPOLYLOOP((#1491,#1489,#2461));
#8756=IFCFACEOUTERBOUND(#8755,.T.);
#8757=IFCFACE((#8756));
#8758=IFCPOLYLOOP((#402,#401,#1367));
#8759=IFCFACEOUTERBOUND(#8758,.T.);
#8760=IFCFACE((#8759));
#8761=IFCPOLYLOOP((#1492,#1324,#3182));
#8762=IFCFACEOUTERBOUND(#8761,.T.);
#8763=IFCFACE((#8762));
#8764=IFCPOLYLOOP((#1489,#1491,#2673));
#8765=IFCFACEOUTERBOUND(#8764,.T.);
#8766=IFCFACE((#8765));
#8767=IFCPOLYLOOP((#1324,#1493,#1538));
#8768=IFCFACEOUTERBOUND(#8767,.T.);
#8769=IFCFACE((#8768));
#8770=IFCPOLYLOOP((#1324,#1492,#3249));
#8771=IFCFACEOUTERBOUND(#8770,.T.);
#8772=IFCFACE((#8771));
#8773=IFCPOLYLOOP((#1491,#2461,#2460));
#8774=IFCFACEOUTERBOUND(#8773,.T.);
#8775=IFCFACE((#8774));
#8776=IFCPOLYLOOP((#1491,#2460,#2503));
#8777=IFCFACEOUTERBOUND(#8776,.T.);
#8778=IFCFACE((#8777));
#8779=IFCPOLYLOOP((#1491,#2503,#2459));
#8780=IFCFACEOUTERBOUND(#8779,.T.);
#8781=IFCFACE((#8780));
#8782=IFCPOLYLOOP((#1491,#2459,#2513));
#8783=IFCFACEOUTERBOUND(#8782,.T.);
#8784=IFCFACE((#8783));
#8785=IFCPOLYLOOP((#1491,#2513,#2473));
#8786=IFCFACEOUTERBOUND(#8785,.T.);
#8787=IFCFACE((#8786));
#8788=IFCPOLYLOOP((#1491,#2473,#2555));
#8789=IFCFACEOUTERBOUND(#8788,.T.);
#8790=IFCFACE((#8789));
#8791=IFCPOLYLOOP((#1491,#2555,#2458));
#8792=IFCFACEOUTERBOUND(#8791,.T.);
#8793=IFCFACE((#8792));
#8794=IFCPOLYLOOP((#1491,#2458,#2551));
#8795=IFCFACEOUTERBOUND(#8794,.T.);
#8796=IFCFACE((#8795));
#8797=IFCPOLYLOOP((#1491,#2551,#2481));
#8798=IFCFACEOUTERBOUND(#8797,.T.);
#8799=IFCFACE((#8798));
#8800=IFCPOLYLOOP((#1491,#2481,#2548));
#8801=IFCFACEOUTERBOUND(#8800,.T.);
#8802=IFCFACE((#8801));
#8803=IFCPOLYLOOP((#1491,#2548,#2476));
#8804=IFCFACEOUTERBOUND(#8803,.T.);
#8805=IFCFACE((#8804));
#8806=IFCPOLYLOOP((#1491,#2476,#2501));
#8807=IFCFACEOUTERBOUND(#8806,.T.);
#8808=IFCFACE((#8807));
#8809=IFCPOLYLOOP((#1491,#2501,#2500));
#8810=IFCFACEOUTERBOUND(#8809,.T.);
#8811=IFCFACE((#8810));
#8812=IFCPOLYLOOP((#1491,#2500,#2524));
#8813=IFCFACEOUTERBOUND(#8812,.T.);
#8814=IFCFACE((#8813));
#8815=IFCPOLYLOOP((#1491,#2524,#2457));
#8816=IFCFACEOUTERBOUND(#8815,.T.);
#8817=IFCFACE((#8816));
#8818=IFCPOLYLOOP((#1491,#2457,#2528));
#8819=IFCFACEOUTERBOUND(#8818,.T.);
#8820=IFCFACE((#8819));
#8821=IFCPOLYLOOP((#1491,#2528,#2480));
#8822=IFCFACEOUTERBOUND(#8821,.T.);
#8823=IFCFACE((#8822));
#8824=IFCPOLYLOOP((#1491,#2480,#2532));
#8825=IFCFACEOUTERBOUND(#8824,.T.);
#8826=IFCFACE((#8825));
#8827=IFCPOLYLOOP((#1491,#2532,#2475));
#8828=IFCFACEOUTERBOUND(#8827,.T.);
#8829=IFCFACE((#8828));
#8830=IFCPOLYLOOP((#1491,#2475,#2536));
#8831=IFCFACEOUTERBOUND(#8830,.T.);
#8832=IFCFACE((#8831));
#8833=IFCPOLYLOOP((#1491,#2536,#2489));
#8834=IFCFACEOUTERBOUND(#8833,.T.);
#8835=IFCFACE((#8834));
#8836=IFCPOLYLOOP((#1491,#2489,#2612));
#8837=IFCFACEOUTERBOUND(#8836,.T.);
#8838=IFCFACE((#8837));
#8839=IFCPOLYLOOP((#1491,#2612,#2472));
#8840=IFCFACEOUTERBOUND(#8839,.T.);
#8841=IFCFACE((#8840));
#8842=IFCPOLYLOOP((#1491,#2472,#2609));
#8843=IFCFACEOUTERBOUND(#8842,.T.);
#8844=IFCFACE((#8843));
#8845=IFCPOLYLOOP((#1491,#2609,#2482));
#8846=IFCFACEOUTERBOUND(#8845,.T.);
#8847=IFCFACE((#8846));
#8848=IFCPOLYLOOP((#1491,#2482,#2605));
#8849=IFCFACEOUTERBOUND(#8848,.T.);
#8850=IFCFACE((#8849));
#8851=IFCPOLYLOOP((#1491,#2605,#2477));
#8852=IFCFACEOUTERBOUND(#8851,.T.);
#8853=IFCFACE((#8852));
#8854=IFCPOLYLOOP((#1491,#2477,#2602));
#8855=IFCFACEOUTERBOUND(#8854,.T.);
#8856=IFCFACE((#8855));
#8857=IFCPOLYLOOP((#1491,#2602,#2478));
#8858=IFCFACEOUTERBOUND(#8857,.T.);
#8859=IFCFACE((#8858));
#8860=IFCPOLYLOOP((#1491,#2478,#2576));
#8861=IFCFACEOUTERBOUND(#8860,.T.);
#8862=IFCFACE((#8861));
#8863=IFCPOLYLOOP((#1491,#2576,#2456));
#8864=IFCFACEOUTERBOUND(#8863,.T.);
#8865=IFCFACE((#8864));
#8866=IFCPOLYLOOP((#1491,#2456,#2543));
#8867=IFCFACEOUTERBOUND(#8866,.T.);
#8868=IFCFACE((#8867));
#8869=IFCPOLYLOOP((#1491,#2543,#2484));
#8870=IFCFACEOUTERBOUND(#8869,.T.);
#8871=IFCFACE((#8870));
#8872=IFCPOLYLOOP((#1491,#2484,#2561));
#8873=IFCFACEOUTERBOUND(#8872,.T.);
#8874=IFCFACE((#8873));
#8875=IFCPOLYLOOP((#1491,#2561,#2479));
#8876=IFCFACEOUTERBOUND(#8875,.T.);
#8877=IFCFACE((#8876));
#8878=IFCPOLYLOOP((#1491,#2479,#2565));
#8879=IFCFACEOUTERBOUND(#8878,.T.);
#8880=IFCFACE((#8879));
#8881=IFCPOLYLOOP((#1491,#2565,#2483));
#8882=IFCFACEOUTERBOUND(#8881,.T.);
#8883=IFCFACE((#8882));
#8884=IFCPOLYLOOP((#1491,#2483,#2567));
#8885=IFCFACEOUTERBOUND(#8884,.T.);
#8886=IFCFACE((#8885));
#8887=IFCPOLYLOOP((#1491,#2567,#2474));
#8888=IFCFACEOUTERBOUND(#8887,.T.);
#8889=IFCFACE((#8888));
#8890=IFCPOLYLOOP((#1491,#2474,#2586));
#8891=IFCFACEOUTERBOUND(#8890,.T.);
#8892=IFCFACE((#8891));
#8893=IFCPOLYLOOP((#1491,#2586,#2491));
#8894=IFCFACEOUTERBOUND(#8893,.T.);
#8895=IFCFACE((#8894));
#8896=IFCPOLYLOOP((#1491,#2491,#2593));
#8897=IFCFACEOUTERBOUND(#8896,.T.);
#8898=IFCFACE((#8897));
#8899=IFCPOLYLOOP((#1491,#2593,#2490));
#8900=IFCFACEOUTERBOUND(#8899,.T.);
#8901=IFCFACE((#8900));
#8902=IFCPOLYLOOP((#1491,#2490,#2507));
#8903=IFCFACEOUTERBOUND(#8902,.T.);
#8904=IFCFACE((#8903));
#8905=IFCPOLYLOOP((#1491,#2507,#2493));
#8906=IFCFACEOUTERBOUND(#8905,.T.);
#8907=IFCFACE((#8906));
#8908=IFCPOLYLOOP((#1491,#2493,#2498));
#8909=IFCFACEOUTERBOUND(#8908,.T.);
#8910=IFCFACE((#8909));
#8911=IFCPOLYLOOP((#1491,#2498,#1490));
#8912=IFCFACEOUTERBOUND(#8911,.T.);
#8913=IFCFACE((#8912));
#8914=IFCPOLYLOOP((#402,#1367,#1362));
#8915=IFCFACEOUTERBOUND(#8914,.T.);
#8916=IFCFACE((#8915));
#8917=IFCPOLYLOOP((#402,#1362,#1375));
#8918=IFCFACEOUTERBOUND(#8917,.T.);
#8919=IFCFACE((#8918));
#8920=IFCPOLYLOOP((#402,#1375,#1358));
#8921=IFCFACEOUTERBOUND(#8920,.T.);
#8922=IFCFACE((#8921));
#8923=IFCPOLYLOOP((#402,#1358,#1465));
#8924=IFCFACEOUTERBOUND(#8923,.T.);
#8925=IFCFACE((#8924));
#8926=IFCPOLYLOOP((#402,#1465,#1360));
#8927=IFCFACEOUTERBOUND(#8926,.T.);
#8928=IFCFACE((#8927));
#8929=IFCPOLYLOOP((#402,#1360,#1459));
#8930=IFCFACEOUTERBOUND(#8929,.T.);
#8931=IFCFACE((#8930));
#8932=IFCPOLYLOOP((#402,#1459,#1343));
#8933=IFCFACEOUTERBOUND(#8932,.T.);
#8934=IFCFACE((#8933));
#8935=IFCPOLYLOOP((#402,#1343,#1455));
#8936=IFCFACEOUTERBOUND(#8935,.T.);
#8937=IFCFACE((#8936));
#8938=IFCPOLYLOOP((#402,#1455,#1353));
#8939=IFCFACEOUTERBOUND(#8938,.T.);
#8940=IFCFACE((#8939));
#8941=IFCPOLYLOOP((#402,#1353,#1410));
#8942=IFCFACEOUTERBOUND(#8941,.T.);
#8943=IFCFACE((#8942));
#8944=IFCPOLYLOOP((#402,#1410,#1348));
#8945=IFCFACEOUTERBOUND(#8944,.T.);
#8946=IFCFACE((#8945));
#8947=IFCPOLYLOOP((#402,#1348,#1393));
#8948=IFCFACEOUTERBOUND(#8947,.T.);
#8949=IFCFACE((#8948));
#8950=IFCPOLYLOOP((#402,#1393,#1349));
#8951=IFCFACEOUTERBOUND(#8950,.T.);
#8952=IFCFACE((#8951));
#8953=IFCPOLYLOOP((#402,#1349,#1397));
#8954=IFCFACEOUTERBOUND(#8953,.T.);
#8955=IFCFACE((#8954));
#8956=IFCPOLYLOOP((#402,#1397,#1325));
#8957=IFCFACEOUTERBOUND(#8956,.T.);
#8958=IFCFACE((#8957));
#8959=IFCPOLYLOOP((#402,#1325,#1401));
#8960=IFCFACEOUTERBOUND(#8959,.T.);
#8961=IFCFACE((#8960));
#8962=IFCPOLYLOOP((#402,#1401,#1352));
#8963=IFCFACEOUTERBOUND(#8962,.T.);
#8964=IFCFACE((#8963));
#8965=IFCPOLYLOOP((#402,#1352,#1482));
#8966=IFCFACEOUTERBOUND(#8965,.T.);
#8967=IFCFACE((#8966));
#8968=IFCPOLYLOOP((#402,#1482,#1347));
#8969=IFCFACEOUTERBOUND(#8968,.T.);
#8970=IFCFACE((#8969));
#8971=IFCPOLYLOOP((#402,#1347,#1479));
#8972=IFCFACEOUTERBOUND(#8971,.T.);
#8973=IFCFACE((#8972));
#8974=IFCPOLYLOOP((#402,#1479,#1350));
#8975=IFCFACEOUTERBOUND(#8974,.T.);
#8976=IFCFACE((#8975));
#8977=IFCPOLYLOOP((#402,#1350,#1470));
#8978=IFCFACEOUTERBOUND(#8977,.T.);
#8979=IFCFACE((#8978));
#8980=IFCPOLYLOOP((#402,#1470,#1342));
#8981=IFCFACEOUTERBOUND(#8980,.T.);
#8982=IFCFACE((#8981));
#8983=IFCPOLYLOOP((#402,#1342,#1475));
#8984=IFCFACEOUTERBOUND(#8983,.T.);
#8985=IFCFACE((#8984));
#8986=IFCPOLYLOOP((#402,#1475,#1359));
#8987=IFCFACEOUTERBOUND(#8986,.T.);
#8988=IFCFACE((#8987));
#8989=IFCPOLYLOOP((#402,#1359,#1447));
#8990=IFCFACEOUTERBOUND(#8989,.T.);
#8991=IFCFACE((#8990));
#8992=IFCPOLYLOOP((#402,#1447,#1346));
#8993=IFCFACEOUTERBOUND(#8992,.T.);
#8994=IFCFACE((#8993));
#8995=IFCPOLYLOOP((#402,#1346,#1443));
#8996=IFCFACEOUTERBOUND(#8995,.T.);
#8997=IFCFACE((#8996));
#8998=IFCPOLYLOOP((#402,#1443,#1351));
#8999=IFCFACEOUTERBOUND(#8998,.T.);
#9000=IFCFACE((#8999));
#9001=IFCPOLYLOOP((#402,#1351,#1439));
#9002=IFCFACEOUTERBOUND(#9001,.T.);
#9003=IFCFACE((#9002));
#9004=IFCPOLYLOOP((#402,#1439,#1326));
#9005=IFCFACEOUTERBOUND(#9004,.T.);
#9006=IFCFACE((#9005));
#9007=IFCPOLYLOOP((#402,#1326,#1435));
#9008=IFCFACEOUTERBOUND(#9007,.T.);
#9009=IFCFACE((#9008));
#9010=IFCPOLYLOOP((#402,#1435,#1368));
#9011=IFCFACEOUTERBOUND(#9010,.T.);
#9012=IFCFACE((#9011));
#9013=IFCPOLYLOOP((#402,#1368,#1431));
#9014=IFCFACEOUTERBOUND(#9013,.T.);
#9015=IFCFACE((#9014));
#9016=IFCPOLYLOOP((#402,#1431,#1341));
#9017=IFCFACEOUTERBOUND(#9016,.T.);
#9018=IFCFACE((#9017));
#9019=IFCPOLYLOOP((#402,#1341,#1428));
#9020=IFCFACEOUTERBOUND(#9019,.T.);
#9021=IFCFACE((#9020));
#9022=IFCPOLYLOOP((#402,#1428,#1344));
#9023=IFCFACEOUTERBOUND(#9022,.T.);
#9024=IFCFACE((#9023));
#9025=IFCPOLYLOOP((#402,#1344,#1422));
#9026=IFCFACEOUTERBOUND(#9025,.T.);
#9027=IFCFACE((#9026));
#9028=IFCPOLYLOOP((#402,#1422,#1327));
#9029=IFCFACEOUTERBOUND(#9028,.T.);
#9030=IFCFACE((#9029));
#9031=IFCPOLYLOOP((#402,#1327,#1419));
#9032=IFCFACEOUTERBOUND(#9031,.T.);
#9033=IFCFACE((#9032));
#9034=IFCPOLYLOOP((#402,#1419,#1345));
#9035=IFCFACEOUTERBOUND(#9034,.T.);
#9036=IFCFACE((#9035));
#9037=IFCPOLYLOOP((#402,#1345,#1380));
#9038=IFCFACEOUTERBOUND(#9037,.T.);
#9039=IFCFACE((#9038));
#9040=IFCPOLYLOOP((#402,#1380,#1328));
#9041=IFCFACEOUTERBOUND(#9040,.T.);
#9042=IFCFACE((#9041));
#9043=IFCPOLYLOOP((#402,#1328,#1371));
#9044=IFCFACEOUTERBOUND(#9043,.T.);
#9045=IFCFACE((#9044));
#9046=IFCPOLYLOOP((#402,#1371,#1329));
#9047=IFCFACEOUTERBOUND(#9046,.T.);
#9048=IFCFACE((#9047));
#9049=IFCPOLYLOOP((#402,#1329,#1330));
#9050=IFCFACEOUTERBOUND(#9049,.T.);
#9051=IFCFACE((#9050));
#9052=IFCPOLYLOOP((#402,#1330,#1324));
#9053=IFCFACEOUTERBOUND(#9052,.T.);
#9054=IFCFACE((#9053));
#9055=IFCPOLYLOOP((#1492,#3182,#3180));
#9056=IFCFACEOUTERBOUND(#9055,.T.);
#9057=IFCFACE((#9056));
#9058=IFCPOLYLOOP((#1492,#3180,#3210));
#9059=IFCFACEOUTERBOUND(#9058,.T.);
#9060=IFCFACE((#9059));
#9061=IFCPOLYLOOP((#1492,#3210,#3178));
#9062=IFCFACEOUTERBOUND(#9061,.T.);
#9063=IFCFACE((#9062));
#9064=IFCPOLYLOOP((#1492,#3178,#3214));
#9065=IFCFACEOUTERBOUND(#9064,.T.);
#9066=IFCFACE((#9065));
#9067=IFCPOLYLOOP((#1492,#3214,#3194));
#9068=IFCFACEOUTERBOUND(#9067,.T.);
#9069=IFCFACE((#9068));
#9070=IFCPOLYLOOP((#1492,#3194,#3216));
#9071=IFCFACEOUTERBOUND(#9070,.T.);
#9072=IFCFACE((#9071));
#9073=IFCPOLYLOOP((#1492,#3216,#3177));
#9074=IFCFACEOUTERBOUND(#9073,.T.);
#9075=IFCFACE((#9074));
#9076=IFCPOLYLOOP((#1492,#3177,#3226));
#9077=IFCFACEOUTERBOUND(#9076,.T.);
#9078=IFCFACE((#9077));
#9079=IFCPOLYLOOP((#1492,#3226,#3192));
#9080=IFCFACEOUTERBOUND(#9079,.T.);
#9081=IFCFACE((#9080));
#9082=IFCPOLYLOOP((#1492,#3192,#3229));
#9083=IFCFACEOUTERBOUND(#9082,.T.);
#9084=IFCFACE((#9083));
#9085=IFCPOLYLOOP((#1492,#3229,#3179));
#9086=IFCFACEOUTERBOUND(#9085,.T.);
#9087=IFCFACE((#9086));
#9088=IFCPOLYLOOP((#1492,#3179,#3221));
#9089=IFCFACEOUTERBOUND(#9088,.T.);
#9090=IFCFACE((#9089));
#9091=IFCPOLYLOOP((#1492,#3221,#3193));
#9092=IFCFACEOUTERBOUND(#9091,.T.);
#9093=IFCFACE((#9092));
#9094=IFCPOLYLOOP((#1492,#3193,#3204));
#9095=IFCFACEOUTERBOUND(#9094,.T.);
#9096=IFCFACE((#9095));
#9097=IFCPOLYLOOP((#1492,#3204,#3181));
#9098=IFCFACEOUTERBOUND(#9097,.T.);
#9099=IFCFACE((#9098));
#9100=IFCPOLYLOOP((#1492,#3181,#3200));
#9101=IFCFACEOUTERBOUND(#9100,.T.);
#9102=IFCFACE((#9101));
#9103=IFCPOLYLOOP((#1492,#3200,#3183));
#9104=IFCFACEOUTERBOUND(#9103,.T.);
#9105=IFCFACE((#9104));
#9106=IFCPOLYLOOP((#1492,#3183,#3184));
#9107=IFCFACEOUTERBOUND(#9106,.T.);
#9108=IFCFACE((#9107));
#9109=IFCPOLYLOOP((#1492,#3184,#1489));
#9110=IFCFACEOUTERBOUND(#9109,.T.);
#9111=IFCFACE((#9110));
#9112=IFCPOLYLOOP((#1489,#2673,#2648));
#9113=IFCFACEOUTERBOUND(#9112,.T.);
#9114=IFCFACE((#9113));
#9115=IFCPOLYLOOP((#1489,#2648,#2693));
#9116=IFCFACEOUTERBOUND(#9115,.T.);
#9117=IFCFACE((#9116));
#9118=IFCPOLYLOOP((#1489,#2693,#2643));
#9119=IFCFACEOUTERBOUND(#9118,.T.);
#9120=IFCFACE((#9119));
#9121=IFCPOLYLOOP((#1489,#2643,#2702));
#9122=IFCFACEOUTERBOUND(#9121,.T.);
#9123=IFCFACE((#9122));
#9124=IFCPOLYLOOP((#1489,#2702,#2646));
#9125=IFCFACEOUTERBOUND(#9124,.T.);
#9126=IFCFACE((#9125));
#9127=IFCPOLYLOOP((#1489,#2646,#2777));
#9128=IFCFACEOUTERBOUND(#9127,.T.);
#9129=IFCFACE((#9128));
#9130=IFCPOLYLOOP((#1489,#2777,#2634));
#9131=IFCFACEOUTERBOUND(#9130,.T.);
#9132=IFCFACE((#9131));
#9133=IFCPOLYLOOP((#1489,#2634,#2758));
#9134=IFCFACEOUTERBOUND(#9133,.T.);
#9135=IFCFACE((#9134));
#9136=IFCPOLYLOOP((#1489,#2758,#2645));
#9137=IFCFACEOUTERBOUND(#9136,.T.);
#9138=IFCFACE((#9137));
#9139=IFCPOLYLOOP((#1489,#2645,#2755));
#9140=IFCFACEOUTERBOUND(#9139,.T.);
#9141=IFCFACE((#9140));
#9142=IFCPOLYLOOP((#1489,#2755,#2637));
#9143=IFCFACEOUTERBOUND(#9142,.T.);
#9144=IFCFACE((#9143));
#9145=IFCPOLYLOOP((#1489,#2637,#2751));
#9146=IFCFACEOUTERBOUND(#9145,.T.);
#9147=IFCFACE((#9146));
#9148=IFCPOLYLOOP((#1489,#2751,#2642));
#9149=IFCFACEOUTERBOUND(#9148,.T.);
#9150=IFCFACE((#9149));
#9151=IFCPOLYLOOP((#1489,#2642,#2747));
#9152=IFCFACEOUTERBOUND(#9151,.T.);
#9153=IFCFACE((#9152));
#9154=IFCPOLYLOOP((#1489,#2747,#2629));
#9155=IFCFACEOUTERBOUND(#9154,.T.);
#9156=IFCFACE((#9155));
#9157=IFCPOLYLOOP((#1489,#2629,#2712));
#9158=IFCFACEOUTERBOUND(#9157,.T.);
#9159=IFCFACE((#9158));
#9160=IFCPOLYLOOP((#1489,#2712,#2636));
#9161=IFCFACEOUTERBOUND(#9160,.T.);
#9162=IFCFACE((#9161));
#9163=IFCPOLYLOOP((#1489,#2636,#2742));
#9164=IFCFACEOUTERBOUND(#9163,.T.);
#9165=IFCFACE((#9164));
#9166=IFCPOLYLOOP((#1489,#2742,#2635));
#9167=IFCFACEOUTERBOUND(#9166,.T.);
#9168=IFCFACE((#9167));
#9169=IFCPOLYLOOP((#1489,#2635,#2765));
#9170=IFCFACEOUTERBOUND(#9169,.T.);
#9171=IFCFACE((#9170));
#9172=IFCPOLYLOOP((#1489,#2765,#2639));
#9173=IFCFACEOUTERBOUND(#9172,.T.);
#9174=IFCFACE((#9173));
#9175=IFCPOLYLOOP((#1489,#2639,#2770));
#9176=IFCFACEOUTERBOUND(#9175,.T.);
#9177=IFCFACE((#9176));
#9178=IFCPOLYLOOP((#1489,#2770,#2627));
#9179=IFCFACEOUTERBOUND(#9178,.T.);
#9180=IFCFACE((#9179));
#9181=IFCPOLYLOOP((#1489,#2627,#2781));
#9182=IFCFACEOUTERBOUND(#9181,.T.);
#9183=IFCFACE((#9182));
#9184=IFCPOLYLOOP((#1489,#2781,#2668));
#9185=IFCFACEOUTERBOUND(#9184,.T.);
#9186=IFCFACE((#9185));
#9187=IFCPOLYLOOP((#1489,#2668,#2786));
#9188=IFCFACEOUTERBOUND(#9187,.T.);
#9189=IFCFACE((#9188));
#9190=IFCPOLYLOOP((#1489,#2786,#2667));
#9191=IFCFACEOUTERBOUND(#9190,.T.);
#9192=IFCFACE((#9191));
#9193=IFCPOLYLOOP((#1489,#2667,#2690));
#9194=IFCFACEOUTERBOUND(#9193,.T.);
#9195=IFCFACE((#9194));
#9196=IFCPOLYLOOP((#1489,#2690,#2689));
#9197=IFCFACEOUTERBOUND(#9196,.T.);
#9198=IFCFACE((#9197));
#9199=IFCPOLYLOOP((#1489,#2689,#2728));
#9200=IFCFACEOUTERBOUND(#9199,.T.);
#9201=IFCFACE((#9200));
#9202=IFCPOLYLOOP((#1489,#2728,#2656));
#9203=IFCFACEOUTERBOUND(#9202,.T.);
#9204=IFCFACE((#9203));
#9205=IFCPOLYLOOP((#1489,#2656,#2723));
#9206=IFCFACEOUTERBOUND(#9205,.T.);
#9207=IFCFACE((#9206));
#9208=IFCPOLYLOOP((#1489,#2723,#2680));
#9209=IFCFACEOUTERBOUND(#9208,.T.);
#9210=IFCFACE((#9209));
#9211=IFCPOLYLOOP((#1489,#2680,#2721));
#9212=IFCFACEOUTERBOUND(#9211,.T.);
#9213=IFCFACE((#9212));
#9214=IFCPOLYLOOP((#1489,#2721,#2659));
#9215=IFCFACEOUTERBOUND(#9214,.T.);
#9216=IFCFACE((#9215));
#9217=IFCPOLYLOOP((#1489,#2659,#2678));
#9218=IFCFACEOUTERBOUND(#9217,.T.);
#9219=IFCFACE((#9218));
#9220=IFCPOLYLOOP((#1489,#2678,#2677));
#9221=IFCFACEOUTERBOUND(#9220,.T.);
#9222=IFCFACE((#9221));
#9223=IFCPOLYLOOP((#1489,#2677,#2726));
#9224=IFCFACEOUTERBOUND(#9223,.T.);
#9225=IFCFACE((#9224));
#9226=IFCPOLYLOOP((#1489,#2726,#2628));
#9227=IFCFACEOUTERBOUND(#9226,.T.);
#9228=IFCFACE((#9227));
#9229=IFCPOLYLOOP((#1489,#2628,#2686));
#9230=IFCFACEOUTERBOUND(#9229,.T.);
#9231=IFCFACE((#9230));
#9232=IFCPOLYLOOP((#1489,#2686,#2685));
#9233=IFCFACEOUTERBOUND(#9232,.T.);
#9234=IFCFACE((#9233));
#9235=IFCPOLYLOOP((#1489,#2685,#2724));
#9236=IFCFACEOUTERBOUND(#9235,.T.);
#9237=IFCFACE((#9236));
#9238=IFCPOLYLOOP((#1489,#2724,#2662));
#9239=IFCFACEOUTERBOUND(#9238,.T.);
#9240=IFCFACE((#9239));
#9241=IFCPOLYLOOP((#1489,#2662,#2734));
#9242=IFCFACEOUTERBOUND(#9241,.T.);
#9243=IFCFACE((#9242));
#9244=IFCPOLYLOOP((#1489,#2734,#2665));
#9245=IFCFACEOUTERBOUND(#9244,.T.);
#9246=IFCFACE((#9245));
#9247=IFCPOLYLOOP((#1489,#2665,#2736));
#9248=IFCFACEOUTERBOUND(#9247,.T.);
#9249=IFCFACE((#9248));
#9250=IFCPOLYLOOP((#1489,#2736,#2649));
#9251=IFCFACEOUTERBOUND(#9250,.T.);
#9252=IFCFACE((#9251));
#9253=IFCPOLYLOOP((#1489,#2649,#2729));
#9254=IFCFACEOUTERBOUND(#9253,.T.);
#9255=IFCFACE((#9254));
#9256=IFCPOLYLOOP((#1489,#2729,#2698));
#9257=IFCFACEOUTERBOUND(#9256,.T.);
#9258=IFCFACE((#9257));
#9259=IFCPOLYLOOP((#1489,#2698,#2709));
#9260=IFCFACEOUTERBOUND(#9259,.T.);
#9261=IFCFACE((#9260));
#9262=IFCPOLYLOOP((#1489,#2709,#2652));
#9263=IFCFACEOUTERBOUND(#9262,.T.);
#9264=IFCFACE((#9263));
#9265=IFCPOLYLOOP((#1489,#2652,#2655));
#9266=IFCFACEOUTERBOUND(#9265,.T.);
#9267=IFCFACE((#9266));
#9268=IFCPOLYLOOP((#1489,#2655,#2654));
#9269=IFCFACEOUTERBOUND(#9268,.T.);
#9270=IFCFACE((#9269));
#9271=IFCPOLYLOOP((#1489,#2654,#2661));
#9272=IFCFACEOUTERBOUND(#9271,.T.);
#9273=IFCFACE((#9272));
#9274=IFCPOLYLOOP((#1489,#2661,#1492));
#9275=IFCFACEOUTERBOUND(#9274,.T.);
#9276=IFCFACE((#9275));
#9277=IFCPOLYLOOP((#1324,#1538,#1528));
#9278=IFCFACEOUTERBOUND(#9277,.T.);
#9279=IFCFACE((#9278));
#9280=IFCPOLYLOOP((#1324,#1528,#1524));
#9281=IFCFACEOUTERBOUND(#9280,.T.);
#9282=IFCFACE((#9281));
#9283=IFCPOLYLOOP((#1324,#1524,#1634));
#9284=IFCFACEOUTERBOUND(#9283,.T.);
#9285=IFCFACE((#9284));
#9286=IFCPOLYLOOP((#1324,#1634,#1527));
#9287=IFCFACEOUTERBOUND(#9286,.T.);
#9288=IFCFACE((#9287));
#9289=IFCPOLYLOOP((#1324,#1527,#1575));
#9290=IFCFACEOUTERBOUND(#9289,.T.);
#9291=IFCFACE((#9290));
#9292=IFCPOLYLOOP((#1324,#1575,#1504));
#9293=IFCFACEOUTERBOUND(#9292,.T.);
#9294=IFCFACE((#9293));
#9295=IFCPOLYLOOP((#1324,#1504,#1552));
#9296=IFCFACEOUTERBOUND(#9295,.T.);
#9297=IFCFACE((#9296));
#9298=IFCPOLYLOOP((#1324,#1552,#1551));
#9299=IFCFACEOUTERBOUND(#9298,.T.);
#9300=IFCFACE((#9299));
#9301=IFCPOLYLOOP((#1324,#1551,#1636));
#9302=IFCFACEOUTERBOUND(#9301,.T.);
#9303=IFCFACE((#9302));
#9304=IFCPOLYLOOP((#1324,#1636,#1507));
#9305=IFCFACEOUTERBOUND(#9304,.T.);
#9306=IFCFACE((#9305));
#9307=IFCPOLYLOOP((#1324,#1507,#1556));
#9308=IFCFACEOUTERBOUND(#9307,.T.);
#9309=IFCFACE((#9308));
#9310=IFCPOLYLOOP((#1324,#1556,#1555));
#9311=IFCFACEOUTERBOUND(#9310,.T.);
#9312=IFCFACE((#9311));
#9313=IFCPOLYLOOP((#1324,#1555,#1635));
#9314=IFCFACEOUTERBOUND(#9313,.T.);
#9315=IFCFACE((#9314));
#9316=IFCPOLYLOOP((#1324,#1635,#1503));
#9317=IFCFACEOUTERBOUND(#9316,.T.);
#9318=IFCFACE((#9317));
#9319=IFCPOLYLOOP((#1324,#1503,#1578));
#9320=IFCFACEOUTERBOUND(#9319,.T.);
#9321=IFCFACE((#9320));
#9322=IFCPOLYLOOP((#1324,#1578,#1562));
#9323=IFCFACEOUTERBOUND(#9322,.T.);
#9324=IFCFACE((#9323));
#9325=IFCPOLYLOOP((#1324,#1562,#1586));
#9326=IFCFACEOUTERBOUND(#9325,.T.);
#9327=IFCFACE((#9326));
#9328=IFCPOLYLOOP((#1324,#1586,#1536));
#9329=IFCFACEOUTERBOUND(#9328,.T.);
#9330=IFCFACE((#9329));
#9331=IFCPOLYLOOP((#1324,#1536,#1560));
#9332=IFCFACEOUTERBOUND(#9331,.T.);
#9333=IFCFACE((#9332));
#9334=IFCPOLYLOOP((#1324,#1560,#1559));
#9335=IFCFACEOUTERBOUND(#9334,.T.);
#9336=IFCFACE((#9335));
#9337=IFCPOLYLOOP((#1324,#1559,#1663));
#9338=IFCFACEOUTERBOUND(#9337,.T.);
#9339=IFCFACE((#9338));
#9340=IFCPOLYLOOP((#1324,#1663,#1535));
#9341=IFCFACEOUTERBOUND(#9340,.T.);
#9342=IFCFACE((#9341));
#9343=IFCPOLYLOOP((#1324,#1535,#1658));
#9344=IFCFACEOUTERBOUND(#9343,.T.);
#9345=IFCFACE((#9344));
#9346=IFCPOLYLOOP((#1324,#1658,#1545));
#9347=IFCFACEOUTERBOUND(#9346,.T.);
#9348=IFCFACE((#9347));
#9349=IFCPOLYLOOP((#1324,#1545,#1653));
#9350=IFCFACEOUTERBOUND(#9349,.T.);
#9351=IFCFACE((#9350));
#9352=IFCPOLYLOOP((#1324,#1653,#1544));
#9353=IFCFACEOUTERBOUND(#9352,.T.);
#9354=IFCFACE((#9353));
#9355=IFCPOLYLOOP((#1324,#1544,#1667));
#9356=IFCFACEOUTERBOUND(#9355,.T.);
#9357=IFCFACE((#9356));
#9358=IFCPOLYLOOP((#1324,#1667,#1565));
#9359=IFCFACEOUTERBOUND(#9358,.T.);
#9360=IFCFACE((#9359));
#9361=IFCPOLYLOOP((#1324,#1565,#1627));
#9362=IFCFACEOUTERBOUND(#9361,.T.);
#9363=IFCFACE((#9362));
#9364=IFCPOLYLOOP((#1324,#1627,#1502));
#9365=IFCFACEOUTERBOUND(#9364,.T.);
#9366=IFCFACE((#9365));
#9367=IFCPOLYLOOP((#1324,#1502,#1583));
#9368=IFCFACEOUTERBOUND(#9367,.T.);
#9369=IFCFACE((#9368));
#9370=IFCPOLYLOOP((#1324,#1583,#1522));
#9371=IFCFACEOUTERBOUND(#9370,.T.);
#9372=IFCFACE((#9371));
#9373=IFCPOLYLOOP((#1324,#1522,#1603));
#9374=IFCFACEOUTERBOUND(#9373,.T.);
#9375=IFCFACE((#9374));
#9376=IFCPOLYLOOP((#1324,#1603,#1514));
#9377=IFCFACEOUTERBOUND(#9376,.T.);
#9378=IFCFACE((#9377));
#9379=IFCPOLYLOOP((#1324,#1514,#1599));
#9380=IFCFACEOUTERBOUND(#9379,.T.);
#9381=IFCFACE((#9380));
#9382=IFCPOLYLOOP((#1324,#1599,#1515));
#9383=IFCFACEOUTERBOUND(#9382,.T.);
#9384=IFCFACE((#9383));
#9385=IFCPOLYLOOP((#1324,#1515,#1591));
#9386=IFCFACEOUTERBOUND(#9385,.T.);
#9387=IFCFACE((#9386));
#9388=IFCPOLYLOOP((#1324,#1591,#1508));
#9389=IFCFACEOUTERBOUND(#9388,.T.);
#9390=IFCFACE((#9389));
#9391=IFCPOLYLOOP((#1324,#1508,#1519));
#9392=IFCFACEOUTERBOUND(#9391,.T.);
#9393=IFCFACE((#9392));
#9394=IFCPOLYLOOP((#1324,#1519,#1517));
#9395=IFCFACEOUTERBOUND(#9394,.T.);
#9396=IFCFACE((#9395));
#9397=IFCPOLYLOOP((#1324,#1517,#1622));
#9398=IFCFACEOUTERBOUND(#9397,.T.);
#9399=IFCFACE((#9398));
#9400=IFCPOLYLOOP((#1324,#1622,#1516));
#9401=IFCFACEOUTERBOUND(#9400,.T.);
#9402=IFCFACE((#9401));
#9403=IFCPOLYLOOP((#1324,#1516,#1625));
#9404=IFCFACEOUTERBOUND(#9403,.T.);
#9405=IFCFACE((#9404));
#9406=IFCPOLYLOOP((#1324,#1625,#1523));
#9407=IFCFACEOUTERBOUND(#9406,.T.);
#9408=IFCFACE((#9407));
#9409=IFCPOLYLOOP((#1324,#1523,#1616));
#9410=IFCFACEOUTERBOUND(#9409,.T.);
#9411=IFCFACE((#9410));
#9412=IFCPOLYLOOP((#1324,#1616,#1513));
#9413=IFCFACEOUTERBOUND(#9412,.T.);
#9414=IFCFACE((#9413));
#9415=IFCPOLYLOOP((#1324,#1513,#1611));
#9416=IFCFACEOUTERBOUND(#9415,.T.);
#9417=IFCFACE((#9416));
#9418=IFCPOLYLOOP((#1324,#1611,#1532));
#9419=IFCFACEOUTERBOUND(#9418,.T.);
#9420=IFCFACE((#9419));
#9421=IFCPOLYLOOP((#1324,#1532,#1607));
#9422=IFCFACEOUTERBOUND(#9421,.T.);
#9423=IFCFACE((#9422));
#9424=IFCPOLYLOOP((#1324,#1607,#1531));
#9425=IFCFACEOUTERBOUND(#9424,.T.);
#9426=IFCFACE((#9425));
#9427=IFCPOLYLOOP((#1324,#1531,#1593));
#9428=IFCFACEOUTERBOUND(#9427,.T.);
#9429=IFCFACE((#9428));
#9430=IFCPOLYLOOP((#1324,#1593,#1540));
#9431=IFCFACEOUTERBOUND(#9430,.T.);
#9432=IFCFACE((#9431));
#9433=IFCPOLYLOOP((#1324,#1540,#1549));
#9434=IFCFACEOUTERBOUND(#9433,.T.);
#9435=IFCFACE((#9434));
#9436=IFCPOLYLOOP((#1324,#1549,#402));
#9437=IFCFACEOUTERBOUND(#9436,.T.);
#9438=IFCFACE((#9437));
#9439=IFCPOLYLOOP((#1324,#3249,#3244));
#9440=IFCFACEOUTERBOUND(#9439,.T.);
#9441=IFCFACE((#9440));
#9442=IFCPOLYLOOP((#1324,#3244,#3266));
#9443=IFCFACEOUTERBOUND(#9442,.T.);
#9444=IFCFACE((#9443));
#9445=IFCPOLYLOOP((#1324,#3266,#3247));
#9446=IFCFACEOUTERBOUND(#9445,.T.);
#9447=IFCFACE((#9446));
#9448=IFCPOLYLOOP((#1324,#3247,#3280));
#9449=IFCFACEOUTERBOUND(#9448,.T.);
#9450=IFCFACE((#9449));
#9451=IFCPOLYLOOP((#1324,#3280,#3235));
#9452=IFCFACEOUTERBOUND(#9451,.T.);
#9453=IFCFACE((#9452));
#9454=IFCPOLYLOOP((#1324,#3235,#3260));
#9455=IFCFACEOUTERBOUND(#9454,.T.);
#9456=IFCFACE((#9455));
#9457=IFCPOLYLOOP((#1324,#3260,#3238));
#9458=IFCFACEOUTERBOUND(#9457,.T.);
#9459=IFCFACE((#9458));
#9460=IFCPOLYLOOP((#1324,#3238,#3257));
#9461=IFCFACEOUTERBOUND(#9460,.T.);
#9462=IFCFACE((#9461));
#9463=IFCPOLYLOOP((#1324,#3257,#3234));
#9464=IFCFACEOUTERBOUND(#9463,.T.);
#9465=IFCFACE((#9464));
#9466=IFCPOLYLOOP((#1324,#3234,#3258));
#9467=IFCFACEOUTERBOUND(#9466,.T.);
#9468=IFCFACE((#9467));
#9469=IFCPOLYLOOP((#1324,#3258,#3253));
#9470=IFCFACEOUTERBOUND(#9469,.T.);
#9471=IFCFACE((#9470));
#9472=IFCPOLYLOOP((#1324,#3253,#3277));
#9473=IFCFACEOUTERBOUND(#9472,.T.);
#9474=IFCFACE((#9473));
#9475=IFCPOLYLOOP((#1324,#3277,#3239));
#9476=IFCFACEOUTERBOUND(#9475,.T.);
#9477=IFCFACE((#9476));
#9478=IFCPOLYLOOP((#1324,#3239,#3275));
#9479=IFCFACEOUTERBOUND(#9478,.T.);
#9480=IFCFACE((#9479));
#9481=IFCPOLYLOOP((#1324,#3275,#3271));
#9482=IFCFACEOUTERBOUND(#9481,.T.);
#9483=IFCFACE((#9482));
#9484=IFCPOLYLOOP((#1324,#3271,#3242));
#9485=IFCFACEOUTERBOUND(#9484,.T.);
#9486=IFCFACE((#9485));
#9487=IFCPOLYLOOP((#1324,#3242,#3248));
#9488=IFCFACEOUTERBOUND(#9487,.T.);
#9489=IFCFACE((#9488));
#9490=IFCPOLYLOOP((#1324,#3248,#3252));
#9491=IFCFACEOUTERBOUND(#9490,.T.);
#9492=IFCFACE((#9491));
#9493=IFCPOLYLOOP((#1324,#3252,#1493));
#9494=IFCFACEOUTERBOUND(#9493,.T.);
#9495=IFCFACE((#9494));
#9496=IFCPOLYLOOP((#1574,#1639,#1505));
#9497=IFCFACEOUTERBOUND(#9496,.T.);
#9498=IFCFACE((#9497));
#9499=IFCPOLYLOOP((#1579,#1585,#1501));
#9500=IFCFACEOUTERBOUND(#9499,.T.);
#9501=IFCFACE((#9500));
#9502=IFCPOLYLOOP((#1536,#1586,#1587));
#9503=IFCFACEOUTERBOUND(#9502,.T.);
#9504=IFCFACE((#9503));
#9505=IFCPOLYLOOP((#404,#403,#1651));
#9506=IFCFACEOUTERBOUND(#9505,.T.);
#9507=IFCFACE((#9506));
#9508=IFCPOLYLOOP((#1498,#1499,#1539));
#9509=IFCFACEOUTERBOUND(#9508,.T.);
#9510=IFCFACE((#9509));
#9511=IFCPOLYLOOP((#1493,#1494,#1538));
#9512=IFCFACEOUTERBOUND(#9511,.T.);
#9513=IFCFACE((#9512));
#9514=IFCPOLYLOOP((#1581,#1526,#1580));
#9515=IFCFACEOUTERBOUND(#9514,.T.);
#9516=IFCFACE((#9515));
#9517=IFCPOLYLOOP((#1644,#1520,#1630));
#9518=IFCFACEOUTERBOUND(#9517,.T.);
#9519=IFCFACE((#9518));
#9520=IFCPOLYLOOP((#1573,#1507,#1636));
#9521=IFCFACEOUTERBOUND(#9520,.T.);
#9522=IFCFACE((#9521));
#9523=IFCPOLYLOOP((#1571,#1553,#1550));
#9524=IFCFACEOUTERBOUND(#9523,.T.);
#9525=IFCFACE((#9524));
#9526=IFCPOLYLOOP((#1602,#1643,#1599));
#9527=IFCFACEOUTERBOUND(#9526,.T.);
#9528=IFCFACE((#9527));
#9529=IFCPOLYLOOP((#1548,#1539,#1529));
#9530=IFCFACEOUTERBOUND(#9529,.T.);
#9531=IFCFACE((#9530));
#9532=IFCPOLYLOOP((#1591,#1598,#1597));
#9533=IFCFACEOUTERBOUND(#9532,.T.);
#9534=IFCFACE((#9533));
#9535=IFCPOLYLOOP((#1529,#1569,#1649));
#9536=IFCFACEOUTERBOUND(#9535,.T.);
#9537=IFCFACE((#9536));
#9538=IFCPOLYLOOP((#1664,#1657,#1655));
#9539=IFCFACEOUTERBOUND(#9538,.T.);
#9540=IFCFACE((#9539));
#9541=IFCPOLYLOOP((#1495,#1538,#1494));
#9542=IFCFACEOUTERBOUND(#9541,.T.);
#9543=IFCFACE((#9542));
#9544=IFCPOLYLOOP((#1506,#1573,#1572));
#9545=IFCFACEOUTERBOUND(#9544,.T.);
#9546=IFCFACE((#9545));
#9547=IFCPOLYLOOP((#1508,#1588,#1519));
#9548=IFCFACEOUTERBOUND(#9547,.T.);
#9549=IFCFACE((#9548));
#9550=IFCPOLYLOOP((#1522,#1583,#1647));
#9551=IFCFACEOUTERBOUND(#9550,.T.);
#9552=IFCFACE((#9551));
#9553=IFCPOLYLOOP((#1508,#1595,#1588));
#9554=IFCFACEOUTERBOUND(#9553,.T.);
#9555=IFCFACE((#9554));
#9556=IFCPOLYLOOP((#1609,#1606,#1531,#1607,#1532,#1611,#1513,#1616,#1615,#1613,#1610));
#9557=IFCFACEOUTERBOUND(#9556,.T.);
#9558=IFCFACE((#9557));
#9559=IFCPOLYLOOP((#1589,#1549,#1540,#1593,#1592));
#9560=IFCFACEOUTERBOUND(#9559,.T.);
#9561=IFCFACE((#9560));
#9562=IFCPOLYLOOP((#1541,#1542,#1589,#1592,#1594));
#9563=IFCFACEOUTERBOUND(#9562,.T.);
#9564=IFCFACE((#9563));
#9565=IFCPOLYLOOP((#1512,#1612,#1533,#1608,#1530,#1606,#1609,#1610,#1613,#1615,#1614));
#9566=IFCFACEOUTERBOUND(#9565,.T.);
#9567=IFCFACE((#9566));
#9568=IFCPOLYLOOP((#1600,#1515,#1599));
#9569=IFCFACEOUTERBOUND(#9568,.T.);
#9570=IFCFACE((#9569));
#9571=IFCPOLYLOOP((#1588,#1595,#1511));
#9572=IFCFACEOUTERBOUND(#9571,.T.);
#9573=IFCFACE((#9572));
#9574=IFCPOLYLOOP((#1623,#1640,#1621));
#9575=IFCFACEOUTERBOUND(#9574,.T.);
#9576=IFCFACE((#9575));
#9577=IFCPOLYLOOP((#1568,#1500,#1584));
#9578=IFCFACEOUTERBOUND(#9577,.T.);
#9579=IFCFACE((#9578));
#9580=IFCPOLYLOOP((#1588,#1620,#1519));
#9581=IFCFACEOUTERBOUND(#9580,.T.);
#9582=IFCFACE((#9581));
#9583=IFCPOLYLOOP((#1622,#1623,#1626));
#9584=IFCFACEOUTERBOUND(#9583,.T.);
#9585=IFCFACE((#9584));
#9586=IFCPOLYLOOP((#1514,#1603,#1604));
#9587=IFCFACEOUTERBOUND(#9586,.T.);
#9588=IFCFACE((#9587));
#9589=IFCPOLYLOOP((#1514,#1604,#1602));
#9590=IFCFACEOUTERBOUND(#9589,.T.);
#9591=IFCFACE((#9590));
#9592=IFCPOLYLOOP((#1605,#1592,#1593));
#9593=IFCFACEOUTERBOUND(#9592,.T.);
#9594=IFCFACE((#9593));
#9595=IFCPOLYLOOP((#1606,#1605,#1531));
#9596=IFCFACEOUTERBOUND(#9595,.T.);
#9597=IFCFACE((#9596));
#9598=IFCPOLYLOOP((#1497,#1498,#1539));
#9599=IFCFACEOUTERBOUND(#9598,.T.);
#9600=IFCFACE((#9599));
#9601=IFCPOLYLOOP((#1618,#1619,#1581));
#9602=IFCFACEOUTERBOUND(#9601,.T.);
#9603=IFCFACE((#9602));
#9604=IFCPOLYLOOP((#1527,#1580,#1575));
#9605=IFCFACEOUTERBOUND(#9604,.T.);
#9606=IFCFACE((#9605));
#9607=IFCPOLYLOOP((#1496,#1497,#1548));
#9608=IFCFACEOUTERBOUND(#9607,.T.);
#9609=IFCFACE((#9608));
#9610=IFCPOLYLOOP((#1525,#1570,#1569));
#9611=IFCFACEOUTERBOUND(#9610,.T.);
#9612=IFCFACE((#9611));
#9613=IFCPOLYLOOP((#1605,#1606,#1530));
#9614=IFCFACEOUTERBOUND(#9613,.T.);
#9615=IFCFACE((#9614));
#9616=IFCPOLYLOOP((#1594,#1592,#1605));
#9617=IFCFACEOUTERBOUND(#9616,.T.);
#9618=IFCFACE((#9617));
#9619=IFCPOLYLOOP((#1662,#1661,#1534));
#9620=IFCFACEOUTERBOUND(#9619,.T.);
#9621=IFCFACE((#9620));
#9622=IFCPOLYLOOP((#1544,#1668,#1667));
#9623=IFCFACEOUTERBOUND(#9622,.T.);
#9624=IFCFACE((#9623));
#9625=IFCPOLYLOOP((#1536,#1587,#1561));
#9626=IFCFACEOUTERBOUND(#9625,.T.);
#9627=IFCFACE((#9626));
#9628=IFCPOLYLOOP((#1578,#1503,#1579));
#9629=IFCFACEOUTERBOUND(#9628,.T.);
#9630=IFCFACE((#9629));
#9631=IFCPOLYLOOP((#1495,#1496,#1548));
#9632=IFCFACEOUTERBOUND(#9631,.T.);
#9633=IFCFACE((#9632));
#9634=IFCPOLYLOOP((#1538,#1548,#1528));
#9635=IFCFACEOUTERBOUND(#9634,.T.);
#9636=IFCFACE((#9635));
#9637=IFCPOLYLOOP((#1539,#1548,#1497));
#9638=IFCFACEOUTERBOUND(#9637,.T.);
#9639=IFCFACE((#9638));
#9640=IFCPOLYLOOP((#1574,#1505,#1553));
#9641=IFCFACEOUTERBOUND(#9640,.T.);
#9642=IFCFACE((#9641));
#9643=IFCPOLYLOOP((#1589,#1651,#1549));
#9644=IFCFACEOUTERBOUND(#9643,.T.);
#9645=IFCFACE((#9644));
#9646=IFCPOLYLOOP((#1545,#1654,#1653));
#9647=IFCFACEOUTERBOUND(#9646,.T.);
#9648=IFCFACE((#9647));
#9649=IFCPOLYLOOP((#1584,#1502,#1568));
#9650=IFCFACEOUTERBOUND(#9649,.T.);
#9651=IFCFACE((#9650));
#9652=IFCPOLYLOOP((#1654,#1545,#1655));
#9653=IFCFACEOUTERBOUND(#9652,.T.);
#9654=IFCFACE((#9653));
#9655=IFCPOLYLOOP((#1546,#1654,#1655));
#9656=IFCFACEOUTERBOUND(#9655,.T.);
#9657=IFCFACE((#9656));
#9658=IFCPOLYLOOP((#1525,#1618,#1570));
#9659=IFCFACEOUTERBOUND(#9658,.T.);
#9660=IFCFACE((#9659));
#9661=IFCPOLYLOOP((#1621,#1640,#1547));
#9662=IFCFACEOUTERBOUND(#9661,.T.);
#9663=IFCFACE((#9662));
#9664=IFCPOLYLOOP((#1548,#1538,#1495));
#9665=IFCFACEOUTERBOUND(#9664,.T.);
#9666=IFCFACE((#9665));
#9667=IFCPOLYLOOP((#402,#1549,#1651));
#9668=IFCFACEOUTERBOUND(#9667,.T.);
#9669=IFCFACE((#9668));
#9670=IFCPOLYLOOP((#1572,#1637,#1550));
#9671=IFCFACEOUTERBOUND(#9670,.T.);
#9672=IFCFACE((#9671));
#9673=IFCPOLYLOOP((#1551,#1552,#1571));
#9674=IFCFACEOUTERBOUND(#9673,.T.);
#9675=IFCFACE((#9674));
#9676=IFCPOLYLOOP((#1552,#1574,#1571));
#9677=IFCFACEOUTERBOUND(#9676,.T.);
#9678=IFCFACE((#9677));
#9679=IFCPOLYLOOP((#1557,#1556,#1507));
#9680=IFCFACEOUTERBOUND(#9679,.T.);
#9681=IFCFACE((#9680));
#9682=IFCPOLYLOOP((#1628,#1585,#1660));
#9683=IFCFACEOUTERBOUND(#9682,.T.);
#9684=IFCFACE((#9683));
#9685=IFCPOLYLOOP((#1556,#1557,#1659));
#9686=IFCFACEOUTERBOUND(#9685,.T.);
#9687=IFCFACE((#9686));
#9688=IFCPOLYLOOP((#1557,#1506,#1631));
#9689=IFCFACEOUTERBOUND(#9688,.T.);
#9690=IFCFACE((#9689));
#9691=IFCPOLYLOOP((#1557,#1631,#1659));
#9692=IFCFACEOUTERBOUND(#9691,.T.);
#9693=IFCFACE((#9692));
#9694=IFCPOLYLOOP((#1561,#1560,#1536));
#9695=IFCFACEOUTERBOUND(#9694,.T.);
#9696=IFCFACE((#9695));
#9697=IFCPOLYLOOP((#1664,#1662,#1534));
#9698=IFCFACEOUTERBOUND(#9697,.T.);
#9699=IFCFACE((#9698));
#9700=IFCPOLYLOOP((#1560,#1561,#1665));
#9701=IFCFACEOUTERBOUND(#9700,.T.);
#9702=IFCFACE((#9701));
#9703=IFCPOLYLOOP((#1561,#1537,#1632));
#9704=IFCFACEOUTERBOUND(#9703,.T.);
#9705=IFCFACE((#9704));
#9706=IFCPOLYLOOP((#1561,#1632,#1665));
#9707=IFCFACEOUTERBOUND(#9706,.T.);
#9708=IFCFACE((#9707));
#9709=IFCPOLYLOOP((#1577,#1564,#1587));
#9710=IFCFACEOUTERBOUND(#9709,.T.);
#9711=IFCFACE((#9710));
#9712=IFCPOLYLOOP((#1578,#1638,#1562));
#9713=IFCFACEOUTERBOUND(#9712,.T.);
#9714=IFCFACE((#9713));
#9715=IFCPOLYLOOP((#1577,#1563,#1564));
#9716=IFCFACEOUTERBOUND(#9715,.T.);
#9717=IFCFACE((#9716));
#9718=IFCPOLYLOOP((#1568,#1567,#1500));
#9719=IFCFACEOUTERBOUND(#9718,.T.);
#9720=IFCFACE((#9719));
#9721=IFCPOLYLOOP((#1544,#1653,#1669));
#9722=IFCFACEOUTERBOUND(#9721,.T.);
#9723=IFCFACE((#9722));
#9724=IFCPOLYLOOP((#1567,#1568,#1671));
#9725=IFCFACEOUTERBOUND(#9724,.T.);
#9726=IFCFACE((#9725));
#9727=IFCPOLYLOOP((#1568,#1502,#1627));
#9728=IFCFACEOUTERBOUND(#9727,.T.);
#9729=IFCFACE((#9728));
#9730=IFCPOLYLOOP((#1568,#1627,#1671));
#9731=IFCFACEOUTERBOUND(#9730,.T.);
#9732=IFCFACE((#9731));
#9733=IFCPOLYLOOP((#1569,#1570,#1649));
#9734=IFCFACEOUTERBOUND(#9733,.T.);
#9735=IFCFACE((#9734));
#9736=IFCPOLYLOOP((#1524,#1528,#1570));
#9737=IFCFACEOUTERBOUND(#9736,.T.);
#9738=IFCFACE((#9737));
#9739=IFCPOLYLOOP((#1649,#1528,#1548));
#9740=IFCFACEOUTERBOUND(#9739,.T.);
#9741=IFCFACE((#9740));
#9742=IFCPOLYLOOP((#1552,#1504,#1574));
#9743=IFCFACEOUTERBOUND(#9742,.T.);
#9744=IFCFACE((#9743));
#9745=IFCPOLYLOOP((#1573,#1506,#1557));
#9746=IFCFACEOUTERBOUND(#9745,.T.);
#9747=IFCFACE((#9746));
#9748=IFCPOLYLOOP((#1573,#1637,#1572));
#9749=IFCFACEOUTERBOUND(#9748,.T.);
#9750=IFCFACE((#9749));
#9751=IFCPOLYLOOP((#1557,#1507,#1573));
#9752=IFCFACEOUTERBOUND(#9751,.T.);
#9753=IFCFACE((#9752));
#9754=IFCPOLYLOOP((#1571,#1637,#1551));
#9755=IFCFACEOUTERBOUND(#9754,.T.);
#9756=IFCFACE((#9755));
#9757=IFCPOLYLOOP((#1571,#1574,#1553));
#9758=IFCFACEOUTERBOUND(#9757,.T.);
#9759=IFCFACE((#9758));
#9760=IFCPOLYLOOP((#1504,#1575,#1639));
#9761=IFCFACEOUTERBOUND(#9760,.T.);
#9762=IFCFACE((#9761));
#9763=IFCPOLYLOOP((#1580,#1526,#1576));
#9764=IFCFACEOUTERBOUND(#9763,.T.);
#9765=IFCFACE((#9764));
#9766=IFCPOLYLOOP((#1575,#1580,#1639));
#9767=IFCFACEOUTERBOUND(#9766,.T.);
#9768=IFCFACE((#9767));
#9769=IFCPOLYLOOP((#1537,#1561,#1587));
#9770=IFCFACEOUTERBOUND(#9769,.T.);
#9771=IFCFACE((#9770));
#9772=IFCPOLYLOOP((#1579,#1503,#1585));
#9773=IFCFACEOUTERBOUND(#9772,.T.);
#9774=IFCFACE((#9773));
#9775=IFCPOLYLOOP((#1579,#1638,#1578));
#9776=IFCFACEOUTERBOUND(#9775,.T.);
#9777=IFCFACE((#9776));
#9778=IFCPOLYLOOP((#1579,#1501,#1633));
#9779=IFCFACEOUTERBOUND(#9778,.T.);
#9780=IFCFACE((#9779));
#9781=IFCPOLYLOOP((#1577,#1638,#1563));
#9782=IFCFACEOUTERBOUND(#9781,.T.);
#9783=IFCFACE((#9782));
#9784=IFCPOLYLOOP((#1580,#1527,#1581));
#9785=IFCFACEOUTERBOUND(#9784,.T.);
#9786=IFCFACE((#9785));
#9787=IFCPOLYLOOP((#1576,#1505,#1639));
#9788=IFCFACEOUTERBOUND(#9787,.T.);
#9789=IFCFACE((#9788));
#9790=IFCPOLYLOOP((#1618,#1634,#1524));
#9791=IFCFACEOUTERBOUND(#9790,.T.);
#9792=IFCFACE((#9791));
#9793=IFCPOLYLOOP((#1524,#1570,#1618));
#9794=IFCFACEOUTERBOUND(#9793,.T.);
#9795=IFCFACE((#9794));
#9796=IFCPOLYLOOP((#1647,#1652,#1522));
#9797=IFCFACEOUTERBOUND(#9796,.T.);
#9798=IFCFACE((#9797));
#9799=IFCPOLYLOOP((#1647,#1648,#1582));
#9800=IFCFACEOUTERBOUND(#9799,.T.);
#9801=IFCFACE((#9800));
#9802=IFCPOLYLOOP((#1584,#1500,#1641));
#9803=IFCFACEOUTERBOUND(#9802,.T.);
#9804=IFCFACE((#9803));
#9805=IFCPOLYLOOP((#1583,#1502,#1584));
#9806=IFCFACEOUTERBOUND(#9805,.T.);
#9807=IFCFACE((#9806));
#9808=IFCPOLYLOOP((#1585,#1503,#1635));
#9809=IFCFACEOUTERBOUND(#9808,.T.);
#9810=IFCFACE((#9809));
#9811=IFCPOLYLOOP((#1629,#1523,#1630));
#9812=IFCFACEOUTERBOUND(#9811,.T.);
#9813=IFCFACE((#9812));
#9814=IFCPOLYLOOP((#1537,#1587,#1564));
#9815=IFCFACEOUTERBOUND(#9814,.T.);
#9816=IFCFACE((#9815));
#9817=IFCPOLYLOOP((#1586,#1562,#1577));
#9818=IFCFACEOUTERBOUND(#9817,.T.);
#9819=IFCFACE((#9818));
#9820=IFCPOLYLOOP((#1586,#1577,#1587));
#9821=IFCFACEOUTERBOUND(#9820,.T.);
#9822=IFCFACE((#9821));
#9823=IFCPOLYLOOP((#1620,#1642,#1547));
#9824=IFCFACEOUTERBOUND(#9823,.T.);
#9825=IFCFACE((#9824));
#9826=IFCPOLYLOOP((#1642,#1620,#1588));
#9827=IFCFACEOUTERBOUND(#9826,.T.);
#9828=IFCFACE((#9827));
#9829=IFCPOLYLOOP((#1589,#1542,#1651));
#9830=IFCFACEOUTERBOUND(#9829,.T.);
#9831=IFCFACE((#9830));
#9832=IFCPOLYLOOP((#1598,#1590,#1597));
#9833=IFCFACEOUTERBOUND(#9832,.T.);
#9834=IFCFACE((#9833));
#9835=IFCPOLYLOOP((#1597,#1595,#1591));
#9836=IFCFACEOUTERBOUND(#9835,.T.);
#9837=IFCFACE((#9836));
#9838=IFCPOLYLOOP((#1508,#1591,#1595));
#9839=IFCFACEOUTERBOUND(#9838,.T.);
#9840=IFCFACE((#9839));
#9841=IFCPOLYLOOP((#1531,#1605,#1593));
#9842=IFCFACEOUTERBOUND(#9841,.T.);
#9843=IFCFACE((#9842));
#9844=IFCPOLYLOOP((#1595,#1597,#1596));
#9845=IFCFACEOUTERBOUND(#9844,.T.);
#9846=IFCFACE((#9845));
#9847=IFCPOLYLOOP((#1596,#1597,#1590));
#9848=IFCFACEOUTERBOUND(#9847,.T.);
#9849=IFCFACE((#9848));
#9850=IFCPOLYLOOP((#1596,#1511,#1595));
#9851=IFCFACEOUTERBOUND(#9850,.T.);
#9852=IFCFACE((#9851));
#9853=IFCPOLYLOOP((#1598,#1591,#1515));
#9854=IFCFACEOUTERBOUND(#9853,.T.);
#9855=IFCFACE((#9854));
#9856=IFCPOLYLOOP((#1602,#1601,#1643));
#9857=IFCFACEOUTERBOUND(#9856,.T.);
#9858=IFCFACE((#9857));
#9859=IFCPOLYLOOP((#1600,#1617,#1598));
#9860=IFCFACEOUTERBOUND(#9859,.T.);
#9861=IFCFACE((#9860));
#9862=IFCPOLYLOOP((#1515,#1600,#1598));
#9863=IFCFACEOUTERBOUND(#9862,.T.);
#9864=IFCFACE((#9863));
#9865=IFCPOLYLOOP((#1602,#1599,#1514));
#9866=IFCFACEOUTERBOUND(#9865,.T.);
#9867=IFCFACE((#9866));
#9868=IFCPOLYLOOP((#1619,#1526,#1581));
#9869=IFCFACEOUTERBOUND(#9868,.T.);
#9870=IFCFACE((#9869));
#9871=IFCPOLYLOOP((#1601,#1602,#1521));
#9872=IFCFACEOUTERBOUND(#9871,.T.);
#9873=IFCFACE((#9872));
#9874=IFCPOLYLOOP((#1600,#1643,#1510));
#9875=IFCFACEOUTERBOUND(#9874,.T.);
#9876=IFCFACE((#9875));
#9877=IFCPOLYLOOP((#1645,#1650,#1604));
#9878=IFCFACEOUTERBOUND(#9877,.T.);
#9879=IFCFACE((#9878));
#9880=IFCPOLYLOOP((#404,#1651,#1542));
#9881=IFCFACEOUTERBOUND(#9880,.T.);
#9882=IFCFACE((#9881));
#9883=IFCPOLYLOOP((#1602,#1604,#1521));
#9884=IFCFACEOUTERBOUND(#9883,.T.);
#9885=IFCFACE((#9884));
#9886=IFCPOLYLOOP((#1604,#1603,#1645));
#9887=IFCFACEOUTERBOUND(#9886,.T.);
#9888=IFCFACE((#9887));
#9889=IFCPOLYLOOP((#1530,#1594,#1605));
#9890=IFCFACEOUTERBOUND(#9889,.T.);
#9891=IFCFACE((#9890));
#9892=IFCPOLYLOOP((#1629,#1615,#1616));
#9893=IFCFACEOUTERBOUND(#9892,.T.);
#9894=IFCFACE((#9893));
#9895=IFCPOLYLOOP((#1520,#1614,#1629));
#9896=IFCFACEOUTERBOUND(#9895,.T.);
#9897=IFCFACE((#9896));
#9898=IFCPOLYLOOP((#1616,#1523,#1629));
#9899=IFCFACEOUTERBOUND(#9898,.T.);
#9900=IFCFACE((#9899));
#9901=IFCPOLYLOOP((#1617,#1600,#1510));
#9902=IFCFACEOUTERBOUND(#9901,.T.);
#9903=IFCFACE((#9902));
#9904=IFCPOLYLOOP((#1617,#1590,#1598));
#9905=IFCFACEOUTERBOUND(#9904,.T.);
#9906=IFCFACE((#9905));
#9907=IFCPOLYLOOP((#1581,#1634,#1618));
#9908=IFCFACEOUTERBOUND(#9907,.T.);
#9909=IFCFACE((#9908));
#9910=IFCPOLYLOOP((#1618,#1525,#1619));
#9911=IFCFACEOUTERBOUND(#9910,.T.);
#9912=IFCFACE((#9911));
#9913=IFCPOLYLOOP((#1626,#1623,#1509));
#9914=IFCFACEOUTERBOUND(#9913,.T.);
#9915=IFCFACE((#9914));
#9916=IFCPOLYLOOP((#1517,#1519,#1620));
#9917=IFCFACEOUTERBOUND(#9916,.T.);
#9918=IFCFACE((#9917));
#9919=IFCPOLYLOOP((#1621,#1509,#1623));
#9920=IFCFACEOUTERBOUND(#9919,.T.);
#9921=IFCFACE((#9920));
#9922=IFCPOLYLOOP((#1626,#1516,#1622));
#9923=IFCFACEOUTERBOUND(#9922,.T.);
#9924=IFCFACE((#9923));
#9925=IFCPOLYLOOP((#1517,#1620,#1640));
#9926=IFCFACEOUTERBOUND(#9925,.T.);
#9927=IFCFACE((#9926));
#9928=IFCPOLYLOOP((#1517,#1623,#1622));
#9929=IFCFACEOUTERBOUND(#9928,.T.);
#9930=IFCFACE((#9929));
#9931=IFCPOLYLOOP((#1509,#1624,#1626));
#9932=IFCFACEOUTERBOUND(#9931,.T.);
#9933=IFCFACE((#9932));
#9934=IFCPOLYLOOP((#1629,#1630,#1520));
#9935=IFCFACEOUTERBOUND(#9934,.T.);
#9936=IFCFACE((#9935));
#9937=IFCPOLYLOOP((#1644,#1516,#1626));
#9938=IFCFACEOUTERBOUND(#9937,.T.);
#9939=IFCFACE((#9938));
#9940=IFCPOLYLOOP((#1626,#1624,#1644));
#9941=IFCFACEOUTERBOUND(#9940,.T.);
#9942=IFCFACE((#9941));
#9943=IFCPOLYLOOP((#1660,#1555,#1659));
#9944=IFCFACEOUTERBOUND(#9943,.T.);
#9945=IFCFACE((#9944));
#9946=IFCPOLYLOOP((#1671,#1627,#1565));
#9947=IFCFACEOUTERBOUND(#9946,.T.);
#9948=IFCFACE((#9947));
#9949=IFCPOLYLOOP((#1628,#1501,#1585));
#9950=IFCFACEOUTERBOUND(#9949,.T.);
#9951=IFCFACE((#9950));
#9952=IFCPOLYLOOP((#1615,#1629,#1614));
#9953=IFCFACEOUTERBOUND(#9952,.T.);
#9954=IFCFACE((#9953));
#9955=IFCPOLYLOOP((#1523,#1625,#1630));
#9956=IFCFACEOUTERBOUND(#9955,.T.);
#9957=IFCFACE((#9956));
#9958=IFCPOLYLOOP((#1644,#1630,#1625));
#9959=IFCFACEOUTERBOUND(#9958,.T.);
#9960=IFCFACE((#9959));
#9961=IFCPOLYLOOP((#1581,#1527,#1634));
#9962=IFCFACEOUTERBOUND(#9961,.T.);
#9963=IFCFACE((#9962));
#9964=IFCPOLYLOOP((#1659,#1631,#1554));
#9965=IFCFACEOUTERBOUND(#9964,.T.);
#9966=IFCFACE((#9965));
#9967=IFCPOLYLOOP((#1665,#1632,#1558));
#9968=IFCFACEOUTERBOUND(#9967,.T.);
#9969=IFCFACE((#9968));
#9970=IFCPOLYLOOP((#1638,#1633,#1563));
#9971=IFCFACEOUTERBOUND(#9970,.T.);
#9972=IFCFACE((#9971));
#9973=IFCPOLYLOOP((#1637,#1571,#1550));
#9974=IFCFACEOUTERBOUND(#9973,.T.);
#9975=IFCFACE((#9974));
#9976=IFCPOLYLOOP((#1660,#1635,#1555));
#9977=IFCFACEOUTERBOUND(#9976,.T.);
#9978=IFCFACE((#9977));
#9979=IFCPOLYLOOP((#1637,#1636,#1551));
#9980=IFCFACEOUTERBOUND(#9979,.T.);
#9981=IFCFACE((#9980));
#9982=IFCPOLYLOOP((#1636,#1637,#1573));
#9983=IFCFACEOUTERBOUND(#9982,.T.);
#9984=IFCFACE((#9983));
#9985=IFCPOLYLOOP((#1638,#1577,#1562));
#9986=IFCFACEOUTERBOUND(#9985,.T.);
#9987=IFCFACE((#9986));
#9988=IFCPOLYLOOP((#1633,#1638,#1579));
#9989=IFCFACEOUTERBOUND(#9988,.T.);
#9990=IFCFACE((#9989));
#9991=IFCPOLYLOOP((#1639,#1574,#1504));
#9992=IFCFACEOUTERBOUND(#9991,.T.);
#9993=IFCFACE((#9992));
#9994=IFCPOLYLOOP((#1576,#1639,#1580));
#9995=IFCFACEOUTERBOUND(#9994,.T.);
#9996=IFCFACE((#9995));
#9997=IFCPOLYLOOP((#1517,#1640,#1623));
#9998=IFCFACEOUTERBOUND(#9997,.T.);
#9999=IFCFACE((#9998));
#10000=IFCPOLYLOOP((#1547,#1640,#1620));
#10001=IFCFACEOUTERBOUND(#10000,.T.);
#10002=IFCFACE((#10001));
#10003=IFCPOLYLOOP((#1588,#1511,#1642));
#10004=IFCFACEOUTERBOUND(#10003,.T.);
#10005=IFCFACE((#10004));
#10006=IFCPOLYLOOP((#1648,#1641,#1582));
#10007=IFCFACEOUTERBOUND(#10006,.T.);
#10008=IFCFACE((#10007));
#10009=IFCPOLYLOOP((#1510,#1643,#1601));
#10010=IFCFACEOUTERBOUND(#10009,.T.);
#10011=IFCFACE((#10010));
#10012=IFCPOLYLOOP((#1599,#1643,#1600));
#10013=IFCFACEOUTERBOUND(#10012,.T.);
#10014=IFCFACE((#10013));
#10015=IFCPOLYLOOP((#1644,#1625,#1516));
#10016=IFCFACEOUTERBOUND(#10015,.T.);
#10017=IFCFACE((#10016));
#10018=IFCPOLYLOOP((#1520,#1644,#1624));
#10019=IFCFACEOUTERBOUND(#10018,.T.);
#10020=IFCFACE((#10019));
#10021=IFCPOLYLOOP((#1603,#1522,#1645));
#10022=IFCFACEOUTERBOUND(#10021,.T.);
#10023=IFCFACE((#10022));
#10024=IFCPOLYLOOP((#1646,#1652,#1647));
#10025=IFCFACEOUTERBOUND(#10024,.T.);
#10026=IFCFACE((#10025));
#10027=IFCPOLYLOOP((#1646,#1647,#1582));
#10028=IFCFACEOUTERBOUND(#10027,.T.);
#10029=IFCFACE((#10028));
#10030=IFCPOLYLOOP((#1645,#1652,#1518));
#10031=IFCFACEOUTERBOUND(#10030,.T.);
#10032=IFCFACE((#10031));
#10033=IFCPOLYLOOP((#1648,#1583,#1584));
#10034=IFCFACEOUTERBOUND(#10033,.T.);
#10035=IFCFACE((#10034));
#10036=IFCPOLYLOOP((#1583,#1648,#1647));
#10037=IFCFACEOUTERBOUND(#10036,.T.);
#10038=IFCFACE((#10037));
#10039=IFCPOLYLOOP((#1641,#1648,#1584));
#10040=IFCFACEOUTERBOUND(#10039,.T.);
#10041=IFCFACE((#10040));
#10042=IFCPOLYLOOP((#1528,#1649,#1570));
#10043=IFCFACEOUTERBOUND(#10042,.T.);
#10044=IFCFACE((#10043));
#10045=IFCPOLYLOOP((#1529,#1649,#1548));
#10046=IFCFACEOUTERBOUND(#10045,.T.);
#10047=IFCFACE((#10046));
#10048=IFCPOLYLOOP((#1650,#1645,#1518));
#10049=IFCFACEOUTERBOUND(#10048,.T.);
#10050=IFCFACE((#10049));
#10051=IFCPOLYLOOP((#1650,#1521,#1604));
#10052=IFCFACEOUTERBOUND(#10051,.T.);
#10053=IFCFACE((#10052));
#10054=IFCPOLYLOOP((#1651,#403,#402));
#10055=IFCFACEOUTERBOUND(#10054,.T.);
#10056=IFCFACE((#10055));
#10057=IFCPOLYLOOP((#1518,#1652,#1646));
#10058=IFCFACEOUTERBOUND(#10057,.T.);
#10059=IFCFACE((#10058));
#10060=IFCPOLYLOOP((#1522,#1652,#1645));
#10061=IFCFACEOUTERBOUND(#10060,.T.);
#10062=IFCFACE((#10061));
#10063=IFCPOLYLOOP((#1653,#1654,#1669));
#10064=IFCFACEOUTERBOUND(#10063,.T.);
#10065=IFCFACE((#10064));
#10066=IFCPOLYLOOP((#1654,#1546,#1656));
#10067=IFCFACEOUTERBOUND(#10066,.T.);
#10068=IFCFACE((#10067));
#10069=IFCPOLYLOOP((#1543,#1668,#1669));
#10070=IFCFACEOUTERBOUND(#10069,.T.);
#10071=IFCFACE((#10070));
#10072=IFCPOLYLOOP((#1655,#1545,#1658));
#10073=IFCFACEOUTERBOUND(#10072,.T.);
#10074=IFCFACE((#10073));
#10075=IFCPOLYLOOP((#1554,#1628,#1660));
#10076=IFCFACEOUTERBOUND(#10075,.T.);
#10077=IFCFACE((#10076));
#10078=IFCPOLYLOOP((#1535,#1662,#1664));
#10079=IFCFACEOUTERBOUND(#10078,.T.);
#10080=IFCFACE((#10079));
#10081=IFCPOLYLOOP((#1669,#1656,#1543));
#10082=IFCFACEOUTERBOUND(#10081,.T.);
#10083=IFCFACE((#10082));
#10084=IFCPOLYLOOP((#1657,#1546,#1655));
#10085=IFCFACEOUTERBOUND(#10084,.T.);
#10086=IFCFACE((#10085));
#10087=IFCPOLYLOOP((#1664,#1658,#1535));
#10088=IFCFACEOUTERBOUND(#10087,.T.);
#10089=IFCFACE((#10088));
#10090=IFCPOLYLOOP((#1556,#1659,#1555));
#10091=IFCFACEOUTERBOUND(#10090,.T.);
#10092=IFCFACE((#10091));
#10093=IFCPOLYLOOP((#1660,#1659,#1554));
#10094=IFCFACEOUTERBOUND(#10093,.T.);
#10095=IFCFACE((#10094));
#10096=IFCPOLYLOOP((#1635,#1660,#1585));
#10097=IFCFACEOUTERBOUND(#10096,.T.);
#10098=IFCFACE((#10097));
#10099=IFCPOLYLOOP((#1662,#1666,#1661));
#10100=IFCFACEOUTERBOUND(#10099,.T.);
#10101=IFCFACE((#10100));
#10102=IFCPOLYLOOP((#1662,#1535,#1663));
#10103=IFCFACEOUTERBOUND(#10102,.T.);
#10104=IFCFACE((#10103));
#10105=IFCPOLYLOOP((#1666,#1559,#1665));
#10106=IFCFACEOUTERBOUND(#10105,.T.);
#10107=IFCFACE((#10106));
#10108=IFCPOLYLOOP((#1657,#1664,#1534));
#10109=IFCFACEOUTERBOUND(#10108,.T.);
#10110=IFCFACE((#10109));
#10111=IFCPOLYLOOP((#1666,#1663,#1559));
#10112=IFCFACEOUTERBOUND(#10111,.T.);
#10113=IFCFACE((#10112));
#10114=IFCPOLYLOOP((#1664,#1655,#1658));
#10115=IFCFACEOUTERBOUND(#10114,.T.);
#10116=IFCFACE((#10115));
#10117=IFCPOLYLOOP((#1558,#1661,#1666));
#10118=IFCFACEOUTERBOUND(#10117,.T.);
#10119=IFCFACE((#10118));
#10120=IFCPOLYLOOP((#1560,#1665,#1559));
#10121=IFCFACEOUTERBOUND(#10120,.T.);
#10122=IFCFACE((#10121));
#10123=IFCPOLYLOOP((#1666,#1665,#1558));
#10124=IFCFACEOUTERBOUND(#10123,.T.);
#10125=IFCFACE((#10124));
#10126=IFCPOLYLOOP((#1663,#1666,#1662));
#10127=IFCFACEOUTERBOUND(#10126,.T.);
#10128=IFCFACE((#10127));
#10129=IFCPOLYLOOP((#1668,#1672,#1667));
#10130=IFCFACEOUTERBOUND(#10129,.T.);
#10131=IFCFACE((#10130));
#10132=IFCPOLYLOOP((#1668,#1543,#1670));
#10133=IFCFACEOUTERBOUND(#10132,.T.);
#10134=IFCFACE((#10133));
#10135=IFCPOLYLOOP((#1672,#1566,#1671));
#10136=IFCFACEOUTERBOUND(#10135,.T.);
#10137=IFCFACE((#10136));
#10138=IFCPOLYLOOP((#1669,#1654,#1656));
#10139=IFCFACEOUTERBOUND(#10138,.T.);
#10140=IFCFACE((#10139));
#10141=IFCPOLYLOOP((#1544,#1669,#1668));
#10142=IFCFACEOUTERBOUND(#10141,.T.);
#10143=IFCFACE((#10142));
#10144=IFCPOLYLOOP((#1565,#1667,#1672));
#10145=IFCFACEOUTERBOUND(#10144,.T.);
#10146=IFCFACE((#10145));
#10147=IFCPOLYLOOP((#1672,#1670,#1566));
#10148=IFCFACEOUTERBOUND(#10147,.T.);
#10149=IFCFACE((#10148));
#10150=IFCPOLYLOOP((#1567,#1671,#1566));
#10151=IFCFACEOUTERBOUND(#10150,.T.);
#10152=IFCFACE((#10151));
#10153=IFCPOLYLOOP((#1672,#1671,#1565));
#10154=IFCFACEOUTERBOUND(#10153,.T.);
#10155=IFCFACE((#10154));
#10156=IFCPOLYLOOP((#1670,#1672,#1668));
#10157=IFCFACEOUTERBOUND(#10156,.T.);
#10158=IFCFACE((#10157));
#10159=IFCPOLYLOOP((#365,#405,#1673,#1674,#1675,#1676,#1677,#406));
#10160=IFCFACEOUTERBOUND(#10159,.T.);
#10161=IFCFACE((#10160));
#10162=IFCPOLYLOOP((#408,#1677,#1676,#409));
#10163=IFCFACEOUTERBOUND(#10162,.T.);
#10164=IFCFACE((#10163));
#10165=IFCPOLYLOOP((#1703,#411,#410,#1702,#1755,#1747,#1790,#1737,#1808,#1740,#1812,#1715,#1814,#1724,#1830,#1714,#1827,#1754,#1851,#1717,#1797,#1793,#1817,#1716,#1802,#1726,#1865,#1725,#1862,#1788,#1852,#1709,#1856,#1752,#1848,#1751,#1774,#1773,#1847,#1741,#1767,#1766,#1844,#1744,#1777,#1769,#1785,#1710,#1763,#1762,#1834,#1731,#1759,#1758,#1869,#1730,#1784,#1733,#1819,#1736,#1746));
#10166=IFCFACEOUTERBOUND(#10165,.T.);
#10167=IFCFACE((#10166));
#10168=IFCPOLYLOOP((#1674,#2619,#2660,#2653,#2672,#2651,#2700,#2650,#2731,#2664,#2735,#2663,#2719,#2684,#2722,#2626,#2718,#2676,#2720,#2658,#2682,#2681,#2727,#2657,#2725,#2688,#2716,#2666,#2785,#2669,#2784,#2625,#2773,#2708,#2769,#2632,#2774,#2640,#2745,#2631,#2741,#2711,#2764,#2633,#2748,#2739,#2752,#2630,#2763,#2710,#2756,#2641,#2760,#2644,#2776,#2638,#2706,#2696,#2714,#2647,#2692,#2670,#2674,#1678,#1675));
#10169=IFCFACEOUTERBOUND(#10168,.T.);
#10170=IFCFACE((#10169));
#10171=IFCPOLYLOOP((#1803,#1859,#1800));
#10172=IFCFACEOUTERBOUND(#10171,.T.);
#10173=IFCFACE((#10172));
#10174=IFCPOLYLOOP((#1746,#1736,#1818));
#10175=IFCFACEOUTERBOUND(#10174,.T.);
#10176=IFCFACE((#10175));
#10177=IFCPOLYLOOP((#1732,#1760,#1782));
#10178=IFCFACEOUTERBOUND(#10177,.T.);
#10179=IFCFACE((#10178));
#10180=IFCPOLYLOOP((#1705,#1706,#1838));
#10181=IFCFACEOUTERBOUND(#10180,.T.);
#10182=IFCFACE((#10181));
#10183=IFCPOLYLOOP((#1780,#1775,#1751));
#10184=IFCFACEOUTERBOUND(#10183,.T.);
#10185=IFCFACE((#10184));
#10186=IFCPOLYLOOP((#1798,#1794,#1799));
#10187=IFCFACEOUTERBOUND(#10186,.T.);
#10188=IFCFACE((#10187));
#10189=IFCPOLYLOOP((#1860,#1724,#1837));
#10190=IFCFACEOUTERBOUND(#10189,.T.);
#10191=IFCFACE((#10190));
#10192=IFCPOLYLOOP((#1708,#1746,#1838));
#10193=IFCFACEOUTERBOUND(#10192,.T.);
#10194=IFCFACE((#10193));
#10195=IFCPOLYLOOP((#1713,#1796,#1787));
#10196=IFCFACEOUTERBOUND(#10195,.T.);
#10197=IFCFACE((#10196));
#10198=IFCPOLYLOOP((#1778,#1777,#1744));
#10199=IFCFACEOUTERBOUND(#10198,.T.);
#10200=IFCFACE((#10199));
#10201=IFCPOLYLOOP((#1871,#1730,#1869));
#10202=IFCFACEOUTERBOUND(#10201,.T.);
#10203=IFCFACE((#10202));
#10204=IFCPOLYLOOP((#1819,#1820,#1736));
#10205=IFCFACEOUTERBOUND(#10204,.T.);
#10206=IFCFACE((#10205));
#10207=IFCPOLYLOOP((#1809,#1806,#1795,#1791,#1792,#1756,#1748,#1749,#1738,#1807,#1739,#1811,#1718,#1816,#1815,#1813,#1810));
#10208=IFCFACEOUTERBOUND(#10207,.T.);
#10209=IFCFACE((#10208));
#10210=IFCPOLYLOOP((#1795,#1806,#1809,#1810,#1813,#1815,#1814,#1715,#1812,#1740,#1808,#1737,#1790,#1747,#1755,#1792,#1791));
#10211=IFCFACEOUTERBOUND(#10210,.T.);
#10212=IFCFACE((#10211));
#10213=IFCPOLYLOOP((#1852,#1853,#1709));
#10214=IFCFACEOUTERBOUND(#10213,.T.);
#10215=IFCFACE((#10214));
#10216=IFCPOLYLOOP((#1708,#1703,#1746));
#10217=IFCFACEOUTERBOUND(#10216,.T.);
#10218=IFCFACE((#10217));
#10219=IFCPOLYLOOP((#595,#1756,#1866));
#10220=IFCFACEOUTERBOUND(#10219,.T.);
#10221=IFCFACE((#10220));
#10222=IFCPOLYLOOP((#1713,#1787,#1722));
#10223=IFCFACEOUTERBOUND(#10222,.T.);
#10224=IFCFACE((#10223));
#10225=IFCPOLYLOOP((#1801,#1723,#1800));
#10226=IFCFACEOUTERBOUND(#10225,.T.);
#10227=IFCFACE((#10226));
#10228=IFCPOLYLOOP((#1829,#1850,#1827));
#10229=IFCFACEOUTERBOUND(#10228,.T.);
#10230=IFCFACE((#10229));
#10231=IFCPOLYLOOP((#1787,#1826,#1722));
#10232=IFCFACEOUTERBOUND(#10231,.T.);
#10233=IFCFACE((#10232));
#10234=IFCPOLYLOOP((#1787,#1796,#1717));
#10235=IFCFACEOUTERBOUND(#10234,.T.);
#10236=IFCFACE((#10235));
#10237=IFCPOLYLOOP((#1828,#1829,#1832));
#10238=IFCFACEOUTERBOUND(#10237,.T.);
#10239=IFCFACE((#10238));
#10240=IFCPOLYLOOP((#1853,#1789,#1711));
#10241=IFCFACEOUTERBOUND(#10240,.T.);
#10242=IFCFACE((#10241));
#10243=IFCPOLYLOOP((#1720,#1804,#1805));
#10244=IFCFACEOUTERBOUND(#10243,.T.);
#10245=IFCFACE((#10244));
#10246=IFCPOLYLOOP((#1720,#1805,#1803));
#10247=IFCFACEOUTERBOUND(#10246,.T.);
#10248=IFCFACE((#10247));
#10249=IFCPOLYLOOP((#1736,#1820,#1818));
#10250=IFCFACEOUTERBOUND(#10249,.T.);
#10251=IFCFACE((#10250));
#10252=IFCPOLYLOOP((#1758,#1870,#1869));
#10253=IFCFACEOUTERBOUND(#10252,.T.);
#10254=IFCFACE((#10253));
#10255=IFCPOLYLOOP((#1731,#1782,#1760));
#10256=IFCFACEOUTERBOUND(#10255,.T.);
#10257=IFCFACE((#10256));
#10258=IFCPOLYLOOP((#1710,#1786,#1764));
#10259=IFCFACEOUTERBOUND(#10258,.T.);
#10260=IFCFACE((#10259));
#10261=IFCPOLYLOOP((#1824,#1783,#1823));
#10262=IFCFACEOUTERBOUND(#10261,.T.);
#10263=IFCFACE((#10262));
#10264=IFCPOLYLOOP((#1707,#1708,#1838));
#10265=IFCFACEOUTERBOUND(#10264,.T.);
#10266=IFCFACE((#10265));
#10267=IFCPOLYLOOP((#1838,#1704,#1705));
#10268=IFCFACEOUTERBOUND(#10267,.T.);
#10269=IFCFACE((#10268));
#10270=IFCPOLYLOOP((#594,#1704,#1745));
#10271=IFCFACEOUTERBOUND(#10270,.T.);
#10272=IFCFACE((#10271));
#10273=IFCPOLYLOOP((#1760,#1759,#1731));
#10274=IFCFACEOUTERBOUND(#10273,.T.);
#10275=IFCFACE((#10274));
#10276=IFCPOLYLOOP((#1779,#1768,#1741));
#10277=IFCFACEOUTERBOUND(#10276,.T.);
#10278=IFCFACE((#10277));
#10279=IFCPOLYLOOP((#1711,#1854,#1857));
#10280=IFCFACEOUTERBOUND(#10279,.T.);
#10281=IFCFACE((#10280));
#10282=IFCPOLYLOOP((#1781,#1743,#1778));
#10283=IFCFACEOUTERBOUND(#10282,.T.);
#10284=IFCFACE((#10283));
#10285=IFCPOLYLOOP((#1786,#1710,#1785));
#10286=IFCFACEOUTERBOUND(#10285,.T.);
#10287=IFCFACE((#10286));
#10288=IFCPOLYLOOP((#1735,#1745,#1818));
#10289=IFCFACEOUTERBOUND(#10288,.T.);
#10290=IFCFACE((#10289));
#10291=IFCPOLYLOOP((#1818,#1838,#1746));
#10292=IFCFACEOUTERBOUND(#10291,.T.);
#10293=IFCFACE((#10292));
#10294=IFCPOLYLOOP((#1792,#1866,#1756));
#10295=IFCFACEOUTERBOUND(#10294,.T.);
#10296=IFCFACE((#10295));
#10297=IFCPOLYLOOP((#1858,#1849,#1780));
#10298=IFCFACEOUTERBOUND(#10297,.T.);
#10299=IFCFACE((#10298));
#10300=IFCPOLYLOOP((#1768,#1779,#1742));
#10301=IFCFACEOUTERBOUND(#10300,.T.);
#10302=IFCFACE((#10301));
#10303=IFCPOLYLOOP((#1775,#1780,#1750));
#10304=IFCFACEOUTERBOUND(#10303,.T.);
#10305=IFCFACE((#10304));
#10306=IFCPOLYLOOP((#1855,#1854,#1753));
#10307=IFCFACEOUTERBOUND(#10306,.T.);
#10308=IFCFACE((#10307));
#10309=IFCPOLYLOOP((#1827,#1850,#1754));
#10310=IFCFACEOUTERBOUND(#10309,.T.);
#10311=IFCFACE((#10310));
#10312=IFCPOLYLOOP((#1702,#1701,#1866));
#10313=IFCFACEOUTERBOUND(#10312,.T.);
#10314=IFCFACE((#10313));
#10315=IFCPOLYLOOP((#1872,#1730,#1871));
#10316=IFCFACEOUTERBOUND(#10315,.T.);
#10317=IFCFACE((#10316));
#10318=IFCPOLYLOOP((#1760,#1873,#1759));
#10319=IFCFACEOUTERBOUND(#10318,.T.);
#10320=IFCFACE((#10319));
#10321=IFCPOLYLOOP((#1760,#1732,#1846));
#10322=IFCFACEOUTERBOUND(#10321,.T.);
#10323=IFCFACE((#10322));
#10324=IFCPOLYLOOP((#1873,#1757,#1870));
#10325=IFCFACEOUTERBOUND(#10324,.T.);
#10326=IFCFACE((#10325));
#10327=IFCPOLYLOOP((#1764,#1763,#1710));
#10328=IFCFACEOUTERBOUND(#10327,.T.);
#10329=IFCFACE((#10328));
#10330=IFCPOLYLOOP((#1835,#1782,#1875));
#10331=IFCFACEOUTERBOUND(#10330,.T.);
#10332=IFCFACE((#10331));
#10333=IFCPOLYLOOP((#1763,#1764,#1874));
#10334=IFCFACEOUTERBOUND(#10333,.T.);
#10335=IFCFACE((#10334));
#10336=IFCPOLYLOOP((#1764,#1712,#1839));
#10337=IFCFACEOUTERBOUND(#10336,.T.);
#10338=IFCFACE((#10337));
#10339=IFCPOLYLOOP((#1764,#1839,#1874));
#10340=IFCFACEOUTERBOUND(#10339,.T.);
#10341=IFCFACE((#10340));
#10342=IFCPOLYLOOP((#1768,#1767,#1741));
#10343=IFCFACEOUTERBOUND(#10342,.T.);
#10344=IFCFACE((#10343));
#10345=IFCPOLYLOOP((#1845,#1781,#1877));
#10346=IFCFACEOUTERBOUND(#10345,.T.);
#10347=IFCFACE((#10346));
#10348=IFCPOLYLOOP((#1767,#1768,#1876));
#10349=IFCFACEOUTERBOUND(#10348,.T.);
#10350=IFCFACE((#10349));
#10351=IFCPOLYLOOP((#1768,#1742,#1840));
#10352=IFCFACEOUTERBOUND(#10351,.T.);
#10353=IFCFACE((#10352));
#10354=IFCPOLYLOOP((#1768,#1840,#1876));
#10355=IFCFACEOUTERBOUND(#10354,.T.);
#10356=IFCFACE((#10355));
#10357=IFCPOLYLOOP((#1776,#1771,#1786));
#10358=IFCFACEOUTERBOUND(#10357,.T.);
#10359=IFCFACE((#10358));
#10360=IFCPOLYLOOP((#1777,#1842,#1769));
#10361=IFCFACEOUTERBOUND(#10360,.T.);
#10362=IFCFACE((#10361));
#10363=IFCPOLYLOOP((#1776,#1770,#1771));
#10364=IFCFACEOUTERBOUND(#10363,.T.);
#10365=IFCFACE((#10364));
#10366=IFCPOLYLOOP((#1775,#1774,#1751));
#10367=IFCFACEOUTERBOUND(#10366,.T.);
#10368=IFCFACE((#10367));
#10369=IFCPOLYLOOP((#1843,#1779,#1879));
#10370=IFCFACEOUTERBOUND(#10369,.T.);
#10371=IFCFACE((#10370));
#10372=IFCPOLYLOOP((#1774,#1775,#1878));
#10373=IFCFACEOUTERBOUND(#10372,.T.);
#10374=IFCFACE((#10373));
#10375=IFCPOLYLOOP((#1775,#1750,#1833));
#10376=IFCFACEOUTERBOUND(#10375,.T.);
#10377=IFCFACE((#10376));
#10378=IFCPOLYLOOP((#1775,#1833,#1878));
#10379=IFCFACEOUTERBOUND(#10378,.T.);
#10380=IFCFACE((#10379));
#10381=IFCPOLYLOOP((#1712,#1764,#1786));
#10382=IFCFACEOUTERBOUND(#10381,.T.);
#10383=IFCFACE((#10382));
#10384=IFCPOLYLOOP((#1778,#1744,#1781));
#10385=IFCFACEOUTERBOUND(#10384,.T.);
#10386=IFCFACE((#10385));
#10387=IFCPOLYLOOP((#1778,#1842,#1777));
#10388=IFCFACEOUTERBOUND(#10387,.T.);
#10389=IFCFACE((#10388));
#10390=IFCPOLYLOOP((#1778,#1743,#1841));
#10391=IFCFACEOUTERBOUND(#10390,.T.);
#10392=IFCFACE((#10391));
#10393=IFCPOLYLOOP((#1776,#1842,#1770));
#10394=IFCFACEOUTERBOUND(#10393,.T.);
#10395=IFCFACE((#10394));
#10396=IFCPOLYLOOP((#1779,#1741,#1847));
#10397=IFCFACEOUTERBOUND(#10396,.T.);
#10398=IFCFACE((#10397));
#10399=IFCPOLYLOOP((#1877,#1766,#1876));
#10400=IFCFACEOUTERBOUND(#10399,.T.);
#10401=IFCFACE((#10400));
#10402=IFCPOLYLOOP((#1780,#1751,#1848));
#10403=IFCFACEOUTERBOUND(#10402,.T.);
#10404=IFCFACE((#10403));
#10405=IFCPOLYLOOP((#1721,#1850,#1829));
#10406=IFCFACEOUTERBOUND(#10405,.T.);
#10407=IFCFACE((#10406));
#10408=IFCPOLYLOOP((#1781,#1744,#1844));
#10409=IFCFACEOUTERBOUND(#10408,.T.);
#10410=IFCFACE((#10409));
#10411=IFCPOLYLOOP((#1752,#1855,#1858));
#10412=IFCFACEOUTERBOUND(#10411,.T.);
#10413=IFCFACE((#10412));
#10414=IFCPOLYLOOP((#1782,#1731,#1834));
#10415=IFCFACEOUTERBOUND(#10414,.T.);
#10416=IFCFACE((#10415));
#10417=IFCPOLYLOOP((#1836,#1727,#1837));
#10418=IFCFACEOUTERBOUND(#10417,.T.);
#10419=IFCFACE((#10418));
#10420=IFCPOLYLOOP((#1733,#1784,#1823));
#10421=IFCFACEOUTERBOUND(#10420,.T.);
#10422=IFCFACE((#10421));
#10423=IFCPOLYLOOP((#1823,#1821,#1733));
#10424=IFCFACEOUTERBOUND(#10423,.T.);
#10425=IFCFACE((#10424));
#10426=IFCPOLYLOOP((#1712,#1786,#1771));
#10427=IFCFACEOUTERBOUND(#10426,.T.);
#10428=IFCFACE((#10427));
#10429=IFCPOLYLOOP((#1785,#1769,#1776));
#10430=IFCFACEOUTERBOUND(#10429,.T.);
#10431=IFCFACE((#10430));
#10432=IFCPOLYLOOP((#1785,#1776,#1786));
#10433=IFCFACEOUTERBOUND(#10432,.T.);
#10434=IFCFACE((#10433));
#10435=IFCPOLYLOOP((#1826,#1851,#1754));
#10436=IFCFACEOUTERBOUND(#10435,.T.);
#10437=IFCFACE((#10436));
#10438=IFCPOLYLOOP((#1851,#1826,#1787));
#10439=IFCFACEOUTERBOUND(#10438,.T.);
#10440=IFCFACE((#10439));
#10441=IFCPOLYLOOP((#1728,#1789,#1863));
#10442=IFCFACEOUTERBOUND(#10441,.T.);
#10443=IFCFACE((#10442));
#10444=IFCPOLYLOOP((#1728,#1863,#1867));
#10445=IFCFACEOUTERBOUND(#10444,.T.);
#10446=IFCFACE((#10445));
#10447=IFCPOLYLOOP((#1866,#1792,#1755));
#10448=IFCFACEOUTERBOUND(#10447,.T.);
#10449=IFCFACE((#10448));
#10450=IFCPOLYLOOP((#1799,#1793,#1798));
#10451=IFCFACEOUTERBOUND(#10450,.T.);
#10452=IFCFACE((#10451));
#10453=IFCPOLYLOOP((#1798,#1796,#1794));
#10454=IFCFACEOUTERBOUND(#10453,.T.);
#10455=IFCFACE((#10454));
#10456=IFCPOLYLOOP((#1713,#1794,#1796));
#10457=IFCFACEOUTERBOUND(#10456,.T.);
#10458=IFCFACE((#10457));
#10459=IFCPOLYLOOP((#1796,#1798,#1797));
#10460=IFCFACEOUTERBOUND(#10459,.T.);
#10461=IFCFACE((#10460));
#10462=IFCPOLYLOOP((#1797,#1798,#1793));
#10463=IFCFACEOUTERBOUND(#10462,.T.);
#10464=IFCFACE((#10463));
#10465=IFCPOLYLOOP((#1797,#1717,#1796));
#10466=IFCFACEOUTERBOUND(#10465,.T.);
#10467=IFCFACE((#10466));
#10468=IFCPOLYLOOP((#1799,#1794,#1723));
#10469=IFCFACEOUTERBOUND(#10468,.T.);
#10470=IFCFACE((#10469));
#10471=IFCPOLYLOOP((#1803,#1802,#1859));
#10472=IFCFACEOUTERBOUND(#10471,.T.);
#10473=IFCFACE((#10472));
#10474=IFCPOLYLOOP((#1801,#1817,#1799));
#10475=IFCFACEOUTERBOUND(#10474,.T.);
#10476=IFCFACE((#10475));
#10477=IFCPOLYLOOP((#1723,#1801,#1799));
#10478=IFCFACEOUTERBOUND(#10477,.T.);
#10479=IFCFACE((#10478));
#10480=IFCPOLYLOOP((#1803,#1800,#1720));
#10481=IFCFACEOUTERBOUND(#10480,.T.);
#10482=IFCFACE((#10481));
#10483=IFCPOLYLOOP((#1818,#1745,#1838));
#10484=IFCFACEOUTERBOUND(#10483,.T.);
#10485=IFCFACE((#10484));
#10486=IFCPOLYLOOP((#1802,#1803,#1726));
#10487=IFCFACEOUTERBOUND(#10486,.T.);
#10488=IFCFACE((#10487));
#10489=IFCPOLYLOOP((#1801,#1859,#1716));
#10490=IFCFACEOUTERBOUND(#10489,.T.);
#10491=IFCFACE((#10490));
#10492=IFCPOLYLOOP((#1861,#1865,#1805));
#10493=IFCFACEOUTERBOUND(#10492,.T.);
#10494=IFCFACE((#10493));
#10495=IFCPOLYLOOP((#1702,#1866,#1755));
#10496=IFCFACEOUTERBOUND(#10495,.T.);
#10497=IFCFACE((#10496));
#10498=IFCPOLYLOOP((#1803,#1805,#1726));
#10499=IFCFACEOUTERBOUND(#10498,.T.);
#10500=IFCFACE((#10499));
#10501=IFCPOLYLOOP((#1805,#1804,#1861));
#10502=IFCFACEOUTERBOUND(#10501,.T.);
#10503=IFCFACE((#10502));
#10504=IFCPOLYLOOP((#1815,#1816,#1836));
#10505=IFCFACEOUTERBOUND(#10504,.T.);
#10506=IFCFACE((#10505));
#10507=IFCPOLYLOOP((#1724,#1814,#1836));
#10508=IFCFACEOUTERBOUND(#10507,.T.);
#10509=IFCFACE((#10508));
#10510=IFCPOLYLOOP((#1816,#1727,#1836));
#10511=IFCFACEOUTERBOUND(#10510,.T.);
#10512=IFCFACE((#10511));
#10513=IFCPOLYLOOP((#1817,#1801,#1716));
#10514=IFCFACEOUTERBOUND(#10513,.T.);
#10515=IFCFACE((#10514));
#10516=IFCPOLYLOOP((#1817,#1793,#1799));
#10517=IFCFACEOUTERBOUND(#10516,.T.);
#10518=IFCFACE((#10517));
#10519=IFCPOLYLOOP((#1820,#1734,#1735));
#10520=IFCFACEOUTERBOUND(#10519,.T.);
#10521=IFCFACE((#10520));
#10522=IFCPOLYLOOP((#1820,#1821,#1734));
#10523=IFCFACEOUTERBOUND(#10522,.T.);
#10524=IFCFACE((#10523));
#10525=IFCPOLYLOOP((#1818,#1820,#1735));
#10526=IFCFACEOUTERBOUND(#10525,.T.);
#10527=IFCFACE((#10526));
#10528=IFCPOLYLOOP((#1820,#1819,#1821));
#10529=IFCFACEOUTERBOUND(#10528,.T.);
#10530=IFCFACE((#10529));
#10531=IFCPOLYLOOP((#1819,#1733,#1821));
#10532=IFCFACEOUTERBOUND(#10531,.T.);
#10533=IFCFACE((#10532));
#10534=IFCPOLYLOOP((#1783,#1822,#1823));
#10535=IFCFACEOUTERBOUND(#10534,.T.);
#10536=IFCFACE((#10535));
#10537=IFCPOLYLOOP((#1823,#1822,#1821));
#10538=IFCFACEOUTERBOUND(#10537,.T.);
#10539=IFCFACE((#10538));
#10540=IFCPOLYLOOP((#1822,#1734,#1821));
#10541=IFCFACEOUTERBOUND(#10540,.T.);
#10542=IFCFACE((#10541));
#10543=IFCPOLYLOOP((#1824,#1823,#1784));
#10544=IFCFACEOUTERBOUND(#10543,.T.);
#10545=IFCFACE((#10544));
#10546=IFCPOLYLOOP((#1730,#1824,#1784));
#10547=IFCFACEOUTERBOUND(#10546,.T.);
#10548=IFCFACE((#10547));
#10549=IFCPOLYLOOP((#1872,#1825,#1824));
#10550=IFCFACEOUTERBOUND(#10549,.T.);
#10551=IFCFACE((#10550));
#10552=IFCPOLYLOOP((#1832,#1829,#1714));
#10553=IFCFACEOUTERBOUND(#10552,.T.);
#10554=IFCFACE((#10553));
#10555=IFCPOLYLOOP((#1825,#1783,#1824));
#10556=IFCFACEOUTERBOUND(#10555,.T.);
#10557=IFCFACE((#10556));
#10558=IFCPOLYLOOP((#1721,#1722,#1826));
#10559=IFCFACEOUTERBOUND(#10558,.T.);
#10560=IFCFACE((#10559));
#10561=IFCPOLYLOOP((#1827,#1714,#1829));
#10562=IFCFACEOUTERBOUND(#10561,.T.);
#10563=IFCFACE((#10562));
#10564=IFCPOLYLOOP((#1832,#1719,#1828));
#10565=IFCFACEOUTERBOUND(#10564,.T.);
#10566=IFCFACE((#10565));
#10567=IFCPOLYLOOP((#1721,#1826,#1850));
#10568=IFCFACEOUTERBOUND(#10567,.T.);
#10569=IFCFACE((#10568));
#10570=IFCPOLYLOOP((#1721,#1829,#1828));
#10571=IFCFACEOUTERBOUND(#10570,.T.);
#10572=IFCFACE((#10571));
#10573=IFCPOLYLOOP((#1714,#1830,#1832));
#10574=IFCFACEOUTERBOUND(#10573,.T.);
#10575=IFCFACE((#10574));
#10576=IFCPOLYLOOP((#1836,#1837,#1724));
#10577=IFCFACEOUTERBOUND(#10576,.T.);
#10578=IFCFACE((#10577));
#10579=IFCPOLYLOOP((#1860,#1719,#1832));
#10580=IFCFACEOUTERBOUND(#10579,.T.);
#10581=IFCFACE((#10580));
#10582=IFCPOLYLOOP((#1832,#1830,#1860));
#10583=IFCFACEOUTERBOUND(#10582,.T.);
#10584=IFCFACE((#10583));
#10585=IFCPOLYLOOP((#1875,#1762,#1874));
#10586=IFCFACEOUTERBOUND(#10585,.T.);
#10587=IFCFACE((#10586));
#10588=IFCPOLYLOOP((#1878,#1833,#1772));
#10589=IFCFACEOUTERBOUND(#10588,.T.);
#10590=IFCFACE((#10589));
#10591=IFCPOLYLOOP((#1875,#1834,#1762));
#10592=IFCFACEOUTERBOUND(#10591,.T.);
#10593=IFCFACE((#10592));
#10594=IFCPOLYLOOP((#1835,#1732,#1782));
#10595=IFCFACEOUTERBOUND(#10594,.T.);
#10596=IFCFACE((#10595));
#10597=IFCPOLYLOOP((#1815,#1836,#1814));
#10598=IFCFACEOUTERBOUND(#10597,.T.);
#10599=IFCFACE((#10598));
#10600=IFCPOLYLOOP((#1727,#1831,#1837));
#10601=IFCFACEOUTERBOUND(#10600,.T.);
#10602=IFCFACE((#10601));
#10603=IFCPOLYLOOP((#1860,#1837,#1831));
#10604=IFCFACEOUTERBOUND(#10603,.T.);
#10605=IFCFACE((#10604));
#10606=IFCPOLYLOOP((#1838,#1745,#1704));
#10607=IFCFACEOUTERBOUND(#10606,.T.);
#10608=IFCFACE((#10607));
#10609=IFCPOLYLOOP((#1838,#1706,#1707));
#10610=IFCFACEOUTERBOUND(#10609,.T.);
#10611=IFCFACE((#10610));
#10612=IFCPOLYLOOP((#1842,#1776,#1769));
#10613=IFCFACEOUTERBOUND(#10612,.T.);
#10614=IFCFACE((#10613));
#10615=IFCPOLYLOOP((#1874,#1839,#1761));
#10616=IFCFACEOUTERBOUND(#10615,.T.);
#10617=IFCFACE((#10616));
#10618=IFCPOLYLOOP((#1876,#1840,#1765));
#10619=IFCFACEOUTERBOUND(#10618,.T.);
#10620=IFCFACE((#10619));
#10621=IFCPOLYLOOP((#1842,#1841,#1770));
#10622=IFCFACEOUTERBOUND(#10621,.T.);
#10623=IFCFACE((#10622));
#10624=IFCPOLYLOOP((#1841,#1842,#1778));
#10625=IFCFACEOUTERBOUND(#10624,.T.);
#10626=IFCFACE((#10625));
#10627=IFCPOLYLOOP((#1879,#1773,#1878));
#10628=IFCFACEOUTERBOUND(#10627,.T.);
#10629=IFCFACE((#10628));
#10630=IFCPOLYLOOP((#1843,#1742,#1779));
#10631=IFCFACEOUTERBOUND(#10630,.T.);
#10632=IFCFACE((#10631));
#10633=IFCPOLYLOOP((#1877,#1844,#1766));
#10634=IFCFACEOUTERBOUND(#10633,.T.);
#10635=IFCFACE((#10634));
#10636=IFCPOLYLOOP((#1845,#1743,#1781));
#10637=IFCFACEOUTERBOUND(#10636,.T.);
#10638=IFCFACE((#10637));
#10639=IFCPOLYLOOP((#1873,#1846,#1757));
#10640=IFCFACEOUTERBOUND(#10639,.T.);
#10641=IFCFACE((#10640));
#10642=IFCPOLYLOOP((#1879,#1847,#1773));
#10643=IFCFACEOUTERBOUND(#10642,.T.);
#10644=IFCFACE((#10643));
#10645=IFCPOLYLOOP((#1858,#1848,#1752));
#10646=IFCFACEOUTERBOUND(#10645,.T.);
#10647=IFCFACE((#10646));
#10648=IFCPOLYLOOP((#1849,#1750,#1780));
#10649=IFCFACEOUTERBOUND(#10648,.T.);
#10650=IFCFACE((#10649));
#10651=IFCPOLYLOOP((#1754,#1850,#1826));
#10652=IFCFACEOUTERBOUND(#10651,.T.);
#10653=IFCFACE((#10652));
#10654=IFCPOLYLOOP((#1787,#1717,#1851));
#10655=IFCFACEOUTERBOUND(#10654,.T.);
#10656=IFCFACE((#10655));
#10657=IFCPOLYLOOP((#1852,#1788,#1864));
#10658=IFCFACEOUTERBOUND(#10657,.T.);
#10659=IFCFACE((#10658));
#10660=IFCPOLYLOOP((#1864,#1788,#1863));
#10661=IFCFACEOUTERBOUND(#10660,.T.);
#10662=IFCFACE((#10661));
#10663=IFCPOLYLOOP((#1855,#1753,#1858));
#10664=IFCFACEOUTERBOUND(#10663,.T.);
#10665=IFCFACE((#10664));
#10666=IFCPOLYLOOP((#1855,#1857,#1854));
#10667=IFCFACEOUTERBOUND(#10666,.T.);
#10668=IFCFACE((#10667));
#10669=IFCPOLYLOOP((#1855,#1752,#1856));
#10670=IFCFACEOUTERBOUND(#10669,.T.);
#10671=IFCFACE((#10670));
#10672=IFCPOLYLOOP((#1853,#1857,#1709));
#10673=IFCFACEOUTERBOUND(#10672,.T.);
#10674=IFCFACE((#10673));
#10675=IFCPOLYLOOP((#1857,#1853,#1711));
#10676=IFCFACEOUTERBOUND(#10675,.T.);
#10677=IFCFACE((#10676));
#10678=IFCPOLYLOOP((#1857,#1856,#1709));
#10679=IFCFACEOUTERBOUND(#10678,.T.);
#10680=IFCFACE((#10679));
#10681=IFCPOLYLOOP((#1856,#1857,#1855));
#10682=IFCFACEOUTERBOUND(#10681,.T.);
#10683=IFCFACE((#10682));
#10684=IFCPOLYLOOP((#1849,#1858,#1753));
#10685=IFCFACEOUTERBOUND(#10684,.T.);
#10686=IFCFACE((#10685));
#10687=IFCPOLYLOOP((#1858,#1780,#1848));
#10688=IFCFACEOUTERBOUND(#10687,.T.);
#10689=IFCFACE((#10688));
#10690=IFCPOLYLOOP((#1716,#1859,#1802));
#10691=IFCFACEOUTERBOUND(#10690,.T.);
#10692=IFCFACE((#10691));
#10693=IFCPOLYLOOP((#1800,#1859,#1801));
#10694=IFCFACEOUTERBOUND(#10693,.T.);
#10695=IFCFACE((#10694));
#10696=IFCPOLYLOOP((#1860,#1831,#1719));
#10697=IFCFACEOUTERBOUND(#10696,.T.);
#10698=IFCFACE((#10697));
#10699=IFCPOLYLOOP((#1724,#1860,#1830));
#10700=IFCFACEOUTERBOUND(#10699,.T.);
#10701=IFCFACE((#10700));
#10702=IFCPOLYLOOP((#1804,#1728,#1861));
#10703=IFCFACEOUTERBOUND(#10702,.T.);
#10704=IFCFACE((#10703));
#10705=IFCPOLYLOOP((#1862,#1867,#1863));
#10706=IFCFACEOUTERBOUND(#10705,.T.);
#10707=IFCFACE((#10706));
#10708=IFCPOLYLOOP((#1862,#1863,#1788));
#10709=IFCFACEOUTERBOUND(#10708,.T.);
#10710=IFCFACE((#10709));
#10711=IFCPOLYLOOP((#1861,#1867,#1725));
#10712=IFCFACEOUTERBOUND(#10711,.T.);
#10713=IFCFACE((#10712));
#10714=IFCPOLYLOOP((#1864,#1789,#1853));
#10715=IFCFACEOUTERBOUND(#10714,.T.);
#10716=IFCFACE((#10715));
#10717=IFCPOLYLOOP((#1789,#1864,#1863));
#10718=IFCFACEOUTERBOUND(#10717,.T.);
#10719=IFCFACE((#10718));
#10720=IFCPOLYLOOP((#1852,#1864,#1853));
#10721=IFCFACEOUTERBOUND(#10720,.T.);
#10722=IFCFACE((#10721));
#10723=IFCPOLYLOOP((#1865,#1861,#1725));
#10724=IFCFACEOUTERBOUND(#10723,.T.);
#10725=IFCFACE((#10724));
#10726=IFCPOLYLOOP((#1865,#1726,#1805));
#10727=IFCFACEOUTERBOUND(#10726,.T.);
#10728=IFCFACE((#10727));
#10729=IFCPOLYLOOP((#1866,#1701,#595));
#10730=IFCFACEOUTERBOUND(#10729,.T.);
#10731=IFCFACE((#10730));
#10732=IFCPOLYLOOP((#1725,#1867,#1862));
#10733=IFCFACEOUTERBOUND(#10732,.T.);
#10734=IFCFACE((#10733));
#10735=IFCPOLYLOOP((#1728,#1867,#1861));
#10736=IFCFACEOUTERBOUND(#10735,.T.);
#10737=IFCFACE((#10736));
#10738=IFCPOLYLOOP((#1757,#1868,#1870));
#10739=IFCFACEOUTERBOUND(#10738,.T.);
#10740=IFCFACE((#10739));
#10741=IFCPOLYLOOP((#1868,#1871,#1870));
#10742=IFCFACEOUTERBOUND(#10741,.T.);
#10743=IFCFACE((#10742));
#10744=IFCPOLYLOOP((#1868,#1729,#1871));
#10745=IFCFACEOUTERBOUND(#10744,.T.);
#10746=IFCFACE((#10745));
#10747=IFCPOLYLOOP((#1758,#1759,#1873));
#10748=IFCFACEOUTERBOUND(#10747,.T.);
#10749=IFCFACE((#10748));
#10750=IFCPOLYLOOP((#1870,#1871,#1869));
#10751=IFCFACEOUTERBOUND(#10750,.T.);
#10752=IFCFACE((#10751));
#10753=IFCPOLYLOOP((#1729,#1825,#1872));
#10754=IFCFACEOUTERBOUND(#10753,.T.);
#10755=IFCFACE((#10754));
#10756=IFCPOLYLOOP((#1730,#1872,#1824));
#10757=IFCFACEOUTERBOUND(#10756,.T.);
#10758=IFCFACE((#10757));
#10759=IFCPOLYLOOP((#1729,#1872,#1871));
#10760=IFCFACEOUTERBOUND(#10759,.T.);
#10761=IFCFACE((#10760));
#10762=IFCPOLYLOOP((#1873,#1870,#1758));
#10763=IFCFACEOUTERBOUND(#10762,.T.);
#10764=IFCFACE((#10763));
#10765=IFCPOLYLOOP((#1846,#1873,#1760));
#10766=IFCFACEOUTERBOUND(#10765,.T.);
#10767=IFCFACE((#10766));
#10768=IFCPOLYLOOP((#1761,#1835,#1875));
#10769=IFCFACEOUTERBOUND(#10768,.T.);
#10770=IFCFACE((#10769));
#10771=IFCPOLYLOOP((#1763,#1874,#1762));
#10772=IFCFACEOUTERBOUND(#10771,.T.);
#10773=IFCFACE((#10772));
#10774=IFCPOLYLOOP((#1875,#1874,#1761));
#10775=IFCFACEOUTERBOUND(#10774,.T.);
#10776=IFCFACE((#10775));
#10777=IFCPOLYLOOP((#1834,#1875,#1782));
#10778=IFCFACEOUTERBOUND(#10777,.T.);
#10779=IFCFACE((#10778));
#10780=IFCPOLYLOOP((#1765,#1845,#1877));
#10781=IFCFACEOUTERBOUND(#10780,.T.);
#10782=IFCFACE((#10781));
#10783=IFCPOLYLOOP((#1767,#1876,#1766));
#10784=IFCFACEOUTERBOUND(#10783,.T.);
#10785=IFCFACE((#10784));
#10786=IFCPOLYLOOP((#1877,#1876,#1765));
#10787=IFCFACEOUTERBOUND(#10786,.T.);
#10788=IFCFACE((#10787));
#10789=IFCPOLYLOOP((#1844,#1877,#1781));
#10790=IFCFACEOUTERBOUND(#10789,.T.);
#10791=IFCFACE((#10790));
#10792=IFCPOLYLOOP((#1772,#1843,#1879));
#10793=IFCFACEOUTERBOUND(#10792,.T.);
#10794=IFCFACE((#10793));
#10795=IFCPOLYLOOP((#1774,#1878,#1773));
#10796=IFCFACEOUTERBOUND(#10795,.T.);
#10797=IFCFACE((#10796));
#10798=IFCPOLYLOOP((#1879,#1878,#1772));
#10799=IFCFACEOUTERBOUND(#10798,.T.);
#10800=IFCFACE((#10799));
#10801=IFCPOLYLOOP((#1847,#1879,#1779));
#10802=IFCFACEOUTERBOUND(#10801,.T.);
#10803=IFCFACE((#10802));
#10804=IFCPOLYLOOP((#1882,#1925,#1881));
#10805=IFCFACEOUTERBOUND(#10804,.T.);
#10806=IFCFACE((#10805));
#10807=IFCPOLYLOOP((#1885,#597,#1891));
#10808=IFCFACEOUTERBOUND(#10807,.T.);
#10809=IFCFACE((#10808));
#10810=IFCPOLYLOOP((#1932,#1939,#1900));
#10811=IFCFACEOUTERBOUND(#10810,.T.);
#10812=IFCFACE((#10811));
#10813=IFCPOLYLOOP((#1947,#1922,#1963));
#10814=IFCFACEOUTERBOUND(#10813,.T.);
#10815=IFCFACE((#10814));
#10816=IFCPOLYLOOP((#1884,#1885,#1891));
#10817=IFCFACEOUTERBOUND(#10816,.T.);
#10818=IFCFACE((#10817));
#10819=IFCPOLYLOOP((#1700,#1699,#1934,#1926,#1935));
#10820=IFCFACEOUTERBOUND(#10819,.T.);
#10821=IFCFACE((#10820));
#10822=IFCPOLYLOOP((#2004,#2003,#2006));
#10823=IFCFACEOUTERBOUND(#10822,.T.);
#10824=IFCFACE((#10823));
#10825=IFCPOLYLOOP((#2048,#1907,#2034));
#10826=IFCFACEOUTERBOUND(#10825,.T.);
#10827=IFCFACE((#10826));
#10828=IFCPOLYLOOP((#1950,#1930,#1931));
#10829=IFCFACEOUTERBOUND(#10828,.T.);
#10830=IFCFACE((#10829));
#10831=IFCPOLYLOOP((#1925,#1880,#1881));
#10832=IFCFACEOUTERBOUND(#10831,.T.);
#10833=IFCFACE((#10832));
#10834=IFCPOLYLOOP((#1996,#1895,#1995));
#10835=IFCFACEOUTERBOUND(#10834,.T.);
#10836=IFCFACE((#10835));
#10837=IFCPOLYLOOP((#1883,#1884,#1891));
#10838=IFCFACEOUTERBOUND(#10837,.T.);
#10839=IFCFACE((#10838));
#10840=IFCPOLYLOOP((#1924,#1925,#1927));
#10841=IFCFACEOUTERBOUND(#10840,.T.);
#10842=IFCFACE((#10841));
#10843=IFCPOLYLOOP((#1951,#1971,#1972));
#10844=IFCFACEOUTERBOUND(#10843,.T.);
#10845=IFCFACE((#10844));
#10846=IFCPOLYLOOP((#1979,#1888,#1982));
#10847=IFCFACEOUTERBOUND(#10846,.T.);
#10848=IFCFACE((#10847));
#10849=IFCPOLYLOOP((#1927,#1925,#1882));
#10850=IFCFACEOUTERBOUND(#10849,.T.);
#10851=IFCFACE((#10850));
#10852=IFCPOLYLOOP((#1989,#1990,#1987));
#10853=IFCFACEOUTERBOUND(#10852,.T.);
#10854=IFCFACE((#10853));
#10855=IFCPOLYLOOP((#1984,#1981,#1977));
#10856=IFCFACEOUTERBOUND(#10855,.T.);
#10857=IFCFACE((#10856));
#10858=IFCPOLYLOOP((#1903,#2030,#2032));
#10859=IFCFACEOUTERBOUND(#10858,.T.);
#10860=IFCFACE((#10859));
#10861=IFCPOLYLOOP((#1973,#1975,#1972));
#10862=IFCFACEOUTERBOUND(#10861,.T.);
#10863=IFCFACE((#10862));
#10864=IFCPOLYLOOP((#2012,#2013,#1914));
#10865=IFCFACEOUTERBOUND(#10864,.T.);
#10866=IFCFACE((#10865));
#10867=IFCPOLYLOOP((#1933,#1941,#1939));
#10868=IFCFACEOUTERBOUND(#10867,.T.);
#10869=IFCFACE((#10868));
#10870=IFCPOLYLOOP((#1957,#1949,#1956));
#10871=IFCFACEOUTERBOUND(#10870,.T.);
#10872=IFCFACE((#10871));
#10873=IFCPOLYLOOP((#1948,#1975,#1973));
#10874=IFCFACEOUTERBOUND(#10873,.T.);
#10875=IFCFACE((#10874));
#10876=IFCPOLYLOOP((#1960,#1961,#2048));
#10877=IFCFACEOUTERBOUND(#10876,.T.);
#10878=IFCFACE((#10877));
#10879=IFCPOLYLOOP((#2013,#2014,#2019));
#10880=IFCFACEOUTERBOUND(#10879,.T.);
#10881=IFCFACE((#10880));
#10882=IFCPOLYLOOP((#1984,#1976,#2008));
#10883=IFCFACEOUTERBOUND(#10882,.T.);
#10884=IFCFACE((#10883));
#10885=IFCPOLYLOOP((#1943,#1944,#1983));
#10886=IFCFACEOUTERBOUND(#10885,.T.);
#10887=IFCFACE((#10886));
#10888=IFCPOLYLOOP((#1985,#1958,#1961));
#10889=IFCFACEOUTERBOUND(#10888,.T.);
#10890=IFCFACE((#10889));
#10891=IFCPOLYLOOP((#1923,#2010,#1938));
#10892=IFCFACEOUTERBOUND(#10891,.T.);
#10893=IFCFACE((#10892));
#10894=IFCPOLYLOOP((#1986,#1910,#1969));
#10895=IFCFACEOUTERBOUND(#10894,.T.);
#10896=IFCFACE((#10895));
#10897=IFCPOLYLOOP((#2002,#2004,#1893));
#10898=IFCFACEOUTERBOUND(#10897,.T.);
#10899=IFCFACE((#10898));
#10900=IFCPOLYLOOP((#1911,#2028,#2027));
#10901=IFCFACEOUTERBOUND(#10900,.T.);
#10902=IFCFACE((#10901));
#10903=IFCPOLYLOOP((#1956,#1954,#1965));
#10904=IFCFACEOUTERBOUND(#10903,.T.);
#10905=IFCFACE((#10904));
#10906=IFCPOLYLOOP((#1995,#1913,#1992));
#10907=IFCFACEOUTERBOUND(#10906,.T.);
#10908=IFCFACE((#10907));
#10909=IFCPOLYLOOP((#1909,#2003,#2004));
#10910=IFCFACEOUTERBOUND(#10909,.T.);
#10911=IFCFACE((#10910));
#10912=IFCPOLYLOOP((#2042,#2041,#2040));
#10913=IFCFACEOUTERBOUND(#10912,.T.);
#10914=IFCFACE((#10913));
#10915=IFCPOLYLOOP((#1903,#2029,#2030));
#10916=IFCFACEOUTERBOUND(#10915,.T.);
#10917=IFCFACE((#10916));
#10918=IFCPOLYLOOP((#1930,#1950,#1951));
#10919=IFCFACEOUTERBOUND(#10918,.T.);
#10920=IFCFACE((#10919));
#10921=IFCPOLYLOOP((#2018,#1945,#2017));
#10922=IFCFACEOUTERBOUND(#10921,.T.);
#10923=IFCFACE((#10922));
#10924=IFCPOLYLOOP((#2029,#1903,#2027));
#10925=IFCFACEOUTERBOUND(#10924,.T.);
#10926=IFCFACE((#10925));
#10927=IFCPOLYLOOP((#2035,#2034,#1920));
#10928=IFCFACEOUTERBOUND(#10927,.T.);
#10929=IFCFACE((#10928));
#10930=IFCPOLYLOOP((#2017,#2015,#2020));
#10931=IFCFACEOUTERBOUND(#10930,.T.);
#10932=IFCFACE((#10931));
#10933=IFCPOLYLOOP((#1928,#596,#1700,#1935,#1923));
#10934=IFCFACEOUTERBOUND(#10933,.T.);
#10935=IFCFACE((#10934));
#10936=IFCPOLYLOOP((#1936,#1938,#2010));
#10937=IFCFACEOUTERBOUND(#10936,.T.);
#10938=IFCFACE((#10937));
#10939=IFCPOLYLOOP((#1883,#1891,#1927));
#10940=IFCFACEOUTERBOUND(#10939,.T.);
#10941=IFCFACE((#10940));
#10942=IFCPOLYLOOP((#1927,#1882,#1883));
#10943=IFCFACEOUTERBOUND(#10942,.T.);
#10944=IFCFACE((#10943));
#10945=IFCPOLYLOOP((#1891,#1890,#1927));
#10946=IFCFACEOUTERBOUND(#10945,.T.);
#10947=IFCFACE((#10946));
#10948=IFCPOLYLOOP((#1936,#2010,#1926));
#10949=IFCFACEOUTERBOUND(#10948,.T.);
#10950=IFCFACE((#10949));
#10951=IFCPOLYLOOP((#1939,#1964,#1890));
#10952=IFCFACEOUTERBOUND(#10951,.T.);
#10953=IFCFACE((#10952));
#10954=IFCPOLYLOOP((#1982,#1978,#2000));
#10955=IFCFACEOUTERBOUND(#10954,.T.);
#10956=IFCFACE((#10955));
#10957=IFCPOLYLOOP((#1953,#1999,#1950));
#10958=IFCFACEOUTERBOUND(#10957,.T.);
#10959=IFCFACE((#10958));
#10960=IFCPOLYLOOP((#1939,#1890,#1933));
#10961=IFCFACEOUTERBOUND(#10960,.T.);
#10962=IFCFACE((#10961));
#10963=IFCPOLYLOOP((#1927,#1964,#1924));
#10964=IFCFACEOUTERBOUND(#10963,.T.);
#10965=IFCFACE((#10964));
#10966=IFCPOLYLOOP((#1941,#1933,#1889));
#10967=IFCFACEOUTERBOUND(#10966,.T.);
#10968=IFCFACE((#10967));
#10969=IFCPOLYLOOP((#1936,#1922,#1938));
#10970=IFCFACEOUTERBOUND(#10969,.T.);
#10971=IFCFACE((#10970));
#10972=IFCPOLYLOOP((#1947,#1919,#1937));
#10973=IFCFACEOUTERBOUND(#10972,.T.);
#10974=IFCFACE((#10973));
#10975=IFCPOLYLOOP((#1938,#1922,#1947));
#10976=IFCFACEOUTERBOUND(#10975,.T.);
#10977=IFCFACE((#10976));
#10978=IFCPOLYLOOP((#2010,#1923,#1935));
#10979=IFCFACEOUTERBOUND(#10978,.T.);
#10980=IFCFACE((#10979));
#10981=IFCPOLYLOOP((#1937,#1923,#1938));
#10982=IFCFACEOUTERBOUND(#10981,.T.);
#10983=IFCFACE((#10982));
#10984=IFCPOLYLOOP((#1939,#1932,#1964));
#10985=IFCFACEOUTERBOUND(#10984,.T.);
#10986=IFCFACE((#10985));
#10987=IFCPOLYLOOP((#1944,#1970,#1942));
#10988=IFCFACEOUTERBOUND(#10987,.T.);
#10989=IFCFACE((#10988));
#10990=IFCPOLYLOOP((#1944,#1906,#1983));
#10991=IFCFACEOUTERBOUND(#10990,.T.);
#10992=IFCFACE((#10991));
#10993=IFCPOLYLOOP((#1900,#1939,#1941));
#10994=IFCFACEOUTERBOUND(#10993,.T.);
#10995=IFCFACE((#10994));
#10996=IFCPOLYLOOP((#1970,#1962,#1941));
#10997=IFCFACEOUTERBOUND(#10996,.T.);
#10998=IFCFACE((#10997));
#10999=IFCPOLYLOOP((#1889,#1942,#1970));
#11000=IFCFACEOUTERBOUND(#10999,.T.);
#11001=IFCFACE((#11000));
#11002=IFCPOLYLOOP((#1970,#1944,#1940));
#11003=IFCFACEOUTERBOUND(#11002,.T.);
#11004=IFCFACE((#11003));
#11005=IFCPOLYLOOP((#1940,#1944,#1943));
#11006=IFCFACEOUTERBOUND(#11005,.T.);
#11007=IFCFACE((#11006));
#11008=IFCPOLYLOOP((#1906,#1944,#1942));
#11009=IFCFACEOUTERBOUND(#11008,.T.);
#11010=IFCFACE((#11009));
#11011=IFCPOLYLOOP((#2021,#2024,#2023));
#11012=IFCFACEOUTERBOUND(#11011,.T.);
#11013=IFCFACE((#11012));
#11014=IFCPOLYLOOP((#2015,#2017,#1945));
#11015=IFCFACEOUTERBOUND(#11014,.T.);
#11016=IFCFACE((#11015));
#11017=IFCPOLYLOOP((#1938,#1947,#1937));
#11018=IFCFACEOUTERBOUND(#11017,.T.);
#11019=IFCFACE((#11018));
#11020=IFCPOLYLOOP((#2025,#1946,#2024));
#11021=IFCFACEOUTERBOUND(#11020,.T.);
#11022=IFCFACE((#11021));
#11023=IFCPOLYLOOP((#1950,#1931,#1953));
#11024=IFCFACEOUTERBOUND(#11023,.T.);
#11025=IFCFACE((#11024));
#11026=IFCPOLYLOOP((#1974,#1976,#1905));
#11027=IFCFACEOUTERBOUND(#11026,.T.);
#11028=IFCFACE((#11027));
#11029=IFCPOLYLOOP((#1954,#1956,#1949));
#11030=IFCFACEOUTERBOUND(#11029,.T.);
#11031=IFCFACE((#11030));
#11032=IFCPOLYLOOP((#1951,#1950,#1929));
#11033=IFCFACEOUTERBOUND(#11032,.T.);
#11034=IFCFACE((#11033));
#11035=IFCPOLYLOOP((#1951,#1929,#1971));
#11036=IFCFACEOUTERBOUND(#11035,.T.);
#11037=IFCFACE((#11036));
#11038=IFCPOLYLOOP((#1931,#1887,#1953));
#11039=IFCFACEOUTERBOUND(#11038,.T.);
#11040=IFCFACE((#11039));
#11041=IFCPOLYLOOP((#1952,#1972,#1902));
#11042=IFCFACEOUTERBOUND(#11041,.T.);
#11043=IFCFACE((#11042));
#11044=IFCPOLYLOOP((#1952,#1930,#1951));
#11045=IFCFACEOUTERBOUND(#11044,.T.);
#11046=IFCFACE((#11045));
#11047=IFCPOLYLOOP((#1956,#1965,#1887));
#11048=IFCFACEOUTERBOUND(#11047,.T.);
#11049=IFCFACE((#11048));
#11050=IFCPOLYLOOP((#1956,#1887,#1955));
#11051=IFCFACEOUTERBOUND(#11050,.T.);
#11052=IFCFACE((#11051));
#11053=IFCPOLYLOOP((#1953,#1965,#1901));
#11054=IFCFACEOUTERBOUND(#11053,.T.);
#11055=IFCFACE((#11054));
#11056=IFCPOLYLOOP((#1955,#1957,#1956));
#11057=IFCFACEOUTERBOUND(#11056,.T.);
#11058=IFCFACE((#11057));
#11059=IFCPOLYLOOP((#1957,#1955,#1912));
#11060=IFCFACEOUTERBOUND(#11059,.T.);
#11061=IFCFACE((#11060));
#11062=IFCPOLYLOOP((#1912,#1958,#1985));
#11063=IFCFACEOUTERBOUND(#11062,.T.);
#11064=IFCFACE((#11063));
#11065=IFCPOLYLOOP((#1985,#1966,#1957));
#11066=IFCFACEOUTERBOUND(#11065,.T.);
#11067=IFCFACE((#11066));
#11068=IFCPOLYLOOP((#1985,#1961,#1897));
#11069=IFCFACEOUTERBOUND(#11068,.T.);
#11070=IFCFACE((#11069));
#11071=IFCPOLYLOOP((#1916,#2035,#2033));
#11072=IFCFACEOUTERBOUND(#11071,.T.);
#11073=IFCFACE((#11072));
#11074=IFCPOLYLOOP((#1961,#1907,#2048));
#11075=IFCFACEOUTERBOUND(#11074,.T.);
#11076=IFCFACE((#11075));
#11077=IFCPOLYLOOP((#1897,#1961,#1960));
#11078=IFCFACEOUTERBOUND(#11077,.T.);
#11079=IFCFACE((#11078));
#11080=IFCPOLYLOOP((#1907,#1961,#1958));
#11081=IFCFACEOUTERBOUND(#11080,.T.);
#11082=IFCFACE((#11081));
#11083=IFCPOLYLOOP((#1924,#1964,#1932));
#11084=IFCFACEOUTERBOUND(#11083,.T.);
#11085=IFCFACE((#11084));
#11086=IFCPOLYLOOP((#1962,#1900,#1941));
#11087=IFCFACEOUTERBOUND(#11086,.T.);
#11088=IFCFACE((#11087));
#11089=IFCPOLYLOOP((#2025,#1963,#1946));
#11090=IFCFACEOUTERBOUND(#11089,.T.);
#11091=IFCFACE((#11090));
#11092=IFCPOLYLOOP((#1890,#1964,#1927));
#11093=IFCFACEOUTERBOUND(#11092,.T.);
#11094=IFCFACE((#11093));
#11095=IFCPOLYLOOP((#1901,#1965,#1954));
#11096=IFCFACEOUTERBOUND(#11095,.T.);
#11097=IFCFACE((#11096));
#11098=IFCPOLYLOOP((#1887,#1965,#1953));
#11099=IFCFACEOUTERBOUND(#11098,.T.);
#11100=IFCFACE((#11099));
#11101=IFCPOLYLOOP((#1910,#1986,#1987));
#11102=IFCFACEOUTERBOUND(#11101,.T.);
#11103=IFCFACE((#11102));
#11104=IFCPOLYLOOP((#1966,#1949,#1957));
#11105=IFCFACEOUTERBOUND(#11104,.T.);
#11106=IFCFACE((#11105));
#11107=IFCPOLYLOOP((#1886,#1988,#1991));
#11108=IFCFACEOUTERBOUND(#11107,.T.);
#11109=IFCFACE((#11108));
#11110=IFCPOLYLOOP((#2001,#2011,#1986));
#11111=IFCFACEOUTERBOUND(#11110,.T.);
#11112=IFCFACE((#11111));
#11113=IFCPOLYLOOP((#1962,#1970,#1940));
#11114=IFCFACEOUTERBOUND(#11113,.T.);
#11115=IFCFACE((#11114));
#11116=IFCPOLYLOOP((#1889,#1970,#1941));
#11117=IFCFACEOUTERBOUND(#11116,.T.);
#11118=IFCFACE((#11117));
#11119=IFCPOLYLOOP((#1951,#1972,#1952));
#11120=IFCFACEOUTERBOUND(#11119,.T.);
#11121=IFCFACE((#11120));
#11122=IFCPOLYLOOP((#1972,#1971,#1894,#1973));
#11123=IFCFACEOUTERBOUND(#11122,.T.);
#11124=IFCFACE((#11123));
#11125=IFCPOLYLOOP((#1974,#1975,#1976));
#11126=IFCFACEOUTERBOUND(#11125,.T.);
#11127=IFCFACE((#11126));
#11128=IFCPOLYLOOP((#1975,#1948,#1976));
#11129=IFCFACEOUTERBOUND(#11128,.T.);
#11130=IFCFACE((#11129));
#11131=IFCPOLYLOOP((#1975,#1902,#1972));
#11132=IFCFACEOUTERBOUND(#11131,.T.);
#11133=IFCFACE((#11132));
#11134=IFCPOLYLOOP((#1902,#1975,#1974));
#11135=IFCFACEOUTERBOUND(#11134,.T.);
#11136=IFCFACE((#11135));
#11137=IFCPOLYLOOP((#1984,#2008,#1898,#1980));
#11138=IFCFACEOUTERBOUND(#11137,.T.);
#11139=IFCFACE((#11138));
#11140=IFCPOLYLOOP((#1980,#1981,#1984));
#11141=IFCFACEOUTERBOUND(#11140,.T.);
#11142=IFCFACE((#11141));
#11143=IFCPOLYLOOP((#1981,#1978,#1982));
#11144=IFCFACEOUTERBOUND(#11143,.T.);
#11145=IFCFACE((#11144));
#11146=IFCPOLYLOOP((#1905,#1976,#1984));
#11147=IFCFACEOUTERBOUND(#11146,.T.);
#11148=IFCFACE((#11147));
#11149=IFCPOLYLOOP((#1983,#1979,#1982));
#11150=IFCFACEOUTERBOUND(#11149,.T.);
#11151=IFCFACE((#11150));
#11152=IFCPOLYLOOP((#1982,#1888,#1981));
#11153=IFCFACEOUTERBOUND(#11152,.T.);
#11154=IFCFACE((#11153));
#11155=IFCPOLYLOOP((#1978,#1981,#1980));
#11156=IFCFACEOUTERBOUND(#11155,.T.);
#11157=IFCFACE((#11156));
#11158=IFCPOLYLOOP((#1977,#1981,#1888));
#11159=IFCFACEOUTERBOUND(#11158,.T.);
#11160=IFCFACE((#11159));
#11161=IFCPOLYLOOP((#1983,#2000,#1896,#1943));
#11162=IFCFACEOUTERBOUND(#11161,.T.);
#11163=IFCFACE((#11162));
#11164=IFCPOLYLOOP((#2000,#1983,#1982));
#11165=IFCFACEOUTERBOUND(#11164,.T.);
#11166=IFCFACE((#11165));
#11167=IFCPOLYLOOP((#1906,#1979,#1983));
#11168=IFCFACEOUTERBOUND(#11167,.T.);
#11169=IFCFACE((#11168));
#11170=IFCPOLYLOOP((#1977,#1905,#1984));
#11171=IFCFACEOUTERBOUND(#11170,.T.);
#11172=IFCFACE((#11171));
#11173=IFCPOLYLOOP((#1966,#1985,#1897));
#11174=IFCFACEOUTERBOUND(#11173,.T.);
#11175=IFCFACE((#11174));
#11176=IFCPOLYLOOP((#1912,#1985,#1957));
#11177=IFCFACEOUTERBOUND(#11176,.T.);
#11178=IFCFACE((#11177));
#11179=IFCPOLYLOOP((#1986,#1969,#2001));
#11180=IFCFACEOUTERBOUND(#11179,.T.);
#11181=IFCFACE((#11180));
#11182=IFCPOLYLOOP((#1987,#1986,#1899));
#11183=IFCFACEOUTERBOUND(#11182,.T.);
#11184=IFCFACE((#11183));
#11185=IFCPOLYLOOP((#1990,#1989,#1967));
#11186=IFCFACEOUTERBOUND(#11185,.T.);
#11187=IFCFACE((#11186));
#11188=IFCPOLYLOOP((#1987,#1899,#1989));
#11189=IFCFACEOUTERBOUND(#11188,.T.);
#11190=IFCFACE((#11189));
#11191=IFCPOLYLOOP((#1991,#1988,#1990));
#11192=IFCFACEOUTERBOUND(#11191,.T.);
#11193=IFCFACE((#11192));
#11194=IFCPOLYLOOP((#1988,#1910,#1987));
#11195=IFCFACEOUTERBOUND(#11194,.T.);
#11196=IFCFACE((#11195));
#11197=IFCPOLYLOOP((#1990,#1967,#1991));
#11198=IFCFACEOUTERBOUND(#11197,.T.);
#11199=IFCFACE((#11198));
#11200=IFCPOLYLOOP((#1987,#1990,#1988));
#11201=IFCFACEOUTERBOUND(#11200,.T.);
#11202=IFCFACE((#11201));
#11203=IFCPOLYLOOP((#1996,#1997,#1895));
#11204=IFCFACEOUTERBOUND(#11203,.T.);
#11205=IFCFACE((#11204));
#11206=IFCPOLYLOOP((#1994,#1995,#1895));
#11207=IFCFACEOUTERBOUND(#11206,.T.);
#11208=IFCFACE((#11207));
#11209=IFCPOLYLOOP((#1994,#1993,#2046,#2042));
#11210=IFCFACEOUTERBOUND(#11209,.T.);
#11211=IFCFACE((#11210));
#11212=IFCPOLYLOOP((#1991,#1996,#1886));
#11213=IFCFACEOUTERBOUND(#11212,.T.);
#11214=IFCFACE((#11213));
#11215=IFCPOLYLOOP((#1908,#2040,#2041));
#11216=IFCFACEOUTERBOUND(#11215,.T.);
#11217=IFCFACE((#11216));
#11218=IFCPOLYLOOP((#1994,#2042,#1995));
#11219=IFCFACEOUTERBOUND(#11218,.T.);
#11220=IFCFACE((#11219));
#11221=IFCPOLYLOOP((#1996,#1995,#1992));
#11222=IFCFACEOUTERBOUND(#11221,.T.);
#11223=IFCFACE((#11222));
#11224=IFCPOLYLOOP((#1886,#1996,#1992));
#11225=IFCFACEOUTERBOUND(#11224,.T.);
#11226=IFCFACE((#11225));
#11227=IFCPOLYLOOP((#1991,#1997,#1996));
#11228=IFCFACEOUTERBOUND(#11227,.T.);
#11229=IFCFACE((#11228));
#11230=IFCPOLYLOOP((#1991,#1967,#1997));
#11231=IFCFACEOUTERBOUND(#11230,.T.);
#11232=IFCFACE((#11231));
#11233=IFCPOLYLOOP((#2029,#2045,#2030));
#11234=IFCFACEOUTERBOUND(#11233,.T.);
#11235=IFCFACE((#11234));
#11236=IFCPOLYLOOP((#1999,#1953,#1901));
#11237=IFCFACEOUTERBOUND(#11236,.T.);
#11238=IFCFACE((#11237));
#11239=IFCPOLYLOOP((#1999,#1929,#1950));
#11240=IFCFACEOUTERBOUND(#11239,.T.);
#11241=IFCFACE((#11240));
#11242=IFCPOLYLOOP((#1969,#1909,#2001));
#11243=IFCFACEOUTERBOUND(#11242,.T.);
#11244=IFCFACE((#11243));
#11245=IFCPOLYLOOP((#1909,#2004,#2001));
#11246=IFCFACEOUTERBOUND(#11245,.T.);
#11247=IFCFACE((#11246));
#11248=IFCPOLYLOOP((#2002,#2001,#2004));
#11249=IFCFACEOUTERBOUND(#11248,.T.);
#11250=IFCFACE((#11249));
#11251=IFCPOLYLOOP((#1968,#2011,#2001,#2002));
#11252=IFCFACEOUTERBOUND(#11251,.T.);
#11253=IFCFACE((#11252));
#11254=IFCPOLYLOOP((#2014,#2013,#2012));
#11255=IFCFACEOUTERBOUND(#11254,.T.);
#11256=IFCFACE((#11255));
#11257=IFCPOLYLOOP((#2006,#1893,#2004));
#11258=IFCFACEOUTERBOUND(#11257,.T.);
#11259=IFCFACE((#11258));
#11260=IFCPOLYLOOP((#2003,#1914,#2006));
#11261=IFCFACEOUTERBOUND(#11260,.T.);
#11262=IFCFACE((#11261));
#11263=IFCPOLYLOOP((#2006,#2005,#2007,#1893));
#11264=IFCFACEOUTERBOUND(#11263,.T.);
#11265=IFCFACE((#11264));
#11266=IFCPOLYLOOP((#2006,#1914,#2013));
#11267=IFCFACEOUTERBOUND(#11266,.T.);
#11268=IFCFACE((#11267));
#11269=IFCPOLYLOOP((#1976,#1948,#2008));
#11270=IFCFACEOUTERBOUND(#11269,.T.);
#11271=IFCFACE((#11270));
#11272=IFCPOLYLOOP((#2039,#2037,#1908));
#11273=IFCFACEOUTERBOUND(#11272,.T.);
#11274=IFCFACE((#11273));
#11275=IFCPOLYLOOP((#2028,#1892,#2029));
#11276=IFCFACEOUTERBOUND(#11275,.T.);
#11277=IFCFACE((#11276));
#11278=IFCPOLYLOOP((#1926,#2010,#1935));
#11279=IFCFACEOUTERBOUND(#11278,.T.);
#11280=IFCFACE((#11279));
#11281=IFCPOLYLOOP((#2011,#1899,#1986));
#11282=IFCFACEOUTERBOUND(#11281,.T.);
#11283=IFCFACE((#11282));
#11284=IFCPOLYLOOP((#2017,#2020,#1904));
#11285=IFCFACEOUTERBOUND(#11284,.T.);
#11286=IFCFACE((#11285));
#11287=IFCPOLYLOOP((#2006,#2013,#2005));
#11288=IFCFACEOUTERBOUND(#11287,.T.);
#11289=IFCFACE((#11288));
#11290=IFCPOLYLOOP((#1904,#2014,#2012));
#11291=IFCFACEOUTERBOUND(#11290,.T.);
#11292=IFCFACE((#11291));
#11293=IFCPOLYLOOP((#2019,#2005,#2013));
#11294=IFCFACEOUTERBOUND(#11293,.T.);
#11295=IFCFACE((#11294));
#11296=IFCPOLYLOOP((#2017,#1904,#2016));
#11297=IFCFACEOUTERBOUND(#11296,.T.);
#11298=IFCFACE((#11297));
#11299=IFCPOLYLOOP((#2014,#2020,#1918));
#11300=IFCFACEOUTERBOUND(#11299,.T.);
#11301=IFCFACE((#11300));
#11302=IFCPOLYLOOP((#2016,#2018,#2017));
#11303=IFCFACEOUTERBOUND(#11302,.T.);
#11304=IFCFACE((#11303));
#11305=IFCPOLYLOOP((#2018,#2016,#1921));
#11306=IFCFACEOUTERBOUND(#11305,.T.);
#11307=IFCFACE((#11306));
#11308=IFCPOLYLOOP((#2021,#2018,#1921));
#11309=IFCFACEOUTERBOUND(#11308,.T.);
#11310=IFCFACE((#11309));
#11311=IFCPOLYLOOP((#2021,#2026,#2018));
#11312=IFCFACEOUTERBOUND(#11311,.T.);
#11313=IFCFACE((#11312));
#11314=IFCPOLYLOOP((#2014,#1918,#2019));
#11315=IFCFACEOUTERBOUND(#11314,.T.);
#11316=IFCFACE((#11315));
#11317=IFCPOLYLOOP((#1918,#2020,#2015));
#11318=IFCFACEOUTERBOUND(#11317,.T.);
#11319=IFCFACE((#11318));
#11320=IFCPOLYLOOP((#1904,#2020,#2014));
#11321=IFCFACEOUTERBOUND(#11320,.T.);
#11322=IFCFACE((#11321));
#11323=IFCPOLYLOOP((#2024,#1946,#2023));
#11324=IFCFACEOUTERBOUND(#11323,.T.);
#11325=IFCFACE((#11324));
#11326=IFCPOLYLOOP((#1917,#2026,#2021,#2023));
#11327=IFCFACEOUTERBOUND(#11326,.T.);
#11328=IFCFACE((#11327));
#11329=IFCPOLYLOOP((#2021,#1921,#2022));
#11330=IFCFACEOUTERBOUND(#11329,.T.);
#11331=IFCFACE((#11330));
#11332=IFCPOLYLOOP((#2024,#2021,#2022));
#11333=IFCFACEOUTERBOUND(#11332,.T.);
#11334=IFCFACE((#11333));
#11335=IFCPOLYLOOP((#2022,#1919,#2024));
#11336=IFCFACEOUTERBOUND(#11335,.T.);
#11337=IFCFACE((#11336));
#11338=IFCPOLYLOOP((#2025,#1919,#1947));
#11339=IFCFACEOUTERBOUND(#11338,.T.);
#11340=IFCFACE((#11339));
#11341=IFCPOLYLOOP((#1919,#2025,#2024));
#11342=IFCFACEOUTERBOUND(#11341,.T.);
#11343=IFCFACE((#11342));
#11344=IFCPOLYLOOP((#1963,#2025,#1947));
#11345=IFCFACEOUTERBOUND(#11344,.T.);
#11346=IFCFACE((#11345));
#11347=IFCPOLYLOOP((#2026,#1945,#2018));
#11348=IFCFACEOUTERBOUND(#11347,.T.);
#11349=IFCFACE((#11348));
#11350=IFCPOLYLOOP((#2036,#2028,#1911));
#11351=IFCFACEOUTERBOUND(#11350,.T.);
#11352=IFCFACE((#11351));
#11353=IFCPOLYLOOP((#2036,#2047,#2028));
#11354=IFCFACEOUTERBOUND(#11353,.T.);
#11355=IFCFACE((#11354));
#11356=IFCPOLYLOOP((#2028,#2029,#2027));
#11357=IFCFACEOUTERBOUND(#11356,.T.);
#11358=IFCFACE((#11357));
#11359=IFCPOLYLOOP((#2045,#1998,#2030));
#11360=IFCFACEOUTERBOUND(#11359,.T.);
#11361=IFCFACE((#11360));
#11362=IFCPOLYLOOP((#2030,#2043,#2032));
#11363=IFCFACEOUTERBOUND(#11362,.T.);
#11364=IFCFACE((#11363));
#11365=IFCPOLYLOOP((#2043,#1998,#2031));
#11366=IFCFACEOUTERBOUND(#11365,.T.);
#11367=IFCFACE((#11366));
#11368=IFCPOLYLOOP((#2033,#2043,#2031));
#11369=IFCFACEOUTERBOUND(#11368,.T.);
#11370=IFCFACE((#11369));
#11371=IFCPOLYLOOP((#1916,#2033,#2031));
#11372=IFCFACEOUTERBOUND(#11371,.T.);
#11373=IFCFACE((#11372));
#11374=IFCPOLYLOOP((#2034,#2035,#2048));
#11375=IFCFACEOUTERBOUND(#11374,.T.);
#11376=IFCFACE((#11375));
#11377=IFCPOLYLOOP((#2032,#2033,#1920));
#11378=IFCFACEOUTERBOUND(#11377,.T.);
#11379=IFCFACE((#11378));
#11380=IFCPOLYLOOP((#2035,#1916,#2044,#1959));
#11381=IFCFACEOUTERBOUND(#11380,.T.);
#11382=IFCFACE((#11381));
#11383=IFCPOLYLOOP((#2033,#2035,#1920));
#11384=IFCFACEOUTERBOUND(#11383,.T.);
#11385=IFCFACE((#11384));
#11386=IFCPOLYLOOP((#2035,#1959,#2048));
#11387=IFCFACEOUTERBOUND(#11386,.T.);
#11388=IFCFACE((#11387));
#11389=IFCPOLYLOOP((#2039,#1915,#2038));
#11390=IFCFACEOUTERBOUND(#11389,.T.);
#11391=IFCFACE((#11390));
#11392=IFCPOLYLOOP((#2009,#2047,#2036,#2038));
#11393=IFCFACEOUTERBOUND(#11392,.T.);
#11394=IFCFACE((#11393));
#11395=IFCPOLYLOOP((#2036,#1911,#2037));
#11396=IFCFACEOUTERBOUND(#11395,.T.);
#11397=IFCFACE((#11396));
#11398=IFCPOLYLOOP((#2039,#2036,#2037));
#11399=IFCFACEOUTERBOUND(#11398,.T.);
#11400=IFCFACE((#11399));
#11401=IFCPOLYLOOP((#2039,#2038,#2036));
#11402=IFCFACEOUTERBOUND(#11401,.T.);
#11403=IFCFACE((#11402));
#11404=IFCPOLYLOOP((#2039,#2041,#1915));
#11405=IFCFACEOUTERBOUND(#11404,.T.);
#11406=IFCFACE((#11405));
#11407=IFCPOLYLOOP((#2041,#2039,#1908));
#11408=IFCFACEOUTERBOUND(#11407,.T.);
#11409=IFCFACE((#11408));
#11410=IFCPOLYLOOP((#2042,#2046,#2041));
#11411=IFCFACEOUTERBOUND(#11410,.T.);
#11412=IFCFACE((#11411));
#11413=IFCPOLYLOOP((#2040,#1913,#2042));
#11414=IFCFACEOUTERBOUND(#11413,.T.);
#11415=IFCFACE((#11414));
#11416=IFCPOLYLOOP((#1995,#2042,#1913));
#11417=IFCFACEOUTERBOUND(#11416,.T.);
#11418=IFCFACE((#11417));
#11419=IFCPOLYLOOP((#2032,#2043,#2033));
#11420=IFCFACEOUTERBOUND(#11419,.T.);
#11421=IFCFACE((#11420));
#11422=IFCPOLYLOOP((#1998,#2043,#2030));
#11423=IFCFACEOUTERBOUND(#11422,.T.);
#11424=IFCFACE((#11423));
#11425=IFCPOLYLOOP((#2029,#1892,#2045));
#11426=IFCFACEOUTERBOUND(#11425,.T.);
#11427=IFCFACE((#11426));
#11428=IFCPOLYLOOP((#2046,#1915,#2041));
#11429=IFCFACEOUTERBOUND(#11428,.T.);
#11430=IFCFACE((#11429));
#11431=IFCPOLYLOOP((#2047,#1892,#2028));
#11432=IFCFACEOUTERBOUND(#11431,.T.);
#11433=IFCFACE((#11432));
#11434=IFCPOLYLOOP((#1960,#2048,#1959));
#11435=IFCFACEOUTERBOUND(#11434,.T.);
#11436=IFCFACE((#11435));
#11437=IFCPOLYLOOP((#769,#1880,#1925,#1924,#1932,#1900,#1962,#1940,#1943,#1896,#2000,#1978,#1980,#1898,#2008,#1948,#1973,#1894,#1971,#1929,#1999,#1901,#1954,#1949,#1966,#1897,#1960,#1959,#2044,#1916,#2031,#1998,#2045,#1892,#2047,#2009,#2038,#1915,#2046,#1993,#1994,#1895,#1997,#1967,#1989,#1899,#2011,#1968,#2002,#1893,#2007,#2005,#2019,#1918,#2015,#1945,#2026,#1917,#2023,#1946,#1963,#1922,#1936,#1926,#1934,#1699,#770));
#11438=IFCFACEOUTERBOUND(#11437,.T.);
#11439=IFCFACE((#11438));
#11440=IFCPOLYLOOP((#2450,#1316,#1315,#1681,#2504,#2496,#2506,#2492,#2522,#2509,#2594,#2485,#2600,#2516,#2585,#2486,#2589,#2566,#2568,#2466,#2570,#2545,#2562,#2471,#2599,#2542,#2575,#2469,#2580,#2578,#2603,#2487,#2618,#2582,#2608,#2462,#2617,#2572,#2613,#2488,#2540,#2533,#2534,#2467,#2539,#2520,#2529,#2470,#2525,#2499,#2597,#2463,#2547,#2519,#2581,#2468,#2553,#2552,#2573,#2464,#2514,#2511,#2521,#2465,#2502,#2494,#2495));
#11441=IFCFACEOUTERBOUND(#11440,.T.);
#11442=IFCFACE((#11441));
#11443=IFCPOLYLOOP((#2200,#2138,#2196,#2199));
#11444=IFCFACEOUTERBOUND(#11443,.T.);
#11445=IFCFACE((#11444));
#11446=IFCPOLYLOOP((#2141,#2187,#2188));
#11447=IFCFACEOUTERBOUND(#11446,.T.);
#11448=IFCFACE((#11447));
#11449=IFCPOLYLOOP((#2250,#2251,#2055));
#11450=IFCFACEOUTERBOUND(#11449,.T.);
#11451=IFCFACE((#11450));
#11452=IFCPOLYLOOP((#2116,#2163,#2164));
#11453=IFCFACEOUTERBOUND(#11452,.T.);
#11454=IFCFACE((#11453));
#11455=IFCPOLYLOOP((#2214,#2098,#2213));
#11456=IFCFACEOUTERBOUND(#11455,.T.);
#11457=IFCFACE((#11456));
#11458=IFCPOLYLOOP((#2098,#2099,#2213));
#11459=IFCFACEOUTERBOUND(#11458,.T.);
#11460=IFCFACE((#11459));
#11461=IFCPOLYLOOP((#2174,#2204,#2104));
#11462=IFCFACEOUTERBOUND(#11461,.T.);
#11463=IFCFACE((#11462));
#11464=IFCPOLYLOOP((#2232,#2231,#2158));
#11465=IFCFACEOUTERBOUND(#11464,.T.);
#11466=IFCFACE((#11465));
#11467=IFCPOLYLOOP((#2250,#2051,#2251));
#11468=IFCFACEOUTERBOUND(#11467,.T.);
#11469=IFCFACE((#11468));
#11470=IFCPOLYLOOP((#2213,#2108,#2097));
#11471=IFCFACEOUTERBOUND(#11470,.T.);
#11472=IFCFACE((#11471));
#11473=IFCPOLYLOOP((#2222,#2052,#2223));
#11474=IFCFACEOUTERBOUND(#11473,.T.);
#11475=IFCFACE((#11474));
#11476=IFCPOLYLOOP((#2240,#2186,#2241));
#11477=IFCFACEOUTERBOUND(#11476,.T.);
#11478=IFCFACE((#11477));
#11479=IFCPOLYLOOP((#2118,#2219,#2218));
#11480=IFCFACEOUTERBOUND(#11479,.T.);
#11481=IFCFACE((#11480));
#11482=IFCPOLYLOOP((#2144,#2151,#2152));
#11483=IFCFACEOUTERBOUND(#11482,.T.);
#11484=IFCFACE((#11483));
#11485=IFCPOLYLOOP((#2212,#2246,#2247));
#11486=IFCFACEOUTERBOUND(#11485,.T.);
#11487=IFCFACE((#11486));
#11488=IFCPOLYLOOP((#2051,#2250,#2249));
#11489=IFCFACEOUTERBOUND(#11488,.T.);
#11490=IFCFACE((#11489));
#11491=IFCPOLYLOOP((#2271,#2148,#2090));
#11492=IFCFACEOUTERBOUND(#11491,.T.);
#11493=IFCFACE((#11492));
#11494=IFCPOLYLOOP((#2150,#2226,#2225));
#11495=IFCFACEOUTERBOUND(#11494,.T.);
#11496=IFCFACE((#11495));
#11497=IFCPOLYLOOP((#2262,#2261,#2084));
#11498=IFCFACEOUTERBOUND(#11497,.T.);
#11499=IFCFACE((#11498));
#11500=IFCPOLYLOOP((#2189,#2190,#2113,#2114));
#11501=IFCFACEOUTERBOUND(#11500,.T.);
#11502=IFCFACE((#11501));
#11503=IFCPOLYLOOP((#2229,#2228,#2154));
#11504=IFCFACEOUTERBOUND(#11503,.T.);
#11505=IFCFACE((#11504));
#11506=IFCPOLYLOOP((#2238,#2176,#2237));
#11507=IFCFACEOUTERBOUND(#11506,.T.);
#11508=IFCFACE((#11507));
#11509=IFCPOLYLOOP((#2256,#2255,#2179));
#11510=IFCFACEOUTERBOUND(#11509,.T.);
#11511=IFCFACE((#11510));
#11512=IFCPOLYLOOP((#2236,#2058,#2235));
#11513=IFCFACEOUTERBOUND(#11512,.T.);
#11514=IFCFACE((#11513));
#11515=IFCPOLYLOOP((#2246,#2212,#2245));
#11516=IFCFACEOUTERBOUND(#11515,.T.);
#11517=IFCFACE((#11516));
#11518=IFCPOLYLOOP((#2252,#2251,#2253));
#11519=IFCFACEOUTERBOUND(#11518,.T.);
#11520=IFCFACE((#11519));
#11521=IFCPOLYLOOP((#2095,#2107,#771,#1698,#2217,#2216,#2278,#2125));
#11522=IFCFACEOUTERBOUND(#11521,.T.);
#11523=IFCFACE((#11522));
#11524=IFCPOLYLOOP((#2050,#772,#2108));
#11525=IFCFACEOUTERBOUND(#11524,.T.);
#11526=IFCFACE((#11525));
#11527=IFCPOLYLOOP((#2203,#2121,#2143));
#11528=IFCFACEOUTERBOUND(#11527,.T.);
#11529=IFCFACE((#11528));
#11530=IFCPOLYLOOP((#2274,#2275,#2075));
#11531=IFCFACEOUTERBOUND(#11530,.T.);
#11532=IFCFACE((#11531));
#11533=IFCPOLYLOOP((#2242,#2241,#2186));
#11534=IFCFACEOUTERBOUND(#11533,.T.);
#11535=IFCFACE((#11534));
#11536=IFCPOLYLOOP((#2161,#2234,#2235));
#11537=IFCFACEOUTERBOUND(#11536,.T.);
#11538=IFCFACE((#11537));
#11539=IFCPOLYLOOP((#2065,#2266,#2265));
#11540=IFCFACEOUTERBOUND(#11539,.T.);
#11541=IFCFACE((#11540));
#11542=IFCPOLYLOOP((#2160,#2265,#2266));
#11543=IFCFACEOUTERBOUND(#11542,.T.);
#11544=IFCFACE((#11543));
#11545=IFCPOLYLOOP((#2233,#2080,#2232));
#11546=IFCFACEOUTERBOUND(#11545,.T.);
#11547=IFCFACE((#11546));
#11548=IFCPOLYLOOP((#2227,#2081,#2226));
#11549=IFCFACEOUTERBOUND(#11548,.T.);
#11550=IFCFACE((#11549));
#11551=IFCPOLYLOOP((#2256,#2179,#2257));
#11552=IFCFACEOUTERBOUND(#11551,.T.);
#11553=IFCFACE((#11552));
#11554=IFCPOLYLOOP((#2223,#2224,#2056));
#11555=IFCFACEOUTERBOUND(#11554,.T.);
#11556=IFCFACE((#11555));
#11557=IFCPOLYLOOP((#2263,#2262,#2084));
#11558=IFCFACEOUTERBOUND(#11557,.T.);
#11559=IFCFACE((#11558));
#11560=IFCPOLYLOOP((#2229,#2230,#2077));
#11561=IFCFACEOUTERBOUND(#11560,.T.);
#11562=IFCFACE((#11561));
#11563=IFCPOLYLOOP((#2269,#2268,#2155));
#11564=IFCFACEOUTERBOUND(#11563,.T.);
#11565=IFCFACE((#11564));
#11566=IFCPOLYLOOP((#2101,#2171,#2180));
#11567=IFCFACEOUTERBOUND(#11566,.T.);
#11568=IFCFACE((#11567));
#11569=IFCPOLYLOOP((#2269,#2270,#2156));
#11570=IFCFACEOUTERBOUND(#11569,.T.);
#11571=IFCFACE((#11570));
#11572=IFCPOLYLOOP((#2110,#2197,#2198));
#11573=IFCFACEOUTERBOUND(#11572,.T.);
#11574=IFCFACE((#11573));
#11575=IFCPOLYLOOP((#2274,#2272,#2086));
#11576=IFCFACEOUTERBOUND(#11575,.T.);
#11577=IFCFACE((#11576));
#11578=IFCPOLYLOOP((#2173,#2174,#2175));
#11579=IFCFACEOUTERBOUND(#11578,.T.);
#11580=IFCFACE((#11579));
#11581=IFCPOLYLOOP((#2170,#2171,#2172));
#11582=IFCFACEOUTERBOUND(#11581,.T.);
#11583=IFCFACE((#11582));
#11584=IFCPOLYLOOP((#2093,#2207,#2208));
#11585=IFCFACEOUTERBOUND(#11584,.T.);
#11586=IFCFACE((#11585));
#11587=IFCPOLYLOOP((#1697,#2106,#2096,#2124,#2278,#2216,#2217,#1698));
#11588=IFCFACEOUTERBOUND(#11587,.T.);
#11589=IFCFACE((#11588));
#11590=IFCPOLYLOOP((#2167,#2279,#2054));
#11591=IFCFACEOUTERBOUND(#11590,.T.);
#11592=IFCFACE((#11591));
#11593=IFCPOLYLOOP((#2215,#2049,#2050));
#11594=IFCFACEOUTERBOUND(#11593,.T.);
#11595=IFCFACE((#11594));
#11596=IFCPOLYLOOP((#2108,#2213,#2215));
#11597=IFCFACEOUTERBOUND(#11596,.T.);
#11598=IFCFACE((#11597));
#11599=IFCPOLYLOOP((#2170,#2172,#2280));
#11600=IFCFACEOUTERBOUND(#11599,.T.);
#11601=IFCFACE((#11600));
#11602=IFCPOLYLOOP((#2182,#2133,#2183));
#11603=IFCFACEOUTERBOUND(#11602,.T.);
#11604=IFCFACE((#11603));
#11605=IFCPOLYLOOP((#2101,#2102,#2171));
#11606=IFCFACEOUTERBOUND(#11605,.T.);
#11607=IFCFACE((#11606));
#11608=IFCPOLYLOOP((#2087,#2173,#2175));
#11609=IFCFACEOUTERBOUND(#11608,.T.);
#11610=IFCFACE((#11609));
#11611=IFCPOLYLOOP((#2206,#2127,#2207));
#11612=IFCFACEOUTERBOUND(#11611,.T.);
#11613=IFCFACE((#11612));
#11614=IFCPOLYLOOP((#2104,#2105,#2174));
#11615=IFCFACEOUTERBOUND(#11614,.T.);
#11616=IFCFACE((#11615));
#11617=IFCPOLYLOOP((#2201,#2199,#2073));
#11618=IFCFACEOUTERBOUND(#11617,.T.);
#11619=IFCFACE((#11618));
#11620=IFCPOLYLOOP((#2184,#2281,#2089));
#11621=IFCFACEOUTERBOUND(#11620,.T.);
#11622=IFCFACE((#11621));
#11623=IFCPOLYLOOP((#2198,#2197,#2109));
#11624=IFCFACEOUTERBOUND(#11623,.T.);
#11625=IFCFACE((#11624));
#11626=IFCPOLYLOOP((#2141,#2188,#2282));
#11627=IFCFACEOUTERBOUND(#11626,.T.);
#11628=IFCFACE((#11627));
#11629=IFCPOLYLOOP((#2191,#2140,#2192));
#11630=IFCFACEOUTERBOUND(#11629,.T.);
#11631=IFCFACE((#11630));
#11632=IFCPOLYLOOP((#2114,#2187,#2189));
#11633=IFCFACEOUTERBOUND(#11632,.T.);
#11634=IFCFACE((#11633));
#11635=IFCPOLYLOOP((#2144,#2152,#2193));
#11636=IFCFACEOUTERBOUND(#11635,.T.);
#11637=IFCFACE((#11636));
#11638=IFCPOLYLOOP((#2165,#2135,#2166));
#11639=IFCFACEOUTERBOUND(#11638,.T.);
#11640=IFCFACE((#11639));
#11641=IFCPOLYLOOP((#2116,#2117,#2151));
#11642=IFCFACEOUTERBOUND(#11641,.T.);
#11643=IFCFACE((#11642));
#11644=IFCPOLYLOOP((#2223,#2128,#2222));
#11645=IFCFACEOUTERBOUND(#11644,.T.);
#11646=IFCFACE((#11645));
#11647=IFCPOLYLOOP((#2221,#2145,#2220));
#11648=IFCFACEOUTERBOUND(#11647,.T.);
#11649=IFCFACE((#11648));
#11650=IFCPOLYLOOP((#2218,#2119,#2120));
#11651=IFCFACEOUTERBOUND(#11650,.T.);
#11652=IFCFACE((#11651));
#11653=IFCPOLYLOOP((#2275,#2274,#2086));
#11654=IFCFACEOUTERBOUND(#11653,.T.);
#11655=IFCFACE((#11654));
#11656=IFCPOLYLOOP((#2063,#2201,#2202));
#11657=IFCFACEOUTERBOUND(#11656,.T.);
#11658=IFCFACE((#11657));
#11659=IFCPOLYLOOP((#2123,#2276,#2277));
#11660=IFCFACEOUTERBOUND(#11659,.T.);
#11661=IFCFACE((#11660));
#11662=IFCPOLYLOOP((#2283,#2093,#2208));
#11663=IFCFACEOUTERBOUND(#11662,.T.);
#11664=IFCFACE((#11663));
#11665=IFCPOLYLOOP((#2207,#2126,#2206));
#11666=IFCFACEOUTERBOUND(#11665,.T.);
#11667=IFCFACE((#11666));
#11668=IFCPOLYLOOP((#2204,#2103,#2206));
#11669=IFCFACEOUTERBOUND(#11668,.T.);
#11670=IFCFACE((#11669));
#11671=IFCPOLYLOOP((#2166,#2167,#2054));
#11672=IFCFACEOUTERBOUND(#11671,.T.);
#11673=IFCFACE((#11672));
#11674=IFCPOLYLOOP((#2222,#2118,#2218));
#11675=IFCFACEOUTERBOUND(#11674,.T.);
#11676=IFCFACE((#11675));
#11677=IFCPOLYLOOP((#2123,#2275,#2276));
#11678=IFCFACEOUTERBOUND(#11677,.T.);
#11679=IFCFACE((#11678));
#11680=IFCPOLYLOOP((#2214,#2130,#2098));
#11681=IFCFACEOUTERBOUND(#11680,.T.);
#11682=IFCFACE((#11681));
#11683=IFCPOLYLOOP((#2183,#2132,#2182));
#11684=IFCFACEOUTERBOUND(#11683,.T.);
#11685=IFCFACE((#11684));
#11686=IFCPOLYLOOP((#2182,#2180,#2133));
#11687=IFCFACEOUTERBOUND(#11686,.T.);
#11688=IFCFACE((#11687));
#11689=IFCPOLYLOOP((#2166,#2134,#2165));
#11690=IFCFACEOUTERBOUND(#11689,.T.);
#11691=IFCFACE((#11690));
#11692=IFCPOLYLOOP((#2165,#2163,#2135));
#11693=IFCFACEOUTERBOUND(#11692,.T.);
#11694=IFCFACE((#11693));
#11695=IFCPOLYLOOP((#2183,#2184,#2089));
#11696=IFCFACEOUTERBOUND(#11695,.T.);
#11697=IFCFACE((#11696));
#11698=IFCPOLYLOOP((#2198,#2136,#2110));
#11699=IFCFACEOUTERBOUND(#11698,.T.);
#11700=IFCFACE((#11699));
#11701=IFCPOLYLOOP((#2192,#2139,#2191));
#11702=IFCFACEOUTERBOUND(#11701,.T.);
#11703=IFCFACE((#11702));
#11704=IFCPOLYLOOP((#2196,#2197,#2199));
#11705=IFCFACEOUTERBOUND(#11704,.T.);
#11706=IFCFACE((#11705));
#11707=IFCPOLYLOOP((#2191,#2189,#2140));
#11708=IFCFACEOUTERBOUND(#11707,.T.);
#11709=IFCFACE((#11708));
#11710=IFCPOLYLOOP((#2202,#2201,#2073));
#11711=IFCFACEOUTERBOUND(#11710,.T.);
#11712=IFCFACE((#11711));
#11713=IFCPOLYLOOP((#2112,#2187,#2141));
#11714=IFCFACEOUTERBOUND(#11713,.T.);
#11715=IFCFACE((#11714));
#11716=IFCPOLYLOOP((#2143,#2202,#2203));
#11717=IFCFACEOUTERBOUND(#11716,.T.);
#11718=IFCFACE((#11717));
#11719=IFCPOLYLOOP((#2066,#2145,#2221));
#11720=IFCFACEOUTERBOUND(#11719,.T.);
#11721=IFCFACE((#11720));
#11722=IFCPOLYLOOP((#2115,#2151,#2144));
#11723=IFCFACEOUTERBOUND(#11722,.T.);
#11724=IFCFACE((#11723));
#11725=IFCPOLYLOOP((#2119,#2218,#2220));
#11726=IFCFACEOUTERBOUND(#11725,.T.);
#11727=IFCFACE((#11726));
#11728=IFCPOLYLOOP((#2270,#2271,#2090));
#11729=IFCFACEOUTERBOUND(#11728,.T.);
#11730=IFCFACE((#11729));
#11731=IFCPOLYLOOP((#2148,#2271,#2272));
#11732=IFCFACEOUTERBOUND(#11731,.T.);
#11733=IFCFACE((#11732));
#11734=IFCPOLYLOOP((#2226,#2149,#2225));
#11735=IFCFACEOUTERBOUND(#11734,.T.);
#11736=IFCFACE((#11735));
#11737=IFCPOLYLOOP((#2225,#2056,#2224));
#11738=IFCFACEOUTERBOUND(#11737,.T.);
#11739=IFCFACE((#11738));
#11740=IFCPOLYLOOP((#2163,#2151,#2115));
#11741=IFCFACEOUTERBOUND(#11740,.T.);
#11742=IFCFACE((#11741));
#11743=IFCPOLYLOOP((#2152,#2151,#2117));
#11744=IFCFACEOUTERBOUND(#11743,.T.);
#11745=IFCFACE((#11744));
#11746=IFCPOLYLOOP((#2117,#2053,#2152));
#11747=IFCFACEOUTERBOUND(#11746,.T.);
#11748=IFCFACE((#11747));
#11749=IFCPOLYLOOP((#2053,#2192,#2193));
#11750=IFCFACEOUTERBOUND(#11749,.T.);
#11751=IFCFACE((#11750));
#11752=IFCPOLYLOOP((#2229,#2153,#2228));
#11753=IFCFACEOUTERBOUND(#11752,.T.);
#11754=IFCFACE((#11753));
#11755=IFCPOLYLOOP((#2228,#2081,#2227));
#11756=IFCFACEOUTERBOUND(#11755,.T.);
#11757=IFCFACE((#11756));
#11758=IFCPOLYLOOP((#2267,#2155,#2268));
#11759=IFCFACEOUTERBOUND(#11758,.T.);
#11760=IFCFACE((#11759));
#11761=IFCPOLYLOOP((#2156,#2268,#2269));
#11762=IFCFACEOUTERBOUND(#11761,.T.);
#11763=IFCFACE((#11762));
#11764=IFCPOLYLOOP((#2232,#2157,#2231));
#11765=IFCFACEOUTERBOUND(#11764,.T.);
#11766=IFCFACE((#11765));
#11767=IFCPOLYLOOP((#2231,#2077,#2230));
#11768=IFCFACEOUTERBOUND(#11767,.T.);
#11769=IFCFACE((#11768));
#11770=IFCPOLYLOOP((#2262,#2263,#2079));
#11771=IFCFACEOUTERBOUND(#11770,.T.);
#11772=IFCFACE((#11771));
#11773=IFCPOLYLOOP((#2058,#2161,#2235));
#11774=IFCFACEOUTERBOUND(#11773,.T.);
#11775=IFCFACE((#11774));
#11776=IFCPOLYLOOP((#2265,#2160,#2264));
#11777=IFCFACEOUTERBOUND(#11776,.T.);
#11778=IFCFACE((#11777));
#11779=IFCPOLYLOOP((#2234,#2080,#2233));
#11780=IFCFACEOUTERBOUND(#11779,.T.);
#11781=IFCFACE((#11780));
#11782=IFCPOLYLOOP((#2135,#2163,#2115));
#11783=IFCFACEOUTERBOUND(#11782,.T.);
#11784=IFCFACE((#11783));
#11785=IFCPOLYLOOP((#2116,#2151,#2163));
#11786=IFCFACEOUTERBOUND(#11785,.T.);
#11787=IFCFACE((#11786));
#11788=IFCPOLYLOOP((#2163,#2165,#2164));
#11789=IFCFACEOUTERBOUND(#11788,.T.);
#11790=IFCFACE((#11789));
#11791=IFCPOLYLOOP((#2134,#2164,#2165));
#11792=IFCFACEOUTERBOUND(#11791,.T.);
#11793=IFCFACE((#11792));
#11794=IFCPOLYLOOP((#2166,#2135,#2060));
#11795=IFCFACEOUTERBOUND(#11794,.T.);
#11796=IFCFACE((#11795));
#11797=IFCPOLYLOOP((#2167,#2166,#2060));
#11798=IFCFACEOUTERBOUND(#11797,.T.);
#11799=IFCFACE((#11798));
#11800=IFCPOLYLOOP((#2054,#2134,#2166));
#11801=IFCFACEOUTERBOUND(#11800,.T.);
#11802=IFCFACE((#11801));
#11803=IFCPOLYLOOP((#2060,#2130,#2167));
#11804=IFCFACEOUTERBOUND(#11803,.T.);
#11805=IFCFACE((#11804));
#11806=IFCPOLYLOOP((#2279,#2167,#2130));
#11807=IFCFACEOUTERBOUND(#11806,.T.);
#11808=IFCFACE((#11807));
#11809=IFCPOLYLOOP((#2259,#2078,#2258));
#11810=IFCFACEOUTERBOUND(#11809,.T.);
#11811=IFCFACE((#11810));
#11812=IFCPOLYLOOP((#2171,#2100,#2180));
#11813=IFCFACEOUTERBOUND(#11812,.T.);
#11814=IFCFACE((#11813));
#11815=IFCPOLYLOOP((#2259,#2260,#2078));
#11816=IFCFACEOUTERBOUND(#11815,.T.);
#11817=IFCFACE((#11816));
#11818=IFCPOLYLOOP((#2100,#2171,#2170));
#11819=IFCFACEOUTERBOUND(#11818,.T.);
#11820=IFCFACE((#11819));
#11821=IFCPOLYLOOP((#2172,#2171,#2102));
#11822=IFCFACEOUTERBOUND(#11821,.T.);
#11823=IFCFACE((#11822));
#11824=IFCPOLYLOOP((#2102,#2087,#2172));
#11825=IFCFACEOUTERBOUND(#11824,.T.);
#11826=IFCFACE((#11825));
#11827=IFCPOLYLOOP((#2280,#2172,#2087));
#11828=IFCFACEOUTERBOUND(#11827,.T.);
#11829=IFCFACE((#11828));
#11830=IFCPOLYLOOP((#2174,#2103,#2204));
#11831=IFCFACEOUTERBOUND(#11830,.T.);
#11832=IFCFACE((#11831));
#11833=IFCPOLYLOOP((#2103,#2174,#2173));
#11834=IFCFACEOUTERBOUND(#11833,.T.);
#11835=IFCFACE((#11834));
#11836=IFCPOLYLOOP((#2175,#2174,#2105));
#11837=IFCFACEOUTERBOUND(#11836,.T.);
#11838=IFCFACE((#11837));
#11839=IFCPOLYLOOP((#2105,#2091,#2175));
#11840=IFCFACEOUTERBOUND(#11839,.T.);
#11841=IFCFACE((#11840));
#11842=IFCPOLYLOOP((#2175,#2091,#2280));
#11843=IFCFACEOUTERBOUND(#11842,.T.);
#11844=IFCFACE((#11843));
#11845=IFCPOLYLOOP((#2239,#2176,#2238));
#11846=IFCFACEOUTERBOUND(#11845,.T.);
#11847=IFCFACE((#11846));
#11848=IFCPOLYLOOP((#2257,#2259,#2258));
#11849=IFCFACEOUTERBOUND(#11848,.T.);
#11850=IFCFACE((#11849));
#11851=IFCPOLYLOOP((#2070,#2239,#2238));
#11852=IFCFACEOUTERBOUND(#11851,.T.);
#11853=IFCFACE((#11852));
#11854=IFCPOLYLOOP((#2100,#2133,#2180));
#11855=IFCFACEOUTERBOUND(#11854,.T.);
#11856=IFCFACE((#11855));
#11857=IFCPOLYLOOP((#2178,#2256,#2257));
#11858=IFCFACEOUTERBOUND(#11857,.T.);
#11859=IFCFACE((#11858));
#11860=IFCPOLYLOOP((#2180,#2181,#2101));
#11861=IFCFACEOUTERBOUND(#11860,.T.);
#11862=IFCFACE((#11861));
#11863=IFCPOLYLOOP((#2180,#2182,#2181));
#11864=IFCFACEOUTERBOUND(#11863,.T.);
#11865=IFCFACE((#11864));
#11866=IFCPOLYLOOP((#2132,#2181,#2182));
#11867=IFCFACEOUTERBOUND(#11866,.T.);
#11868=IFCFACE((#11867));
#11869=IFCPOLYLOOP((#2183,#2133,#2092));
#11870=IFCFACEOUTERBOUND(#11869,.T.);
#11871=IFCFACE((#11870));
#11872=IFCPOLYLOOP((#2184,#2183,#2092));
#11873=IFCFACEOUTERBOUND(#11872,.T.);
#11874=IFCFACE((#11873));
#11875=IFCPOLYLOOP((#2089,#2132,#2183));
#11876=IFCFACEOUTERBOUND(#11875,.T.);
#11877=IFCFACE((#11876));
#11878=IFCPOLYLOOP((#2092,#2136,#2184));
#11879=IFCFACEOUTERBOUND(#11878,.T.);
#11880=IFCFACE((#11879));
#11881=IFCPOLYLOOP((#2281,#2184,#2136));
#11882=IFCFACEOUTERBOUND(#11881,.T.);
#11883=IFCFACE((#11882));
#11884=IFCPOLYLOOP((#2242,#2244,#2243));
#11885=IFCFACEOUTERBOUND(#11884,.T.);
#11886=IFCFACE((#11885));
#11887=IFCPOLYLOOP((#2189,#2187,#2112));
#11888=IFCFACEOUTERBOUND(#11887,.T.);
#11889=IFCFACE((#11888));
#11890=IFCPOLYLOOP((#2185,#2241,#2242));
#11891=IFCFACEOUTERBOUND(#11890,.T.);
#11892=IFCFACE((#11891));
#11893=IFCPOLYLOOP((#2188,#2187,#2114));
#11894=IFCFACEOUTERBOUND(#11893,.T.);
#11895=IFCFACE((#11894));
#11896=IFCPOLYLOOP((#2114,#2066,#2188));
#11897=IFCFACEOUTERBOUND(#11896,.T.);
#11898=IFCFACE((#11897));
#11899=IFCPOLYLOOP((#2282,#2188,#2066));
#11900=IFCFACEOUTERBOUND(#11899,.T.);
#11901=IFCFACE((#11900));
#11902=IFCPOLYLOOP((#2140,#2189,#2112));
#11903=IFCFACEOUTERBOUND(#11902,.T.);
#11904=IFCFACE((#11903));
#11905=IFCPOLYLOOP((#2189,#2191,#2190));
#11906=IFCFACEOUTERBOUND(#11905,.T.);
#11907=IFCFACE((#11906));
#11908=IFCPOLYLOOP((#2139,#2190,#2191));
#11909=IFCFACEOUTERBOUND(#11908,.T.);
#11910=IFCFACE((#11909));
#11911=IFCPOLYLOOP((#2192,#2140,#2057));
#11912=IFCFACEOUTERBOUND(#11911,.T.);
#11913=IFCFACE((#11912));
#11914=IFCPOLYLOOP((#2193,#2192,#2057));
#11915=IFCFACEOUTERBOUND(#11914,.T.);
#11916=IFCFACE((#11915));
#11917=IFCPOLYLOOP((#2053,#2139,#2192));
#11918=IFCFACEOUTERBOUND(#11917,.T.);
#11919=IFCFACE((#11918));
#11920=IFCPOLYLOOP((#2144,#2193,#2057));
#11921=IFCFACEOUTERBOUND(#11920,.T.);
#11922=IFCFACE((#11921));
#11923=IFCPOLYLOOP((#2053,#2193,#2152));
#11924=IFCFACEOUTERBOUND(#11923,.T.);
#11925=IFCFACE((#11924));
#11926=IFCPOLYLOOP((#2254,#2194,#2253));
#11927=IFCFACEOUTERBOUND(#11926,.T.);
#11928=IFCFACE((#11927));
#11929=IFCPOLYLOOP((#2197,#2111,#2199));
#11930=IFCFACEOUTERBOUND(#11929,.T.);
#11931=IFCFACE((#11930));
#11932=IFCPOLYLOOP((#2252,#2253,#2194));
#11933=IFCFACEOUTERBOUND(#11932,.T.);
#11934=IFCFACE((#11933));
#11935=IFCPOLYLOOP((#2196,#2109,#2197));
#11936=IFCFACEOUTERBOUND(#11935,.T.);
#11937=IFCFACE((#11936));
#11938=IFCPOLYLOOP((#2110,#2111,#2197));
#11939=IFCFACEOUTERBOUND(#11938,.T.);
#11940=IFCFACE((#11939));
#11941=IFCPOLYLOOP((#2109,#2137,#2198));
#11942=IFCFACEOUTERBOUND(#11941,.T.);
#11943=IFCFACE((#11942));
#11944=IFCPOLYLOOP((#2198,#2137,#2281));
#11945=IFCFACEOUTERBOUND(#11944,.T.);
#11946=IFCFACE((#11945));
#11947=IFCPOLYLOOP((#2073,#2199,#2111));
#11948=IFCFACEOUTERBOUND(#11947,.T.);
#11949=IFCFACE((#11948));
#11950=IFCPOLYLOOP((#2199,#2201,#2200));
#11951=IFCFACEOUTERBOUND(#11950,.T.);
#11952=IFCFACE((#11951));
#11953=IFCPOLYLOOP((#2063,#2200,#2201));
#11954=IFCFACEOUTERBOUND(#11953,.T.);
#11955=IFCFACE((#11954));
#11956=IFCPOLYLOOP((#2202,#2073,#2142));
#11957=IFCFACEOUTERBOUND(#11956,.T.);
#11958=IFCFACE((#11957));
#11959=IFCPOLYLOOP((#2203,#2202,#2142));
#11960=IFCFACEOUTERBOUND(#11959,.T.);
#11961=IFCFACE((#11960));
#11962=IFCPOLYLOOP((#2143,#2063,#2202));
#11963=IFCFACEOUTERBOUND(#11962,.T.);
#11964=IFCFACE((#11963));
#11965=IFCPOLYLOOP((#2142,#2122,#2203));
#11966=IFCFACEOUTERBOUND(#11965,.T.);
#11967=IFCFACE((#11966));
#11968=IFCPOLYLOOP((#2203,#2122,#2277));
#11969=IFCFACEOUTERBOUND(#11968,.T.);
#11970=IFCFACE((#11969));
#11971=IFCPOLYLOOP((#2127,#2206,#2103));
#11972=IFCFACEOUTERBOUND(#11971,.T.);
#11973=IFCFACE((#11972));
#11974=IFCPOLYLOOP((#2204,#2205,#2104));
#11975=IFCFACEOUTERBOUND(#11974,.T.);
#11976=IFCFACE((#11975));
#11977=IFCPOLYLOOP((#2204,#2206,#2205));
#11978=IFCFACEOUTERBOUND(#11977,.T.);
#11979=IFCFACE((#11978));
#11980=IFCPOLYLOOP((#2126,#2205,#2206));
#11981=IFCFACEOUTERBOUND(#11980,.T.);
#11982=IFCFACE((#11981));
#11983=IFCPOLYLOOP((#2207,#2127,#2094));
#11984=IFCFACEOUTERBOUND(#11983,.T.);
#11985=IFCFACE((#11984));
#11986=IFCPOLYLOOP((#2208,#2207,#2094));
#11987=IFCFACEOUTERBOUND(#11986,.T.);
#11988=IFCFACE((#11987));
#11989=IFCPOLYLOOP((#2093,#2126,#2207));
#11990=IFCFACEOUTERBOUND(#11989,.T.);
#11991=IFCFACE((#11990));
#11992=IFCPOLYLOOP((#2094,#2125,#2208));
#11993=IFCFACEOUTERBOUND(#11992,.T.);
#11994=IFCFACE((#11993));
#11995=IFCPOLYLOOP((#2283,#2208,#2125));
#11996=IFCFACEOUTERBOUND(#11995,.T.);
#11997=IFCFACE((#11996));
#11998=IFCPOLYLOOP((#2209,#2248,#2247));
#11999=IFCFACEOUTERBOUND(#11998,.T.);
#12000=IFCFACE((#11999));
#12001=IFCPOLYLOOP((#2244,#2061,#2243));
#12002=IFCFACEOUTERBOUND(#12001,.T.);
#12003=IFCFACE((#12002));
#12004=IFCPOLYLOOP((#2247,#2248,#2062));
#12005=IFCFACEOUTERBOUND(#12004,.T.);
#12006=IFCFACE((#12005));
#12007=IFCPOLYLOOP((#2213,#2099,#2215));
#12008=IFCFACEOUTERBOUND(#12007,.T.);
#12009=IFCFACE((#12008));
#12010=IFCPOLYLOOP((#2244,#2245,#2061));
#12011=IFCFACEOUTERBOUND(#12010,.T.);
#12012=IFCFACE((#12011));
#12013=IFCPOLYLOOP((#2214,#2213,#2097));
#12014=IFCFACEOUTERBOUND(#12013,.T.);
#12015=IFCFACE((#12014));
#12016=IFCPOLYLOOP((#2097,#2131,#2214));
#12017=IFCFACEOUTERBOUND(#12016,.T.);
#12018=IFCFACE((#12017));
#12019=IFCPOLYLOOP((#2214,#2131,#2279));
#12020=IFCFACEOUTERBOUND(#12019,.T.);
#12021=IFCFACE((#12020));
#12022=IFCPOLYLOOP((#2049,#2215,#2099));
#12023=IFCFACEOUTERBOUND(#12022,.T.);
#12024=IFCFACE((#12023));
#12025=IFCPOLYLOOP((#2050,#2108,#2215));
#12026=IFCFACEOUTERBOUND(#12025,.T.);
#12027=IFCFACE((#12026));
#12028=IFCPOLYLOOP((#2222,#2218,#2120));
#12029=IFCFACEOUTERBOUND(#12028,.T.);
#12030=IFCFACE((#12029));
#12031=IFCPOLYLOOP((#2146,#2220,#2219));
#12032=IFCFACEOUTERBOUND(#12031,.T.);
#12033=IFCFACE((#12032));
#12034=IFCPOLYLOOP((#2219,#2220,#2218));
#12035=IFCFACEOUTERBOUND(#12034,.T.);
#12036=IFCFACE((#12035));
#12037=IFCPOLYLOOP((#2221,#2220,#2146));
#12038=IFCFACEOUTERBOUND(#12037,.T.);
#12039=IFCFACE((#12038));
#12040=IFCPOLYLOOP((#2145,#2119,#2220));
#12041=IFCFACEOUTERBOUND(#12040,.T.);
#12042=IFCFACE((#12041));
#12043=IFCPOLYLOOP((#2146,#2059,#2221));
#12044=IFCFACEOUTERBOUND(#12043,.T.);
#12045=IFCFACE((#12044));
#12046=IFCPOLYLOOP((#2221,#2059,#2282));
#12047=IFCFACEOUTERBOUND(#12046,.T.);
#12048=IFCFACE((#12047));
#12049=IFCPOLYLOOP((#2052,#2222,#2120));
#12050=IFCFACEOUTERBOUND(#12049,.T.);
#12051=IFCFACE((#12050));
#12052=IFCPOLYLOOP((#2118,#2222,#2128));
#12053=IFCFACEOUTERBOUND(#12052,.T.);
#12054=IFCFACE((#12053));
#12055=IFCPOLYLOOP((#2224,#2223,#2052));
#12056=IFCFACEOUTERBOUND(#12055,.T.);
#12057=IFCFACE((#12056));
#12058=IFCPOLYLOOP((#2056,#2128,#2223));
#12059=IFCFACEOUTERBOUND(#12058,.T.);
#12060=IFCFACE((#12059));
#12061=IFCPOLYLOOP((#2052,#2150,#2224));
#12062=IFCFACEOUTERBOUND(#12061,.T.);
#12063=IFCFACE((#12062));
#12064=IFCPOLYLOOP((#2225,#2224,#2150));
#12065=IFCFACEOUTERBOUND(#12064,.T.);
#12066=IFCFACE((#12065));
#12067=IFCPOLYLOOP((#2226,#2150,#2083));
#12068=IFCFACEOUTERBOUND(#12067,.T.);
#12069=IFCFACE((#12068));
#12070=IFCPOLYLOOP((#2056,#2225,#2149));
#12071=IFCFACEOUTERBOUND(#12070,.T.);
#12072=IFCFACE((#12071));
#12073=IFCPOLYLOOP((#2227,#2226,#2083));
#12074=IFCFACEOUTERBOUND(#12073,.T.);
#12075=IFCFACE((#12074));
#12076=IFCPOLYLOOP((#2081,#2149,#2226));
#12077=IFCFACEOUTERBOUND(#12076,.T.);
#12078=IFCFACE((#12077));
#12079=IFCPOLYLOOP((#2083,#2154,#2227));
#12080=IFCFACEOUTERBOUND(#12079,.T.);
#12081=IFCFACE((#12080));
#12082=IFCPOLYLOOP((#2228,#2227,#2154));
#12083=IFCFACEOUTERBOUND(#12082,.T.);
#12084=IFCFACE((#12083));
#12085=IFCPOLYLOOP((#2229,#2154,#2067));
#12086=IFCFACEOUTERBOUND(#12085,.T.);
#12087=IFCFACE((#12086));
#12088=IFCPOLYLOOP((#2081,#2228,#2153));
#12089=IFCFACEOUTERBOUND(#12088,.T.);
#12090=IFCFACE((#12089));
#12091=IFCPOLYLOOP((#2230,#2229,#2067));
#12092=IFCFACEOUTERBOUND(#12091,.T.);
#12093=IFCFACE((#12092));
#12094=IFCPOLYLOOP((#2077,#2153,#2229));
#12095=IFCFACEOUTERBOUND(#12094,.T.);
#12096=IFCFACE((#12095));
#12097=IFCPOLYLOOP((#2067,#2158,#2230));
#12098=IFCFACEOUTERBOUND(#12097,.T.);
#12099=IFCFACE((#12098));
#12100=IFCPOLYLOOP((#2231,#2230,#2158));
#12101=IFCFACEOUTERBOUND(#12100,.T.);
#12102=IFCFACE((#12101));
#12103=IFCPOLYLOOP((#2232,#2158,#2085));
#12104=IFCFACEOUTERBOUND(#12103,.T.);
#12105=IFCFACE((#12104));
#12106=IFCPOLYLOOP((#2077,#2231,#2157));
#12107=IFCFACEOUTERBOUND(#12106,.T.);
#12108=IFCFACE((#12107));
#12109=IFCPOLYLOOP((#2233,#2232,#2085));
#12110=IFCFACEOUTERBOUND(#12109,.T.);
#12111=IFCFACE((#12110));
#12112=IFCPOLYLOOP((#2080,#2157,#2232));
#12113=IFCFACEOUTERBOUND(#12112,.T.);
#12114=IFCFACE((#12113));
#12115=IFCPOLYLOOP((#2085,#2162,#2233));
#12116=IFCFACEOUTERBOUND(#12115,.T.);
#12117=IFCFACE((#12116));
#12118=IFCPOLYLOOP((#2234,#2233,#2162));
#12119=IFCFACEOUTERBOUND(#12118,.T.);
#12120=IFCFACE((#12119));
#12121=IFCPOLYLOOP((#2235,#2162,#2064));
#12122=IFCFACEOUTERBOUND(#12121,.T.);
#12123=IFCFACE((#12122));
#12124=IFCPOLYLOOP((#2080,#2234,#2161));
#12125=IFCFACEOUTERBOUND(#12124,.T.);
#12126=IFCFACE((#12125));
#12127=IFCPOLYLOOP((#2162,#2235,#2234));
#12128=IFCFACEOUTERBOUND(#12127,.T.);
#12129=IFCFACE((#12128));
#12130=IFCPOLYLOOP((#2235,#2064,#2236));
#12131=IFCFACEOUTERBOUND(#12130,.T.);
#12132=IFCFACE((#12131));
#12133=IFCPOLYLOOP((#2064,#2177,#2236));
#12134=IFCFACEOUTERBOUND(#12133,.T.);
#12135=IFCFACE((#12134));
#12136=IFCPOLYLOOP((#2236,#2237,#2058));
#12137=IFCFACEOUTERBOUND(#12136,.T.);
#12138=IFCFACE((#12137));
#12139=IFCPOLYLOOP((#2238,#2236,#2177));
#12140=IFCFACEOUTERBOUND(#12139,.T.);
#12141=IFCFACE((#12140));
#12142=IFCPOLYLOOP((#2236,#2238,#2237));
#12143=IFCFACEOUTERBOUND(#12142,.T.);
#12144=IFCFACE((#12143));
#12145=IFCPOLYLOOP((#2070,#2238,#2177));
#12146=IFCFACEOUTERBOUND(#12145,.T.);
#12147=IFCFACE((#12146));
#12148=IFCPOLYLOOP((#2239,#2070,#2240));
#12149=IFCFACEOUTERBOUND(#12148,.T.);
#12150=IFCFACE((#12149));
#12151=IFCPOLYLOOP((#2076,#2176,#2239));
#12152=IFCFACEOUTERBOUND(#12151,.T.);
#12153=IFCFACE((#12152));
#12154=IFCPOLYLOOP((#2241,#2076,#2239));
#12155=IFCFACEOUTERBOUND(#12154,.T.);
#12156=IFCFACE((#12155));
#12157=IFCPOLYLOOP((#2240,#2241,#2239));
#12158=IFCFACEOUTERBOUND(#12157,.T.);
#12159=IFCFACE((#12158));
#12160=IFCPOLYLOOP((#2185,#2076,#2241));
#12161=IFCFACEOUTERBOUND(#12160,.T.);
#12162=IFCFACE((#12161));
#12163=IFCPOLYLOOP((#2186,#2068,#2242));
#12164=IFCFACEOUTERBOUND(#12163,.T.);
#12165=IFCFACE((#12164));
#12166=IFCPOLYLOOP((#2242,#2243,#2185));
#12167=IFCFACEOUTERBOUND(#12166,.T.);
#12168=IFCFACE((#12167));
#12169=IFCPOLYLOOP((#2244,#2242,#2068));
#12170=IFCFACEOUTERBOUND(#12169,.T.);
#12171=IFCFACE((#12170));
#12172=IFCPOLYLOOP((#2068,#2211,#2244));
#12173=IFCFACEOUTERBOUND(#12172,.T.);
#12174=IFCFACE((#12173));
#12175=IFCPOLYLOOP((#2245,#2244,#2211));
#12176=IFCFACEOUTERBOUND(#12175,.T.);
#12177=IFCFACE((#12176));
#12178=IFCPOLYLOOP((#2246,#2211,#2071));
#12179=IFCFACEOUTERBOUND(#12178,.T.);
#12180=IFCFACE((#12179));
#12181=IFCPOLYLOOP((#2212,#2061,#2245));
#12182=IFCFACEOUTERBOUND(#12181,.T.);
#12183=IFCFACE((#12182));
#12184=IFCPOLYLOOP((#2211,#2246,#2245));
#12185=IFCFACEOUTERBOUND(#12184,.T.);
#12186=IFCFACE((#12185));
#12187=IFCPOLYLOOP((#2247,#2246,#2071));
#12188=IFCFACEOUTERBOUND(#12187,.T.);
#12189=IFCFACE((#12188));
#12190=IFCPOLYLOOP((#2209,#2247,#2071));
#12191=IFCFACEOUTERBOUND(#12190,.T.);
#12192=IFCFACE((#12191));
#12193=IFCPOLYLOOP((#2212,#2247,#2062));
#12194=IFCFACEOUTERBOUND(#12193,.T.);
#12195=IFCFACE((#12194));
#12196=IFCPOLYLOOP((#2248,#2209,#2249));
#12197=IFCFACEOUTERBOUND(#12196,.T.);
#12198=IFCFACE((#12197));
#12199=IFCPOLYLOOP((#2210,#2062,#2248));
#12200=IFCFACEOUTERBOUND(#12199,.T.);
#12201=IFCFACE((#12200));
#12202=IFCPOLYLOOP((#2250,#2055,#2210));
#12203=IFCFACEOUTERBOUND(#12202,.T.);
#12204=IFCFACE((#12203));
#12205=IFCPOLYLOOP((#2249,#2250,#2248));
#12206=IFCFACEOUTERBOUND(#12205,.T.);
#12207=IFCFACE((#12206));
#12208=IFCPOLYLOOP((#2248,#2250,#2210));
#12209=IFCFACEOUTERBOUND(#12208,.T.);
#12210=IFCFACE((#12209));
#12211=IFCPOLYLOOP((#2051,#2195,#2251));
#12212=IFCFACEOUTERBOUND(#12211,.T.);
#12213=IFCFACE((#12212));
#12214=IFCPOLYLOOP((#2251,#2252,#2055));
#12215=IFCFACEOUTERBOUND(#12214,.T.);
#12216=IFCFACE((#12215));
#12217=IFCPOLYLOOP((#2253,#2251,#2195));
#12218=IFCFACEOUTERBOUND(#12217,.T.);
#12219=IFCFACE((#12218));
#12220=IFCPOLYLOOP((#2195,#2072,#2253));
#12221=IFCFACEOUTERBOUND(#12220,.T.);
#12222=IFCFACE((#12221));
#12223=IFCPOLYLOOP((#2254,#2253,#2072));
#12224=IFCFACEOUTERBOUND(#12223,.T.);
#12225=IFCFACE((#12224));
#12226=IFCPOLYLOOP((#2254,#2072,#2255));
#12227=IFCFACEOUTERBOUND(#12226,.T.);
#12228=IFCFACE((#12227));
#12229=IFCPOLYLOOP((#2082,#2194,#2254));
#12230=IFCFACEOUTERBOUND(#12229,.T.);
#12231=IFCFACE((#12230));
#12232=IFCPOLYLOOP((#2256,#2178,#2082));
#12233=IFCFACEOUTERBOUND(#12232,.T.);
#12234=IFCFACE((#12233));
#12235=IFCPOLYLOOP((#2255,#2256,#2254));
#12236=IFCFACEOUTERBOUND(#12235,.T.);
#12237=IFCFACE((#12236));
#12238=IFCPOLYLOOP((#2254,#2256,#2082));
#12239=IFCFACEOUTERBOUND(#12238,.T.);
#12240=IFCFACE((#12239));
#12241=IFCPOLYLOOP((#2179,#2069,#2257));
#12242=IFCFACEOUTERBOUND(#12241,.T.);
#12243=IFCFACE((#12242));
#12244=IFCPOLYLOOP((#2257,#2258,#2178));
#12245=IFCFACEOUTERBOUND(#12244,.T.);
#12246=IFCFACE((#12245));
#12247=IFCPOLYLOOP((#2259,#2257,#2069));
#12248=IFCFACEOUTERBOUND(#12247,.T.);
#12249=IFCFACE((#12248));
#12250=IFCPOLYLOOP((#2069,#2168,#2259));
#12251=IFCFACEOUTERBOUND(#12250,.T.);
#12252=IFCFACE((#12251));
#12253=IFCPOLYLOOP((#2260,#2259,#2168));
#12254=IFCFACEOUTERBOUND(#12253,.T.);
#12255=IFCFACE((#12254));
#12256=IFCPOLYLOOP((#2260,#2168,#2261));
#12257=IFCFACEOUTERBOUND(#12256,.T.);
#12258=IFCFACE((#12257));
#12259=IFCPOLYLOOP((#2169,#2078,#2260));
#12260=IFCFACEOUTERBOUND(#12259,.T.);
#12261=IFCFACE((#12260));
#12262=IFCPOLYLOOP((#2262,#2169,#2260));
#12263=IFCFACEOUTERBOUND(#12262,.T.);
#12264=IFCFACE((#12263));
#12265=IFCPOLYLOOP((#2261,#2262,#2260));
#12266=IFCFACEOUTERBOUND(#12265,.T.);
#12267=IFCFACE((#12266));
#12268=IFCPOLYLOOP((#2079,#2169,#2262));
#12269=IFCFACEOUTERBOUND(#12268,.T.);
#12270=IFCFACE((#12269));
#12271=IFCPOLYLOOP((#2084,#2159,#2263));
#12272=IFCFACEOUTERBOUND(#12271,.T.);
#12273=IFCFACE((#12272));
#12274=IFCPOLYLOOP((#2263,#2264,#2079));
#12275=IFCFACEOUTERBOUND(#12274,.T.);
#12276=IFCFACE((#12275));
#12277=IFCPOLYLOOP((#2265,#2263,#2159));
#12278=IFCFACEOUTERBOUND(#12277,.T.);
#12279=IFCFACE((#12278));
#12280=IFCPOLYLOOP((#2263,#2265,#2264));
#12281=IFCFACEOUTERBOUND(#12280,.T.);
#12282=IFCFACE((#12281));
#12283=IFCPOLYLOOP((#2065,#2265,#2159));
#12284=IFCFACEOUTERBOUND(#12283,.T.);
#12285=IFCFACE((#12284));
#12286=IFCPOLYLOOP((#2266,#2065,#2267));
#12287=IFCFACEOUTERBOUND(#12286,.T.);
#12288=IFCFACE((#12287));
#12289=IFCPOLYLOOP((#2074,#2160,#2266));
#12290=IFCFACEOUTERBOUND(#12289,.T.);
#12291=IFCFACE((#12290));
#12292=IFCPOLYLOOP((#2268,#2074,#2266));
#12293=IFCFACEOUTERBOUND(#12292,.T.);
#12294=IFCFACE((#12293));
#12295=IFCPOLYLOOP((#2267,#2268,#2266));
#12296=IFCFACEOUTERBOUND(#12295,.T.);
#12297=IFCFACE((#12296));
#12298=IFCPOLYLOOP((#2156,#2074,#2268));
#12299=IFCFACEOUTERBOUND(#12298,.T.);
#12300=IFCFACE((#12299));
#12301=IFCPOLYLOOP((#2155,#2088,#2269));
#12302=IFCFACEOUTERBOUND(#12301,.T.);
#12303=IFCFACE((#12302));
#12304=IFCPOLYLOOP((#2270,#2269,#2088));
#12305=IFCFACEOUTERBOUND(#12304,.T.);
#12306=IFCFACE((#12305));
#12307=IFCPOLYLOOP((#2271,#2088,#2147));
#12308=IFCFACEOUTERBOUND(#12307,.T.);
#12309=IFCFACE((#12308));
#12310=IFCPOLYLOOP((#2156,#2270,#2090));
#12311=IFCFACEOUTERBOUND(#12310,.T.);
#12312=IFCFACE((#12311));
#12313=IFCPOLYLOOP((#2088,#2271,#2270));
#12314=IFCFACEOUTERBOUND(#12313,.T.);
#12315=IFCFACE((#12314));
#12316=IFCPOLYLOOP((#2271,#2147,#2272));
#12317=IFCFACEOUTERBOUND(#12316,.T.);
#12318=IFCFACE((#12317));
#12319=IFCPOLYLOOP((#2147,#2086,#2272));
#12320=IFCFACEOUTERBOUND(#12319,.T.);
#12321=IFCFACE((#12320));
#12322=IFCPOLYLOOP((#2272,#2273,#2148));
#12323=IFCFACEOUTERBOUND(#12322,.T.);
#12324=IFCFACE((#12323));
#12325=IFCPOLYLOOP((#2272,#2274,#2273));
#12326=IFCFACEOUTERBOUND(#12325,.T.);
#12327=IFCFACE((#12326));
#12328=IFCPOLYLOOP((#2075,#2273,#2274));
#12329=IFCFACEOUTERBOUND(#12328,.T.);
#12330=IFCFACE((#12329));
#12331=IFCPOLYLOOP((#2275,#2086,#2129));
#12332=IFCFACEOUTERBOUND(#12331,.T.);
#12333=IFCFACE((#12332));
#12334=IFCPOLYLOOP((#2276,#2275,#2129));
#12335=IFCFACEOUTERBOUND(#12334,.T.);
#12336=IFCFACE((#12335));
#12337=IFCPOLYLOOP((#2123,#2075,#2275));
#12338=IFCFACEOUTERBOUND(#12337,.T.);
#12339=IFCFACE((#12338));
#12340=IFCPOLYLOOP((#2129,#2121,#2276));
#12341=IFCFACEOUTERBOUND(#12340,.T.);
#12342=IFCFACE((#12341));
#12343=IFCPOLYLOOP((#2277,#2276,#2121));
#12344=IFCFACEOUTERBOUND(#12343,.T.);
#12345=IFCFACE((#12344));
#12346=IFCPOLYLOOP((#2203,#2277,#2121));
#12347=IFCFACEOUTERBOUND(#12346,.T.);
#12348=IFCFACE((#12347));
#12349=IFCPOLYLOOP((#2123,#2277,#2122));
#12350=IFCFACEOUTERBOUND(#12349,.T.);
#12351=IFCFACE((#12350));
#12352=IFCPOLYLOOP((#2278,#2124,#2283));
#12353=IFCFACEOUTERBOUND(#12352,.T.);
#12354=IFCFACE((#12353));
#12355=IFCPOLYLOOP((#2214,#2279,#2130));
#12356=IFCFACEOUTERBOUND(#12355,.T.);
#12357=IFCFACE((#12356));
#12358=IFCPOLYLOOP((#2054,#2279,#2131));
#12359=IFCFACEOUTERBOUND(#12358,.T.);
#12360=IFCFACE((#12359));
#12361=IFCPOLYLOOP((#2175,#2280,#2087));
#12362=IFCFACEOUTERBOUND(#12361,.T.);
#12363=IFCFACE((#12362));
#12364=IFCPOLYLOOP((#2170,#2280,#2091));
#12365=IFCFACEOUTERBOUND(#12364,.T.);
#12366=IFCFACE((#12365));
#12367=IFCPOLYLOOP((#2198,#2281,#2136));
#12368=IFCFACEOUTERBOUND(#12367,.T.);
#12369=IFCFACE((#12368));
#12370=IFCPOLYLOOP((#2089,#2281,#2137));
#12371=IFCFACEOUTERBOUND(#12370,.T.);
#12372=IFCFACE((#12371));
#12373=IFCPOLYLOOP((#2221,#2282,#2066));
#12374=IFCFACEOUTERBOUND(#12373,.T.);
#12375=IFCFACE((#12374));
#12376=IFCPOLYLOOP((#2141,#2282,#2059));
#12377=IFCFACEOUTERBOUND(#12376,.T.);
#12378=IFCFACE((#12377));
#12379=IFCPOLYLOOP((#2278,#2283,#2125));
#12380=IFCFACEOUTERBOUND(#12379,.T.);
#12381=IFCFACE((#12380));
#12382=IFCPOLYLOOP((#2093,#2283,#2124));
#12383=IFCFACEOUTERBOUND(#12382,.T.);
#12384=IFCFACE((#12383));
#12385=IFCPOLYLOOP((#2361,#2355,#2360));
#12386=IFCFACEOUTERBOUND(#12385,.T.);
#12387=IFCFACE((#12386));
#12388=IFCPOLYLOOP((#2285,#2295,#2284));
#12389=IFCFACEOUTERBOUND(#12388,.T.);
#12390=IFCFACE((#12389));
#12391=IFCPOLYLOOP((#2288,#2289,#2327));
#12392=IFCFACEOUTERBOUND(#12391,.T.);
#12393=IFCFACE((#12392));
#12394=IFCPOLYLOOP((#2342,#2340,#2444));
#12395=IFCFACEOUTERBOUND(#12394,.T.);
#12396=IFCFACE((#12395));
#12397=IFCPOLYLOOP((#2395,#2394,#2309));
#12398=IFCFACEOUTERBOUND(#12397,.T.);
#12399=IFCFACE((#12398));
#12400=IFCPOLYLOOP((#2327,#2326,#2329));
#12401=IFCFACEOUTERBOUND(#12400,.T.);
#12402=IFCFACE((#12401));
#12403=IFCPOLYLOOP((#2385,#2446,#2437,#2381));
#12404=IFCFACEOUTERBOUND(#12403,.T.);
#12405=IFCFACE((#12404));
#12406=IFCPOLYLOOP((#2412,#2410,#2411));
#12407=IFCFACEOUTERBOUND(#12406,.T.);
#12408=IFCFACE((#12407));
#12409=IFCPOLYLOOP((#2337,#2343,#2346));
#12410=IFCFACEOUTERBOUND(#12409,.T.);
#12411=IFCFACE((#12410));
#12412=IFCPOLYLOOP((#2423,#2357,#2422));
#12413=IFCFACEOUTERBOUND(#12412,.T.);
#12414=IFCFACE((#12413));
#12415=IFCPOLYLOOP((#2346,#2343,#2299));
#12416=IFCFACEOUTERBOUND(#12415,.T.);
#12417=IFCFACE((#12416));
#12418=IFCPOLYLOOP((#2287,#2288,#2327));
#12419=IFCFACEOUTERBOUND(#12418,.T.);
#12420=IFCFACE((#12419));
#12421=IFCPOLYLOOP((#1313,#2284,#2295));
#12422=IFCFACEOUTERBOUND(#12421,.T.);
#12423=IFCFACE((#12422));
#12424=IFCPOLYLOOP((#2329,#2287,#2327));
#12425=IFCFACEOUTERBOUND(#12424,.T.);
#12426=IFCFACE((#12425));
#12427=IFCPOLYLOOP((#2445,#2346,#2373));
#12428=IFCFACEOUTERBOUND(#12427,.T.);
#12429=IFCFACE((#12428));
#12430=IFCPOLYLOOP((#2286,#2287,#2329));
#12431=IFCFACEOUTERBOUND(#12430,.T.);
#12432=IFCFACE((#12431));
#12433=IFCPOLYLOOP((#2336,#2343,#2372));
#12434=IFCFACEOUTERBOUND(#12433,.T.);
#12435=IFCFACE((#12434));
#12436=IFCPOLYLOOP((#2449,#2314,#2424));
#12437=IFCFACEOUTERBOUND(#12436,.T.);
#12438=IFCFACE((#12437));
#12439=IFCPOLYLOOP((#2376,#2375,#2378));
#12440=IFCFACEOUTERBOUND(#12439,.T.);
#12441=IFCFACE((#12440));
#12442=IFCPOLYLOOP((#2354,#2410,#2412));
#12443=IFCFACEOUTERBOUND(#12442,.T.);
#12444=IFCFACE((#12443));
#12445=IFCPOLYLOOP((#2352,#2349,#2298));
#12446=IFCFACEOUTERBOUND(#12445,.T.);
#12447=IFCFACE((#12446));
#12448=IFCPOLYLOOP((#2407,#2406,#2334));
#12449=IFCFACEOUTERBOUND(#12448,.T.);
#12450=IFCFACE((#12449));
#12451=IFCPOLYLOOP((#2419,#2418,#2417));
#12452=IFCFACEOUTERBOUND(#12451,.T.);
#12453=IFCFACE((#12452));
#12454=IFCPOLYLOOP((#2383,#2305,#2380));
#12455=IFCFACEOUTERBOUND(#12454,.T.);
#12456=IFCFACE((#12455));
#12457=IFCPOLYLOOP((#2440,#2311,#2442,#2315));
#12458=IFCFACEOUTERBOUND(#12457,.T.);
#12459=IFCFACE((#12458));
#12460=IFCPOLYLOOP((#2349,#2352,#2307));
#12461=IFCFACEOUTERBOUND(#12460,.T.);
#12462=IFCFACE((#12461));
#12463=IFCPOLYLOOP((#2340,#2342,#2324));
#12464=IFCFACEOUTERBOUND(#12463,.T.);
#12465=IFCFACE((#12464));
#12466=IFCPOLYLOOP((#2399,#2401,#2429));
#12467=IFCFACEOUTERBOUND(#12466,.T.);
#12468=IFCFACE((#12467));
#12469=IFCPOLYLOOP((#2332,#2416,#2414));
#12470=IFCFACEOUTERBOUND(#12469,.T.);
#12471=IFCFACE((#12470));
#12472=IFCPOLYLOOP((#2294,#2372,#2343));
#12473=IFCFACEOUTERBOUND(#12472,.T.);
#12474=IFCFACE((#12473));
#12475=IFCPOLYLOOP((#2363,#2365,#2366));
#12476=IFCFACEOUTERBOUND(#12475,.T.);
#12477=IFCFACE((#12476));
#12478=IFCPOLYLOOP((#2396,#2397,#2409));
#12479=IFCFACEOUTERBOUND(#12478,.T.);
#12480=IFCFACE((#12479));
#12481=IFCPOLYLOOP((#2310,#2421,#2422));
#12482=IFCFACEOUTERBOUND(#12481,.T.);
#12483=IFCFACE((#12482));
#12484=IFCPOLYLOOP((#2438,#2290,#2436));
#12485=IFCFACEOUTERBOUND(#12484,.T.);
#12486=IFCFACE((#12485));
#12487=IFCPOLYLOOP((#2359,#2319,#2390,#2388));
#12488=IFCFACEOUTERBOUND(#12487,.T.);
#12489=IFCFACE((#12488));
#12490=IFCPOLYLOOP((#2407,#2448,#2406));
#12491=IFCFACEOUTERBOUND(#12490,.T.);
#12492=IFCFACE((#12491));
#12493=IFCPOLYLOOP((#2398,#2395,#2428));
#12494=IFCFACEOUTERBOUND(#12493,.T.);
#12495=IFCFACE((#12494));
#12496=IFCPOLYLOOP((#2360,#2356,#2361));
#12497=IFCFACEOUTERBOUND(#12496,.T.);
#12498=IFCFACE((#12497));
#12499=IFCPOLYLOOP((#2437,#2438,#2303));
#12500=IFCFACEOUTERBOUND(#12499,.T.);
#12501=IFCFACE((#12500));
#12502=IFCPOLYLOOP((#2342,#2444,#2325));
#12503=IFCFACEOUTERBOUND(#12502,.T.);
#12504=IFCFACE((#12503));
#12505=IFCPOLYLOOP((#2441,#2442,#2448));
#12506=IFCFACEOUTERBOUND(#12505,.T.);
#12507=IFCFACE((#12506));
#12508=IFCPOLYLOOP((#2389,#2321,#2387));
#12509=IFCFACEOUTERBOUND(#12508,.T.);
#12510=IFCFACE((#12509));
#12511=IFCPOLYLOOP((#2341,#2353,#2342));
#12512=IFCFACEOUTERBOUND(#12511,.T.);
#12513=IFCFACE((#12512));
#12514=IFCPOLYLOOP((#2308,#2364,#2361));
#12515=IFCFACEOUTERBOUND(#12514,.T.);
#12516=IFCFACE((#12515));
#12517=IFCPOLYLOOP((#2329,#2295,#2286));
#12518=IFCFACEOUTERBOUND(#12517,.T.);
#12519=IFCFACE((#12518));
#12520=IFCPOLYLOOP((#2336,#2372,#2326));
#12521=IFCFACEOUTERBOUND(#12520,.T.);
#12522=IFCFACE((#12521));
#12523=IFCPOLYLOOP((#2295,#2285,#2286));
#12524=IFCFACEOUTERBOUND(#12523,.T.);
#12525=IFCFACE((#12524));
#12526=IFCPOLYLOOP((#2339,#1682,#1314,#2330,#2325));
#12527=IFCFACEOUTERBOUND(#12526,.T.);
#12528=IFCFACE((#12527));
#12529=IFCPOLYLOOP((#2294,#2295,#2329));
#12530=IFCFACEOUTERBOUND(#12529,.T.);
#12531=IFCFACE((#12530));
#12532=IFCPOLYLOOP((#1682,#2339,#2328,#2338,#1683));
#12533=IFCFACEOUTERBOUND(#12532,.T.);
#12534=IFCFACE((#12533));
#12535=IFCPOLYLOOP((#2375,#2368,#2367));
#12536=IFCFACEOUTERBOUND(#12535,.T.);
#12537=IFCFACE((#12536));
#12538=IFCPOLYLOOP((#2332,#2417,#2418));
#12539=IFCFACEOUTERBOUND(#12538,.T.);
#12540=IFCFACE((#12539));
#12541=IFCPOLYLOOP((#2334,#2405,#2407));
#12542=IFCFACEOUTERBOUND(#12541,.T.);
#12543=IFCFACE((#12542));
#12544=IFCPOLYLOOP((#2447,#2402,#2430));
#12545=IFCFACEOUTERBOUND(#12544,.T.);
#12546=IFCFACE((#12545));
#12547=IFCPOLYLOOP((#2336,#2299,#2343));
#12548=IFCFACEOUTERBOUND(#12547,.T.);
#12549=IFCFACE((#12548));
#12550=IFCPOLYLOOP((#2294,#2329,#2372));
#12551=IFCFACEOUTERBOUND(#12550,.T.);
#12552=IFCFACE((#12551));
#12553=IFCPOLYLOOP((#2325,#2341,#2342));
#12554=IFCFACEOUTERBOUND(#12553,.T.);
#12555=IFCFACE((#12554));
#12556=IFCPOLYLOOP((#2339,#2444,#2328));
#12557=IFCFACEOUTERBOUND(#12556,.T.);
#12558=IFCFACE((#12557));
#12559=IFCPOLYLOOP((#2387,#2388,#2389));
#12560=IFCFACEOUTERBOUND(#12559,.T.);
#12561=IFCFACE((#12560));
#12562=IFCPOLYLOOP((#2353,#2324,#2342));
#12563=IFCFACEOUTERBOUND(#12562,.T.);
#12564=IFCFACE((#12563));
#12565=IFCPOLYLOOP((#2307,#2352,#2350));
#12566=IFCFACEOUTERBOUND(#12565,.T.);
#12567=IFCFACE((#12566));
#12568=IFCPOLYLOOP((#2294,#2343,#2337));
#12569=IFCFACEOUTERBOUND(#12568,.T.);
#12570=IFCFACE((#12569));
#12571=IFCPOLYLOOP((#2346,#2293,#2337));
#12572=IFCFACEOUTERBOUND(#12571,.T.);
#12573=IFCFACE((#12572));
#12574=IFCPOLYLOOP((#2391,#2374,#2353));
#12575=IFCFACEOUTERBOUND(#12574,.T.);
#12576=IFCFACE((#12575));
#12577=IFCPOLYLOOP((#2346,#2299,#2373));
#12578=IFCFACEOUTERBOUND(#12577,.T.);
#12579=IFCFACE((#12578));
#12580=IFCPOLYLOOP((#2347,#2445,#2349));
#12581=IFCFACEOUTERBOUND(#12580,.T.);
#12582=IFCFACE((#12581));
#12583=IFCPOLYLOOP((#2445,#2348,#2349));
#12584=IFCFACEOUTERBOUND(#12583,.T.);
#12585=IFCFACE((#12584));
#12586=IFCPOLYLOOP((#2346,#2445,#2293));
#12587=IFCFACEOUTERBOUND(#12586,.T.);
#12588=IFCFACE((#12587));
#12589=IFCPOLYLOOP((#2298,#2349,#2348));
#12590=IFCFACEOUTERBOUND(#12589,.T.);
#12591=IFCFACE((#12590));
#12592=IFCPOLYLOOP((#2347,#2349,#2307));
#12593=IFCFACEOUTERBOUND(#12592,.T.);
#12594=IFCFACE((#12593));
#12595=IFCPOLYLOOP((#2351,#2425,#2426));
#12596=IFCFACEOUTERBOUND(#12595,.T.);
#12597=IFCFACE((#12596));
#12598=IFCPOLYLOOP((#2427,#2350,#2352));
#12599=IFCFACEOUTERBOUND(#12598,.T.);
#12600=IFCFACE((#12599));
#12601=IFCPOLYLOOP((#2352,#2298,#2371));
#12602=IFCFACEOUTERBOUND(#12601,.T.);
#12603=IFCFACE((#12602));
#12604=IFCPOLYLOOP((#2351,#2426,#2427));
#12605=IFCFACEOUTERBOUND(#12604,.T.);
#12606=IFCFACE((#12605));
#12607=IFCPOLYLOOP((#2341,#2321,#2353));
#12608=IFCFACEOUTERBOUND(#12607,.T.);
#12609=IFCFACE((#12608));
#12610=IFCPOLYLOOP((#2321,#2389,#2391));
#12611=IFCFACEOUTERBOUND(#12610,.T.);
#12612=IFCFACE((#12611));
#12613=IFCPOLYLOOP((#2360,#2323,#2356));
#12614=IFCFACEOUTERBOUND(#12613,.T.);
#12615=IFCFACE((#12614));
#12616=IFCPOLYLOOP((#2409,#2410,#2434));
#12617=IFCFACEOUTERBOUND(#12616,.T.);
#12618=IFCFACE((#12617));
#12619=IFCPOLYLOOP((#2355,#2359,#2360));
#12620=IFCFACEOUTERBOUND(#12619,.T.);
#12621=IFCFACE((#12620));
#12622=IFCPOLYLOOP((#2380,#2384,#2377));
#12623=IFCFACEOUTERBOUND(#12622,.T.);
#12624=IFCFACE((#12623));
#12625=IFCPOLYLOOP((#2310,#2422,#2419));
#12626=IFCFACEOUTERBOUND(#12625,.T.);
#12627=IFCFACE((#12626));
#12628=IFCPOLYLOOP((#2375,#2312,#2378));
#12629=IFCFACEOUTERBOUND(#12628,.T.);
#12630=IFCFACE((#12629));
#12631=IFCPOLYLOOP((#2359,#2388,#2360));
#12632=IFCFACEOUTERBOUND(#12631,.T.);
#12633=IFCFACE((#12632));
#12634=IFCPOLYLOOP((#2361,#2356,#2308));
#12635=IFCFACEOUTERBOUND(#12634,.T.);
#12636=IFCFACE((#12635));
#12637=IFCPOLYLOOP((#2360,#2388,#2323));
#12638=IFCFACEOUTERBOUND(#12637,.T.);
#12639=IFCFACE((#12638));
#12640=IFCPOLYLOOP((#2364,#2386,#2361));
#12641=IFCFACEOUTERBOUND(#12640,.T.);
#12642=IFCFACE((#12641));
#12643=IFCPOLYLOOP((#2308,#2362,#2364));
#12644=IFCFACEOUTERBOUND(#12643,.T.);
#12645=IFCFACE((#12644));
#12646=IFCPOLYLOOP((#2331,#2367,#2368));
#12647=IFCFACEOUTERBOUND(#12646,.T.);
#12648=IFCFACE((#12647));
#12649=IFCPOLYLOOP((#2366,#2368,#2363));
#12650=IFCFACEOUTERBOUND(#12649,.T.);
#12651=IFCFACE((#12650));
#12652=IFCPOLYLOOP((#2364,#2365,#2320,#2386));
#12653=IFCFACEOUTERBOUND(#12652,.T.);
#12654=IFCFACE((#12653));
#12655=IFCPOLYLOOP((#2366,#2364,#2362));
#12656=IFCFACEOUTERBOUND(#12655,.T.);
#12657=IFCFACE((#12656));
#12658=IFCPOLYLOOP((#2364,#2366,#2365));
#12659=IFCFACEOUTERBOUND(#12658,.T.);
#12660=IFCFACE((#12659));
#12661=IFCPOLYLOOP((#2362,#2331,#2366));
#12662=IFCFACEOUTERBOUND(#12661,.T.);
#12663=IFCFACE((#12662));
#12664=IFCPOLYLOOP((#2396,#2393,#2395));
#12665=IFCFACEOUTERBOUND(#12664,.T.);
#12666=IFCFACE((#12665));
#12667=IFCPOLYLOOP((#2368,#2366,#2331));
#12668=IFCFACEOUTERBOUND(#12667,.T.);
#12669=IFCFACE((#12668));
#12670=IFCPOLYLOOP((#2375,#2392,#2368));
#12671=IFCFACEOUTERBOUND(#12670,.T.);
#12672=IFCFACE((#12671));
#12673=IFCPOLYLOOP((#2399,#2429,#2318));
#12674=IFCFACEOUTERBOUND(#12673,.T.);
#12675=IFCFACE((#12674));
#12676=IFCPOLYLOOP((#2306,#2400,#2402));
#12677=IFCFACEOUTERBOUND(#12676,.T.);
#12678=IFCFACE((#12677));
#12679=IFCPOLYLOOP((#2303,#2438,#2439));
#12680=IFCFACEOUTERBOUND(#12679,.T.);
#12681=IFCFACE((#12680));
#12682=IFCPOLYLOOP((#2427,#2371,#2351));
#12683=IFCFACEOUTERBOUND(#12682,.T.);
#12684=IFCFACE((#12683));
#12685=IFCPOLYLOOP((#2326,#2372,#2329));
#12686=IFCFACEOUTERBOUND(#12685,.T.);
#12687=IFCFACE((#12686));
#12688=IFCPOLYLOOP((#2367,#2312,#2375));
#12689=IFCFACEOUTERBOUND(#12688,.T.);
#12690=IFCFACE((#12689));
#12691=IFCPOLYLOOP((#2445,#2373,#2345,#2348));
#12692=IFCFACEOUTERBOUND(#12691,.T.);
#12693=IFCFACE((#12692));
#12694=IFCPOLYLOOP((#2374,#2324,#2353));
#12695=IFCFACEOUTERBOUND(#12694,.T.);
#12696=IFCFACE((#12695));
#12697=IFCPOLYLOOP((#2375,#2376,#2300,#2392));
#12698=IFCFACEOUTERBOUND(#12697,.T.);
#12699=IFCFACE((#12698));
#12700=IFCPOLYLOOP((#2376,#2378,#2358));
#12701=IFCFACEOUTERBOUND(#12700,.T.);
#12702=IFCFACE((#12701));
#12703=IFCPOLYLOOP((#2312,#2377,#2378));
#12704=IFCFACEOUTERBOUND(#12703,.T.);
#12705=IFCFACE((#12704));
#12706=IFCPOLYLOOP((#2380,#2305,#2379));
#12707=IFCFACEOUTERBOUND(#12706,.T.);
#12708=IFCFACE((#12707));
#12709=IFCPOLYLOOP((#2380,#2377,#2316));
#12710=IFCFACEOUTERBOUND(#12709,.T.);
#12711=IFCFACE((#12710));
#12712=IFCPOLYLOOP((#2358,#2384,#2379));
#12713=IFCFACEOUTERBOUND(#12712,.T.);
#12714=IFCFACE((#12713));
#12715=IFCPOLYLOOP((#2384,#2358,#2378));
#12716=IFCFACEOUTERBOUND(#12715,.T.);
#12717=IFCFACE((#12716));
#12718=IFCPOLYLOOP((#2380,#2316,#2383));
#12719=IFCFACEOUTERBOUND(#12718,.T.);
#12720=IFCFACE((#12719));
#12721=IFCPOLYLOOP((#2383,#2316,#2382));
#12722=IFCFACEOUTERBOUND(#12721,.T.);
#12723=IFCFACE((#12722));
#12724=IFCPOLYLOOP((#2446,#2382,#2290));
#12725=IFCFACEOUTERBOUND(#12724,.T.);
#12726=IFCFACE((#12725));
#12727=IFCPOLYLOOP((#2446,#2385,#2383));
#12728=IFCFACEOUTERBOUND(#12727,.T.);
#12729=IFCFACE((#12728));
#12730=IFCPOLYLOOP((#2377,#2384,#2378));
#12731=IFCFACEOUTERBOUND(#12730,.T.);
#12732=IFCFACE((#12731));
#12733=IFCPOLYLOOP((#2379,#2384,#2380));
#12734=IFCFACEOUTERBOUND(#12733,.T.);
#12735=IFCFACE((#12734));
#12736=IFCPOLYLOOP((#2385,#2305,#2383));
#12737=IFCFACEOUTERBOUND(#12736,.T.);
#12738=IFCFACE((#12737));
#12739=IFCPOLYLOOP((#2386,#2355,#2361));
#12740=IFCFACEOUTERBOUND(#12739,.T.);
#12741=IFCFACE((#12740));
#12742=IFCPOLYLOOP((#2323,#2388,#2387));
#12743=IFCFACEOUTERBOUND(#12742,.T.);
#12744=IFCFACE((#12743));
#12745=IFCPOLYLOOP((#2388,#2390,#2389));
#12746=IFCFACEOUTERBOUND(#12745,.T.);
#12747=IFCFACE((#12746));
#12748=IFCPOLYLOOP((#2374,#2391,#2344));
#12749=IFCFACEOUTERBOUND(#12748,.T.);
#12750=IFCFACE((#12749));
#12751=IFCPOLYLOOP((#2389,#2344,#2391));
#12752=IFCFACEOUTERBOUND(#12751,.T.);
#12753=IFCFACE((#12752));
#12754=IFCPOLYLOOP((#2390,#2344,#2389));
#12755=IFCFACEOUTERBOUND(#12754,.T.);
#12756=IFCFACE((#12755));
#12757=IFCPOLYLOOP((#2321,#2391,#2353));
#12758=IFCFACEOUTERBOUND(#12757,.T.);
#12759=IFCFACE((#12758));
#12760=IFCPOLYLOOP((#2392,#2363,#2368));
#12761=IFCFACEOUTERBOUND(#12760,.T.);
#12762=IFCFACE((#12761));
#12763=IFCPOLYLOOP((#2398,#2394,#2395));
#12764=IFCFACEOUTERBOUND(#12763,.T.);
#12765=IFCFACE((#12764));
#12766=IFCPOLYLOOP((#2396,#2395,#2309));
#12767=IFCFACEOUTERBOUND(#12766,.T.);
#12768=IFCFACE((#12767));
#12769=IFCPOLYLOOP((#2428,#2318,#2398));
#12770=IFCFACEOUTERBOUND(#12769,.T.);
#12771=IFCFACE((#12770));
#12772=IFCPOLYLOOP((#2397,#2313,#2409));
#12773=IFCFACEOUTERBOUND(#12772,.T.);
#12774=IFCFACE((#12773));
#12775=IFCPOLYLOOP((#2409,#2431,#2396));
#12776=IFCFACEOUTERBOUND(#12775,.T.);
#12777=IFCFACE((#12776));
#12778=IFCPOLYLOOP((#2396,#2309,#2397));
#12779=IFCFACEOUTERBOUND(#12778,.T.);
#12780=IFCFACE((#12779));
#12781=IFCPOLYLOOP((#2400,#2401,#2402));
#12782=IFCFACEOUTERBOUND(#12781,.T.);
#12783=IFCFACE((#12782));
#12784=IFCPOLYLOOP((#2322,#2394,#2398));
#12785=IFCFACEOUTERBOUND(#12784,.T.);
#12786=IFCFACE((#12785));
#12787=IFCPOLYLOOP((#2399,#2369,#2401));
#12788=IFCFACEOUTERBOUND(#12787,.T.);
#12789=IFCFACE((#12788));
#12790=IFCPOLYLOOP((#2401,#2369,#2402));
#12791=IFCFACEOUTERBOUND(#12790,.T.);
#12792=IFCFACE((#12791));
#12793=IFCPOLYLOOP((#2322,#2398,#2429));
#12794=IFCFACEOUTERBOUND(#12793,.T.);
#12795=IFCFACE((#12794));
#12796=IFCPOLYLOOP((#2322,#2401,#2400));
#12797=IFCFACEOUTERBOUND(#12796,.T.);
#12798=IFCFACE((#12797));
#12799=IFCPOLYLOOP((#2402,#2369,#2430));
#12800=IFCFACEOUTERBOUND(#12799,.T.);
#12801=IFCFACE((#12800));
#12802=IFCPOLYLOOP((#2447,#2405,#2403));
#12803=IFCFACEOUTERBOUND(#12802,.T.);
#12804=IFCFACE((#12803));
#12805=IFCPOLYLOOP((#2404,#2405,#2447));
#12806=IFCFACEOUTERBOUND(#12805,.T.);
#12807=IFCFACE((#12806));
#12808=IFCPOLYLOOP((#2402,#2447,#2306));
#12809=IFCFACEOUTERBOUND(#12808,.T.);
#12810=IFCFACE((#12809));
#12811=IFCPOLYLOOP((#2335,#2405,#2404));
#12812=IFCFACEOUTERBOUND(#12811,.T.);
#12813=IFCFACE((#12812));
#12814=IFCPOLYLOOP((#2403,#2405,#2334));
#12815=IFCFACEOUTERBOUND(#12814,.T.);
#12816=IFCFACE((#12815));
#12817=IFCPOLYLOOP((#2405,#2335,#2407));
#12818=IFCFACEOUTERBOUND(#12817,.T.);
#12819=IFCFACE((#12818));
#12820=IFCPOLYLOOP((#2407,#2335,#2408));
#12821=IFCFACEOUTERBOUND(#12820,.T.);
#12822=IFCFACE((#12821));
#12823=IFCPOLYLOOP((#2407,#2408,#2448));
#12824=IFCFACEOUTERBOUND(#12823,.T.);
#12825=IFCFACE((#12824));
#12826=IFCPOLYLOOP((#2410,#2409,#2313));
#12827=IFCFACEOUTERBOUND(#12826,.T.);
#12828=IFCFACE((#12827));
#12829=IFCPOLYLOOP((#2448,#2408,#2317,#2441));
#12830=IFCFACEOUTERBOUND(#12829,.T.);
#12831=IFCFACE((#12830));
#12832=IFCPOLYLOOP((#2433,#2419,#2420,#2297));
#12833=IFCFACEOUTERBOUND(#12832,.T.);
#12834=IFCFACE((#12833));
#12835=IFCPOLYLOOP((#2291,#2412,#2411));
#12836=IFCFACEOUTERBOUND(#12835,.T.);
#12837=IFCFACE((#12836));
#12838=IFCPOLYLOOP((#2434,#2301,#2431,#2409));
#12839=IFCFACEOUTERBOUND(#12838,.T.);
#12840=IFCFACE((#12839));
#12841=IFCPOLYLOOP((#2410,#2313,#2411));
#12842=IFCFACEOUTERBOUND(#12841,.T.);
#12843=IFCFACE((#12842));
#12844=IFCPOLYLOOP((#2413,#2412,#2291));
#12845=IFCFACEOUTERBOUND(#12844,.T.);
#12846=IFCFACE((#12845));
#12847=IFCPOLYLOOP((#2413,#2435,#2412));
#12848=IFCFACEOUTERBOUND(#12847,.T.);
#12849=IFCFACE((#12848));
#12850=IFCPOLYLOOP((#2416,#2333,#2415));
#12851=IFCFACEOUTERBOUND(#12850,.T.);
#12852=IFCFACE((#12851));
#12853=IFCPOLYLOOP((#2304,#2435,#2413,#2415));
#12854=IFCFACEOUTERBOUND(#12853,.T.);
#12855=IFCFACE((#12854));
#12856=IFCPOLYLOOP((#2413,#2291,#2414));
#12857=IFCFACEOUTERBOUND(#12856,.T.);
#12858=IFCFACE((#12857));
#12859=IFCPOLYLOOP((#2416,#2413,#2414));
#12860=IFCFACEOUTERBOUND(#12859,.T.);
#12861=IFCFACE((#12860));
#12862=IFCPOLYLOOP((#2416,#2415,#2413));
#12863=IFCFACEOUTERBOUND(#12862,.T.);
#12864=IFCFACE((#12863));
#12865=IFCPOLYLOOP((#2416,#2418,#2333));
#12866=IFCFACEOUTERBOUND(#12865,.T.);
#12867=IFCFACE((#12866));
#12868=IFCPOLYLOOP((#2410,#2354,#2434));
#12869=IFCFACEOUTERBOUND(#12868,.T.);
#12870=IFCFACE((#12869));
#12871=IFCPOLYLOOP((#2418,#2416,#2332));
#12872=IFCFACEOUTERBOUND(#12871,.T.);
#12873=IFCFACE((#12872));
#12874=IFCPOLYLOOP((#2419,#2433,#2418));
#12875=IFCFACEOUTERBOUND(#12874,.T.);
#12876=IFCFACE((#12875));
#12877=IFCPOLYLOOP((#2417,#2310,#2419));
#12878=IFCFACEOUTERBOUND(#12877,.T.);
#12879=IFCFACE((#12878));
#12880=IFCPOLYLOOP((#2420,#2422,#2357));
#12881=IFCFACEOUTERBOUND(#12880,.T.);
#12882=IFCFACE((#12881));
#12883=IFCPOLYLOOP((#2422,#2420,#2419));
#12884=IFCFACEOUTERBOUND(#12883,.T.);
#12885=IFCFACE((#12884));
#12886=IFCPOLYLOOP((#2421,#2423,#2422));
#12887=IFCFACEOUTERBOUND(#12886,.T.);
#12888=IFCFACE((#12887));
#12889=IFCPOLYLOOP((#2423,#2421,#2314));
#12890=IFCFACEOUTERBOUND(#12889,.T.);
#12891=IFCFACE((#12890));
#12892=IFCPOLYLOOP((#2426,#2424,#2292));
#12893=IFCFACEOUTERBOUND(#12892,.T.);
#12894=IFCFACE((#12893));
#12895=IFCPOLYLOOP((#2449,#2432,#2423));
#12896=IFCFACEOUTERBOUND(#12895,.T.);
#12897=IFCFACE((#12896));
#12898=IFCPOLYLOOP((#2449,#2425,#2302,#2432));
#12899=IFCFACEOUTERBOUND(#12898,.T.);
#12900=IFCFACE((#12899));
#12901=IFCPOLYLOOP((#2425,#2449,#2426));
#12902=IFCFACEOUTERBOUND(#12901,.T.);
#12903=IFCFACE((#12902));
#12904=IFCPOLYLOOP((#2292,#2350,#2427));
#12905=IFCFACEOUTERBOUND(#12904,.T.);
#12906=IFCFACE((#12905));
#12907=IFCPOLYLOOP((#2427,#2352,#2371));
#12908=IFCFACEOUTERBOUND(#12907,.T.);
#12909=IFCFACE((#12908));
#12910=IFCPOLYLOOP((#2292,#2427,#2426));
#12911=IFCFACEOUTERBOUND(#12910,.T.);
#12912=IFCFACE((#12911));
#12913=IFCPOLYLOOP((#2395,#2393,#2428));
#12914=IFCFACEOUTERBOUND(#12913,.T.);
#12915=IFCFACE((#12914));
#12916=IFCPOLYLOOP((#2322,#2429,#2401));
#12917=IFCFACEOUTERBOUND(#12916,.T.);
#12918=IFCFACE((#12917));
#12919=IFCPOLYLOOP((#2318,#2429,#2398));
#12920=IFCFACEOUTERBOUND(#12919,.T.);
#12921=IFCFACE((#12920));
#12922=IFCPOLYLOOP((#2447,#2430,#2296,#2404));
#12923=IFCFACEOUTERBOUND(#12922,.T.);
#12924=IFCFACE((#12923));
#12925=IFCPOLYLOOP((#2431,#2393,#2396));
#12926=IFCFACEOUTERBOUND(#12925,.T.);
#12927=IFCFACE((#12926));
#12928=IFCPOLYLOOP((#2432,#2357,#2423));
#12929=IFCFACEOUTERBOUND(#12928,.T.);
#12930=IFCFACE((#12929));
#12931=IFCPOLYLOOP((#2433,#2333,#2418));
#12932=IFCFACEOUTERBOUND(#12931,.T.);
#12933=IFCFACE((#12932));
#12934=IFCPOLYLOOP((#2435,#2354,#2412));
#12935=IFCFACEOUTERBOUND(#12934,.T.);
#12936=IFCFACE((#12935));
#12937=IFCPOLYLOOP((#2438,#2436,#2439));
#12938=IFCFACEOUTERBOUND(#12937,.T.);
#12939=IFCFACE((#12938));
#12940=IFCPOLYLOOP((#2437,#2446,#2438));
#12941=IFCFACEOUTERBOUND(#12940,.T.);
#12942=IFCFACE((#12941));
#12943=IFCPOLYLOOP((#2439,#2436,#2315));
#12944=IFCFACEOUTERBOUND(#12943,.T.);
#12945=IFCFACE((#12944));
#12946=IFCPOLYLOOP((#2311,#2448,#2442));
#12947=IFCFACEOUTERBOUND(#12946,.T.);
#12948=IFCFACE((#12947));
#12949=IFCPOLYLOOP((#2439,#2370,#2443,#2303));
#12950=IFCFACEOUTERBOUND(#12949,.T.);
#12951=IFCFACE((#12950));
#12952=IFCPOLYLOOP((#2442,#2439,#2315));
#12953=IFCFACEOUTERBOUND(#12952,.T.);
#12954=IFCFACE((#12953));
#12955=IFCPOLYLOOP((#2439,#2442,#2370));
#12956=IFCFACEOUTERBOUND(#12955,.T.);
#12957=IFCFACE((#12956));
#12958=IFCPOLYLOOP((#2370,#2442,#2441));
#12959=IFCFACEOUTERBOUND(#12958,.T.);
#12960=IFCFACE((#12959));
#12961=IFCPOLYLOOP((#2328,#2444,#2340));
#12962=IFCFACEOUTERBOUND(#12961,.T.);
#12963=IFCFACE((#12962));
#12964=IFCPOLYLOOP((#2325,#2444,#2339));
#12965=IFCFACEOUTERBOUND(#12964,.T.);
#12966=IFCFACE((#12965));
#12967=IFCPOLYLOOP((#2293,#2445,#2347));
#12968=IFCFACEOUTERBOUND(#12967,.T.);
#12969=IFCFACE((#12968));
#12970=IFCPOLYLOOP((#2382,#2446,#2383));
#12971=IFCFACEOUTERBOUND(#12970,.T.);
#12972=IFCFACE((#12971));
#12973=IFCPOLYLOOP((#2438,#2446,#2290));
#12974=IFCFACEOUTERBOUND(#12973,.T.);
#12975=IFCFACE((#12974));
#12976=IFCPOLYLOOP((#2306,#2447,#2403));
#12977=IFCFACEOUTERBOUND(#12976,.T.);
#12978=IFCFACE((#12977));
#12979=IFCPOLYLOOP((#2406,#2448,#2311));
#12980=IFCFACEOUTERBOUND(#12979,.T.);
#12981=IFCFACE((#12980));
#12982=IFCPOLYLOOP((#2314,#2449,#2423));
#12983=IFCFACEOUTERBOUND(#12982,.T.);
#12984=IFCFACE((#12983));
#12985=IFCPOLYLOOP((#2426,#2449,#2424));
#12986=IFCFACEOUTERBOUND(#12985,.T.);
#12987=IFCFACE((#12986));
#12988=IFCPOLYLOOP((#2585,#2587,#2591));
#12989=IFCFACEOUTERBOUND(#12988,.T.);
#12990=IFCFACE((#12989));
#12991=IFCPOLYLOOP((#2452,#2461,#2451));
#12992=IFCFACEOUTERBOUND(#12991,.T.);
#12993=IFCFACE((#12992));
#12994=IFCPOLYLOOP((#2455,#2450,#2495));
#12995=IFCFACEOUTERBOUND(#12994,.T.);
#12996=IFCFACE((#12995));
#12997=IFCPOLYLOOP((#2508,#2506,#2596));
#12998=IFCFACEOUTERBOUND(#12997,.T.);
#12999=IFCFACE((#12998));
#13000=IFCPOLYLOOP((#2475,#2535,#2537));
#13001=IFCFACEOUTERBOUND(#13000,.T.);
#13002=IFCFACE((#13001));
#13003=IFCPOLYLOOP((#2495,#2494,#2497));
#13004=IFCFACEOUTERBOUND(#13003,.T.);
#13005=IFCFACE((#13004));
#13006=IFCPOLYLOOP((#2577,#2574,#2456));
#13007=IFCFACEOUTERBOUND(#13006,.T.);
#13008=IFCFACE((#13007));
#13009=IFCPOLYLOOP((#2530,#2527,#2520));
#13010=IFCFACEOUTERBOUND(#13009,.T.);
#13011=IFCFACE((#13010));
#13012=IFCPOLYLOOP((#2503,#2510,#2512));
#13013=IFCFACEOUTERBOUND(#13012,.T.);
#13014=IFCFACE((#13013));
#13015=IFCPOLYLOOP((#2550,#2519,#2549));
#13016=IFCFACEOUTERBOUND(#13015,.T.);
#13017=IFCFACE((#13016));
#13018=IFCPOLYLOOP((#2512,#2510,#2465));
#13019=IFCFACEOUTERBOUND(#13018,.T.);
#13020=IFCFACE((#13019));
#13021=IFCPOLYLOOP((#2454,#2455,#2495));
#13022=IFCFACEOUTERBOUND(#13021,.T.);
#13023=IFCFACE((#13022));
#13024=IFCPOLYLOOP((#1489,#2451,#2461));
#13025=IFCFACEOUTERBOUND(#13024,.T.);
#13026=IFCFACE((#13025));
#13027=IFCPOLYLOOP((#2497,#2454,#2495));
#13028=IFCFACEOUTERBOUND(#13027,.T.);
#13029=IFCFACE((#13028));
#13030=IFCPOLYLOOP((#2515,#2559,#2511));
#13031=IFCFACEOUTERBOUND(#13030,.T.);
#13032=IFCFACE((#13031));
#13033=IFCPOLYLOOP((#2453,#2454,#2497));
#13034=IFCFACEOUTERBOUND(#13033,.T.);
#13035=IFCFACE((#13034));
#13036=IFCPOLYLOOP((#2502,#2510,#2541));
#13037=IFCFACEOUTERBOUND(#13036,.T.);
#13038=IFCFACE((#13037));
#13039=IFCPOLYLOOP((#2558,#2550,#2481));
#13040=IFCFACEOUTERBOUND(#13039,.T.);
#13041=IFCFACE((#13040));
#13042=IFCPOLYLOOP((#2562,#2563,#2560));
#13043=IFCFACEOUTERBOUND(#13042,.T.);
#13044=IFCFACE((#13043));
#13045=IFCPOLYLOOP((#2526,#2527,#2457));
#13046=IFCFACEOUTERBOUND(#13045,.T.);
#13047=IFCFACE((#13046));
#13048=IFCPOLYLOOP((#2554,#2551,#2458));
#13049=IFCFACEOUTERBOUND(#13048,.T.);
#13050=IFCFACE((#13049));
#13051=IFCPOLYLOOP((#2604,#2606,#2487));
#13052=IFCFACEOUTERBOUND(#13051,.T.);
#13053=IFCFACE((#13052));
#13054=IFCPOLYLOOP((#2546,#2501,#2476));
#13055=IFCFACEOUTERBOUND(#13054,.T.);
#13056=IFCFACE((#13055));
#13057=IFCPOLYLOOP((#2588,#2516,#2600));
#13058=IFCFACEOUTERBOUND(#13057,.T.);
#13059=IFCFACE((#13058));
#13060=IFCPOLYLOOP((#2482,#2609,#2610));
#13061=IFCFACEOUTERBOUND(#13060,.T.);
#13062=IFCFACE((#13061));
#13063=IFCPOLYLOOP((#2458,#2556,#2554));
#13064=IFCFACEOUTERBOUND(#13063,.T.);
#13065=IFCFACE((#13064));
#13066=IFCPOLYLOOP((#2506,#2508,#2492));
#13067=IFCFACEOUTERBOUND(#13066,.T.);
#13068=IFCFACE((#13067));
#13069=IFCPOLYLOOP((#2472,#2615,#2611));
#13070=IFCFACEOUTERBOUND(#13069,.T.);
#13071=IFCFACE((#13070));
#13072=IFCPOLYLOOP((#2525,#2526,#2523));
#13073=IFCFACEOUTERBOUND(#13072,.T.);
#13074=IFCFACE((#13073));
#13075=IFCPOLYLOOP((#2576,#2579,#2577));
#13076=IFCFACEOUTERBOUND(#13075,.T.);
#13077=IFCFACE((#13076));
#13078=IFCPOLYLOOP((#2574,#2577,#2575));
#13079=IFCFACEOUTERBOUND(#13078,.T.);
#13080=IFCFACE((#13079));
#13081=IFCPOLYLOOP((#2569,#2571,#2466));
#13082=IFCFACEOUTERBOUND(#13081,.T.);
#13083=IFCFACE((#13082));
#13084=IFCPOLYLOOP((#2534,#2538,#2467));
#13085=IFCFACEOUTERBOUND(#13084,.T.);
#13086=IFCFACE((#13085));
#13087=IFCPOLYLOOP((#2547,#2549,#2519));
#13088=IFCFACEOUTERBOUND(#13087,.T.);
#13089=IFCFACE((#13088));
#13090=IFCPOLYLOOP((#2605,#2606,#2477));
#13091=IFCFACEOUTERBOUND(#13090,.T.);
#13092=IFCFACE((#13091));
#13093=IFCPOLYLOOP((#2569,#2483,#2565));
#13094=IFCFACEOUTERBOUND(#13093,.T.);
#13095=IFCFACE((#13094));
#13096=IFCPOLYLOOP((#2476,#2549,#2546));
#13097=IFCFACEOUTERBOUND(#13096,.T.);
#13098=IFCFACE((#13097));
#13099=IFCPOLYLOOP((#2591,#2486,#2585));
#13100=IFCFACEOUTERBOUND(#13099,.T.);
#13101=IFCFACE((#13100));
#13102=IFCPOLYLOOP((#2583,#2584,#2567));
#13103=IFCFACEOUTERBOUND(#13102,.T.);
#13104=IFCFACE((#13103));
#13105=IFCPOLYLOOP((#2607,#2606,#2605));
#13106=IFCFACEOUTERBOUND(#13105,.T.);
#13107=IFCFACE((#13106));
#13108=IFCPOLYLOOP((#2532,#2480,#2531));
#13109=IFCFACEOUTERBOUND(#13108,.T.);
#13110=IFCFACE((#13109));
#13111=IFCPOLYLOOP((#2573,#2557,#2514,#2464));
#13112=IFCFACEOUTERBOUND(#13111,.T.);
#13113=IFCFACE((#13112));
#13114=IFCPOLYLOOP((#2508,#2596,#2493));
#13115=IFCFACEOUTERBOUND(#13114,.T.);
#13116=IFCFACE((#13115));
#13117=IFCPOLYLOOP((#2592,#2491,#2588));
#13118=IFCFACEOUTERBOUND(#13117,.T.);
#13119=IFCFACE((#13118));
#13120=IFCPOLYLOOP((#2507,#2517,#2508));
#13121=IFCFACEOUTERBOUND(#13120,.T.);
#13122=IFCFACE((#13121));
#13123=IFCPOLYLOOP((#2500,#2518,#2523));
#13124=IFCFACEOUTERBOUND(#13123,.T.);
#13125=IFCFACE((#13124));
#13126=IFCPOLYLOOP((#2497,#2461,#2453));
#13127=IFCFACEOUTERBOUND(#13126,.T.);
#13128=IFCFACE((#13127));
#13129=IFCPOLYLOOP((#2502,#2541,#2494));
#13130=IFCFACEOUTERBOUND(#13129,.T.);
#13131=IFCFACE((#13130));
#13132=IFCPOLYLOOP((#2461,#2452,#2453));
#13133=IFCFACEOUTERBOUND(#13132,.T.);
#13134=IFCFACE((#13133));
#13135=IFCPOLYLOOP((#2505,#1680,#1490,#2498,#2493));
#13136=IFCFACEOUTERBOUND(#13135,.T.);
#13137=IFCFACE((#13136));
#13138=IFCPOLYLOOP((#2460,#2461,#2497));
#13139=IFCFACEOUTERBOUND(#13138,.T.);
#13140=IFCFACE((#13139));
#13141=IFCPOLYLOOP((#1680,#2505,#2496,#2504,#1681));
#13142=IFCFACEOUTERBOUND(#13141,.T.);
#13143=IFCFACE((#13142));
#13144=IFCPOLYLOOP((#2501,#2518,#2500));
#13145=IFCFACEOUTERBOUND(#13144,.T.);
#13146=IFCFACE((#13145));
#13147=IFCPOLYLOOP((#2518,#2499,#2523));
#13148=IFCFACEOUTERBOUND(#13147,.T.);
#13149=IFCFACE((#13148));
#13150=IFCPOLYLOOP((#2502,#2465,#2510));
#13151=IFCFACEOUTERBOUND(#13150,.T.);
#13152=IFCFACE((#13151));
#13153=IFCPOLYLOOP((#2460,#2497,#2541));
#13154=IFCFACEOUTERBOUND(#13153,.T.);
#13155=IFCFACE((#13154));
#13156=IFCPOLYLOOP((#2493,#2507,#2508));
#13157=IFCFACEOUTERBOUND(#13156,.T.);
#13158=IFCFACE((#13157));
#13159=IFCPOLYLOOP((#2505,#2596,#2496));
#13160=IFCFACEOUTERBOUND(#13159,.T.);
#13161=IFCFACE((#13160));
#13162=IFCPOLYLOOP((#2595,#2593,#2592));
#13163=IFCFACEOUTERBOUND(#13162,.T.);
#13164=IFCFACE((#13163));
#13165=IFCPOLYLOOP((#2490,#2595,#2598));
#13166=IFCFACEOUTERBOUND(#13165,.T.);
#13167=IFCFACE((#13166));
#13168=IFCPOLYLOOP((#2508,#2517,#2492));
#13169=IFCFACEOUTERBOUND(#13168,.T.);
#13170=IFCFACE((#13169));
#13171=IFCPOLYLOOP((#2460,#2510,#2503));
#13172=IFCFACEOUTERBOUND(#13171,.T.);
#13173=IFCFACE((#13172));
#13174=IFCPOLYLOOP((#2512,#2459,#2503));
#13175=IFCFACEOUTERBOUND(#13174,.T.);
#13176=IFCFACE((#13175));
#13177=IFCPOLYLOOP((#2512,#2465,#2521));
#13178=IFCFACEOUTERBOUND(#13177,.T.);
#13179=IFCFACE((#13178));
#13180=IFCPOLYLOOP((#2515,#2473,#2513));
#13181=IFCFACEOUTERBOUND(#13180,.T.);
#13182=IFCFACE((#13181));
#13183=IFCPOLYLOOP((#2514,#2515,#2511));
#13184=IFCFACEOUTERBOUND(#13183,.T.);
#13185=IFCFACE((#13184));
#13186=IFCPOLYLOOP((#2559,#2459,#2512));
#13187=IFCFACEOUTERBOUND(#13186,.T.);
#13188=IFCFACE((#13187));
#13189=IFCPOLYLOOP((#2514,#2557,#2515));
#13190=IFCFACEOUTERBOUND(#13189,.T.);
#13191=IFCFACE((#13190));
#13192=IFCPOLYLOOP((#2513,#2459,#2559));
#13193=IFCFACEOUTERBOUND(#13192,.T.);
#13194=IFCFACE((#13193));
#13195=IFCPOLYLOOP((#2490,#2517,#2507));
#13196=IFCFACEOUTERBOUND(#13195,.T.);
#13197=IFCFACE((#13196));
#13198=IFCPOLYLOOP((#2586,#2588,#2491));
#13199=IFCFACEOUTERBOUND(#13198,.T.);
#13200=IFCFACE((#13199));
#13201=IFCPOLYLOOP((#2598,#2522,#2517));
#13202=IFCFACEOUTERBOUND(#13201,.T.);
#13203=IFCFACE((#13202));
#13204=IFCPOLYLOOP((#2546,#2518,#2501));
#13205=IFCFACEOUTERBOUND(#13204,.T.);
#13206=IFCFACE((#13205));
#13207=IFCPOLYLOOP((#2546,#2597,#2518));
#13208=IFCFACEOUTERBOUND(#13207,.T.);
#13209=IFCFACE((#13208));
#13210=IFCPOLYLOOP((#2526,#2525,#2470));
#13211=IFCFACEOUTERBOUND(#13210,.T.);
#13212=IFCFACE((#13211));
#13213=IFCPOLYLOOP((#2547,#2463,#2597,#2546));
#13214=IFCFACEOUTERBOUND(#13213,.T.);
#13215=IFCFACE((#13214));
#13216=IFCPOLYLOOP((#2480,#2530,#2531));
#13217=IFCFACEOUTERBOUND(#13216,.T.);
#13218=IFCFACE((#13217));
#13219=IFCPOLYLOOP((#2559,#2521,#2511));
#13220=IFCFACEOUTERBOUND(#13219,.T.);
#13221=IFCFACE((#13220));
#13222=IFCPOLYLOOP((#2522,#2492,#2517));
#13223=IFCFACEOUTERBOUND(#13222,.T.);
#13224=IFCFACE((#13223));
#13225=IFCPOLYLOOP((#2523,#2499,#2525));
#13226=IFCFACEOUTERBOUND(#13225,.T.);
#13227=IFCFACE((#13226));
#13228=IFCPOLYLOOP((#2526,#2457,#2524));
#13229=IFCFACEOUTERBOUND(#13228,.T.);
#13230=IFCFACE((#13229));
#13231=IFCPOLYLOOP((#2524,#2500,#2523));
#13232=IFCFACEOUTERBOUND(#13231,.T.);
#13233=IFCFACE((#13232));
#13234=IFCPOLYLOOP((#2526,#2470,#2527));
#13235=IFCFACEOUTERBOUND(#13234,.T.);
#13236=IFCFACE((#13235));
#13237=IFCPOLYLOOP((#2523,#2526,#2524));
#13238=IFCFACEOUTERBOUND(#13237,.T.);
#13239=IFCFACE((#13238));
#13240=IFCPOLYLOOP((#2527,#2470,#2529,#2520));
#13241=IFCFACEOUTERBOUND(#13240,.T.);
#13242=IFCFACE((#13241));
#13243=IFCPOLYLOOP((#2527,#2530,#2528));
#13244=IFCFACEOUTERBOUND(#13243,.T.);
#13245=IFCFACE((#13244));
#13246=IFCPOLYLOOP((#2528,#2530,#2480));
#13247=IFCFACEOUTERBOUND(#13246,.T.);
#13248=IFCFACE((#13247));
#13249=IFCPOLYLOOP((#2528,#2457,#2527));
#13250=IFCFACEOUTERBOUND(#13249,.T.);
#13251=IFCFACE((#13250));
#13252=IFCPOLYLOOP((#2530,#2539,#2531));
#13253=IFCFACEOUTERBOUND(#13252,.T.);
#13254=IFCFACE((#13253));
#13255=IFCPOLYLOOP((#2460,#2541,#2510));
#13256=IFCFACEOUTERBOUND(#13255,.T.);
#13257=IFCFACE((#13256));
#13258=IFCPOLYLOOP((#2532,#2531,#2538));
#13259=IFCFACEOUTERBOUND(#13258,.T.);
#13260=IFCFACE((#13259));
#13261=IFCPOLYLOOP((#2616,#2536,#2537));
#13262=IFCFACEOUTERBOUND(#13261,.T.);
#13263=IFCFACE((#13262));
#13264=IFCPOLYLOOP((#2537,#2536,#2475));
#13265=IFCFACEOUTERBOUND(#13264,.T.);
#13266=IFCFACE((#13265));
#13267=IFCPOLYLOOP((#2535,#2534,#2533));
#13268=IFCFACEOUTERBOUND(#13267,.T.);
#13269=IFCFACE((#13268));
#13270=IFCPOLYLOOP((#2534,#2535,#2538));
#13271=IFCFACEOUTERBOUND(#13270,.T.);
#13272=IFCFACE((#13271));
#13273=IFCPOLYLOOP((#2532,#2535,#2475));
#13274=IFCFACEOUTERBOUND(#13273,.T.);
#13275=IFCFACE((#13274));
#13276=IFCPOLYLOOP((#2535,#2533,#2537));
#13277=IFCFACEOUTERBOUND(#13276,.T.);
#13278=IFCFACE((#13277));
#13279=IFCPOLYLOOP((#2537,#2533,#2540));
#13280=IFCFACEOUTERBOUND(#13279,.T.);
#13281=IFCFACE((#13280));
#13282=IFCPOLYLOOP((#2488,#2614,#2616));
#13283=IFCFACEOUTERBOUND(#13282,.T.);
#13284=IFCFACE((#13283));
#13285=IFCPOLYLOOP((#2532,#2538,#2535));
#13286=IFCFACEOUTERBOUND(#13285,.T.);
#13287=IFCFACE((#13286));
#13288=IFCPOLYLOOP((#2467,#2538,#2531));
#13289=IFCFACEOUTERBOUND(#13288,.T.);
#13290=IFCFACE((#13289));
#13291=IFCPOLYLOOP((#2539,#2530,#2520));
#13292=IFCFACEOUTERBOUND(#13291,.T.);
#13293=IFCFACE((#13292));
#13294=IFCPOLYLOOP((#2539,#2467,#2531));
#13295=IFCFACEOUTERBOUND(#13294,.T.);
#13296=IFCFACE((#13295));
#13297=IFCPOLYLOOP((#2616,#2540,#2488));
#13298=IFCFACEOUTERBOUND(#13297,.T.);
#13299=IFCFACE((#13298));
#13300=IFCPOLYLOOP((#2494,#2541,#2497));
#13301=IFCFACEOUTERBOUND(#13300,.T.);
#13302=IFCFACE((#13301));
#13303=IFCPOLYLOOP((#2544,#2471,#2560));
#13304=IFCFACEOUTERBOUND(#13303,.T.);
#13305=IFCFACE((#13304));
#13306=IFCPOLYLOOP((#2543,#2544,#2484));
#13307=IFCFACEOUTERBOUND(#13306,.T.);
#13308=IFCFACE((#13307));
#13309=IFCPOLYLOOP((#2574,#2544,#2543));
#13310=IFCFACEOUTERBOUND(#13309,.T.);
#13311=IFCFACE((#13310));
#13312=IFCPOLYLOOP((#2574,#2599,#2544));
#13313=IFCFACEOUTERBOUND(#13312,.T.);
#13314=IFCFACE((#13313));
#13315=IFCPOLYLOOP((#2484,#2544,#2560));
#13316=IFCFACEOUTERBOUND(#13315,.T.);
#13317=IFCFACE((#13316));
#13318=IFCPOLYLOOP((#2479,#2561,#2564));
#13319=IFCFACEOUTERBOUND(#13318,.T.);
#13320=IFCFACE((#13319));
#13321=IFCPOLYLOOP((#2522,#2598,#2509));
#13322=IFCFACEOUTERBOUND(#13321,.T.);
#13323=IFCFACE((#13322));
#13324=IFCPOLYLOOP((#2549,#2476,#2548));
#13325=IFCFACEOUTERBOUND(#13324,.T.);
#13326=IFCFACE((#13325));
#13327=IFCPOLYLOOP((#2549,#2547,#2546));
#13328=IFCFACEOUTERBOUND(#13327,.T.);
#13329=IFCFACE((#13328));
#13330=IFCPOLYLOOP((#2548,#2550,#2549));
#13331=IFCFACEOUTERBOUND(#13330,.T.);
#13332=IFCFACE((#13331));
#13333=IFCPOLYLOOP((#2550,#2548,#2481));
#13334=IFCFACEOUTERBOUND(#13333,.T.);
#13335=IFCFACE((#13334));
#13336=IFCPOLYLOOP((#2610,#2607,#2482));
#13337=IFCFACEOUTERBOUND(#13336,.T.);
#13338=IFCFACE((#13337));
#13339=IFCPOLYLOOP((#2558,#2581,#2550));
#13340=IFCFACEOUTERBOUND(#13339,.T.);
#13341=IFCFACE((#13340));
#13342=IFCPOLYLOOP((#2553,#2468,#2581,#2558));
#13343=IFCFACEOUTERBOUND(#13342,.T.);
#13344=IFCFACE((#13343));
#13345=IFCPOLYLOOP((#2555,#2556,#2458));
#13346=IFCFACEOUTERBOUND(#13345,.T.);
#13347=IFCFACE((#13346));
#13348=IFCPOLYLOOP((#2552,#2553,#2554));
#13349=IFCFACEOUTERBOUND(#13348,.T.);
#13350=IFCFACE((#13349));
#13351=IFCPOLYLOOP((#2553,#2558,#2554));
#13352=IFCFACEOUTERBOUND(#13351,.T.);
#13353=IFCFACE((#13352));
#13354=IFCPOLYLOOP((#2554,#2556,#2552));
#13355=IFCFACEOUTERBOUND(#13354,.T.);
#13356=IFCFACE((#13355));
#13357=IFCPOLYLOOP((#2557,#2556,#2555));
#13358=IFCFACEOUTERBOUND(#13357,.T.);
#13359=IFCFACE((#13358));
#13360=IFCPOLYLOOP((#2543,#2456,#2574));
#13361=IFCFACEOUTERBOUND(#13360,.T.);
#13362=IFCFACE((#13361));
#13363=IFCPOLYLOOP((#2557,#2573,#2556));
#13364=IFCFACEOUTERBOUND(#13363,.T.);
#13365=IFCFACE((#13364));
#13366=IFCPOLYLOOP((#2555,#2473,#2557));
#13367=IFCFACEOUTERBOUND(#13366,.T.);
#13368=IFCFACE((#13367));
#13369=IFCPOLYLOOP((#2515,#2557,#2473));
#13370=IFCFACEOUTERBOUND(#13369,.T.);
#13371=IFCFACE((#13370));
#13372=IFCPOLYLOOP((#2481,#2551,#2558));
#13373=IFCFACEOUTERBOUND(#13372,.T.);
#13374=IFCFACE((#13373));
#13375=IFCPOLYLOOP((#2554,#2558,#2551));
#13376=IFCFACEOUTERBOUND(#13375,.T.);
#13377=IFCFACE((#13376));
#13378=IFCPOLYLOOP((#2559,#2515,#2513));
#13379=IFCFACEOUTERBOUND(#13378,.T.);
#13380=IFCFACE((#13379));
#13381=IFCPOLYLOOP((#2521,#2559,#2512));
#13382=IFCFACEOUTERBOUND(#13381,.T.);
#13383=IFCFACE((#13382));
#13384=IFCPOLYLOOP((#2563,#2562,#2545));
#13385=IFCFACEOUTERBOUND(#13384,.T.);
#13386=IFCFACE((#13385));
#13387=IFCPOLYLOOP((#2560,#2471,#2562));
#13388=IFCFACEOUTERBOUND(#13387,.T.);
#13389=IFCFACE((#13388));
#13390=IFCPOLYLOOP((#2564,#2561,#2563));
#13391=IFCFACEOUTERBOUND(#13390,.T.);
#13392=IFCFACE((#13391));
#13393=IFCPOLYLOOP((#2561,#2484,#2560));
#13394=IFCFACEOUTERBOUND(#13393,.T.);
#13395=IFCFACE((#13394));
#13396=IFCPOLYLOOP((#2563,#2545,#2564));
#13397=IFCFACEOUTERBOUND(#13396,.T.);
#13398=IFCFACE((#13397));
#13399=IFCPOLYLOOP((#2560,#2563,#2561));
#13400=IFCFACEOUTERBOUND(#13399,.T.);
#13401=IFCFACE((#13400));
#13402=IFCPOLYLOOP((#2564,#2545,#2570));
#13403=IFCFACEOUTERBOUND(#13402,.T.);
#13404=IFCFACE((#13403));
#13405=IFCPOLYLOOP((#2568,#2569,#2466));
#13406=IFCFACEOUTERBOUND(#13405,.T.);
#13407=IFCFACE((#13406));
#13408=IFCPOLYLOOP((#2566,#2583,#2590));
#13409=IFCFACEOUTERBOUND(#13408,.T.);
#13410=IFCFACE((#13409));
#13411=IFCPOLYLOOP((#2564,#2571,#2479));
#13412=IFCFACEOUTERBOUND(#13411,.T.);
#13413=IFCFACE((#13412));
#13414=IFCPOLYLOOP((#2474,#2567,#2584));
#13415=IFCFACEOUTERBOUND(#13414,.T.);
#13416=IFCFACE((#13415));
#13417=IFCPOLYLOOP((#2483,#2583,#2567));
#13418=IFCFACEOUTERBOUND(#13417,.T.);
#13419=IFCFACE((#13418));
#13420=IFCPOLYLOOP((#2568,#2590,#2569));
#13421=IFCFACEOUTERBOUND(#13420,.T.);
#13422=IFCFACE((#13421));
#13423=IFCPOLYLOOP((#2565,#2479,#2571));
#13424=IFCFACEOUTERBOUND(#13423,.T.);
#13425=IFCFACE((#13424));
#13426=IFCPOLYLOOP((#2571,#2564,#2570));
#13427=IFCFACEOUTERBOUND(#13426,.T.);
#13428=IFCFACE((#13427));
#13429=IFCPOLYLOOP((#2571,#2570,#2466));
#13430=IFCFACEOUTERBOUND(#13429,.T.);
#13431=IFCFACE((#13430));
#13432=IFCPOLYLOOP((#2565,#2571,#2569));
#13433=IFCFACEOUTERBOUND(#13432,.T.);
#13434=IFCFACE((#13433));
#13435=IFCPOLYLOOP((#2614,#2488,#2613));
#13436=IFCFACEOUTERBOUND(#13435,.T.);
#13437=IFCFACE((#13436));
#13438=IFCPOLYLOOP((#2462,#2610,#2611));
#13439=IFCFACEOUTERBOUND(#13438,.T.);
#13440=IFCFACE((#13439));
#13441=IFCPOLYLOOP((#2573,#2552,#2556));
#13442=IFCFACEOUTERBOUND(#13441,.T.);
#13443=IFCFACE((#13442));
#13444=IFCPOLYLOOP((#2574,#2575,#2542,#2599));
#13445=IFCFACEOUTERBOUND(#13444,.T.);
#13446=IFCFACE((#13445));
#13447=IFCPOLYLOOP((#2575,#2577,#2469));
#13448=IFCFACEOUTERBOUND(#13447,.T.);
#13449=IFCFACE((#13448));
#13450=IFCPOLYLOOP((#2456,#2576,#2577));
#13451=IFCFACEOUTERBOUND(#13450,.T.);
#13452=IFCFACE((#13451));
#13453=IFCPOLYLOOP((#2604,#2487,#2603));
#13454=IFCFACEOUTERBOUND(#13453,.T.);
#13455=IFCFACE((#13454));
#13456=IFCPOLYLOOP((#2579,#2469,#2577));
#13457=IFCFACEOUTERBOUND(#13456,.T.);
#13458=IFCFACE((#13457));
#13459=IFCPOLYLOOP((#2576,#2478,#2579));
#13460=IFCFACEOUTERBOUND(#13459,.T.);
#13461=IFCFACE((#13460));
#13462=IFCPOLYLOOP((#2601,#2580,#2579));
#13463=IFCFACEOUTERBOUND(#13462,.T.);
#13464=IFCFACE((#13463));
#13465=IFCPOLYLOOP((#2601,#2579,#2478));
#13466=IFCFACEOUTERBOUND(#13465,.T.);
#13467=IFCFACE((#13466));
#13468=IFCPOLYLOOP((#2580,#2469,#2579));
#13469=IFCFACEOUTERBOUND(#13468,.T.);
#13470=IFCFACE((#13469));
#13471=IFCPOLYLOOP((#2581,#2519,#2550));
#13472=IFCFACEOUTERBOUND(#13471,.T.);
#13473=IFCFACE((#13472));
#13474=IFCPOLYLOOP((#2590,#2483,#2569));
#13475=IFCFACEOUTERBOUND(#13474,.T.);
#13476=IFCFACE((#13475));
#13477=IFCPOLYLOOP((#2583,#2589,#2584));
#13478=IFCFACEOUTERBOUND(#13477,.T.);
#13479=IFCFACE((#13478));
#13480=IFCPOLYLOOP((#2566,#2590,#2568));
#13481=IFCFACEOUTERBOUND(#13480,.T.);
#13482=IFCFACE((#13481));
#13483=IFCPOLYLOOP((#2586,#2587,#2588));
#13484=IFCFACEOUTERBOUND(#13483,.T.);
#13485=IFCFACE((#13484));
#13486=IFCPOLYLOOP((#2585,#2516,#2587));
#13487=IFCFACEOUTERBOUND(#13486,.T.);
#13488=IFCFACE((#13487));
#13489=IFCPOLYLOOP((#2587,#2516,#2588));
#13490=IFCFACEOUTERBOUND(#13489,.T.);
#13491=IFCFACE((#13490));
#13492=IFCPOLYLOOP((#2474,#2584,#2591));
#13493=IFCFACEOUTERBOUND(#13492,.T.);
#13494=IFCFACE((#13493));
#13495=IFCPOLYLOOP((#2474,#2587,#2586));
#13496=IFCFACEOUTERBOUND(#13495,.T.);
#13497=IFCFACE((#13496));
#13498=IFCPOLYLOOP((#2592,#2600,#2485,#2594));
#13499=IFCFACEOUTERBOUND(#13498,.T.);
#13500=IFCFACE((#13499));
#13501=IFCPOLYLOOP((#2600,#2592,#2588));
#13502=IFCFACEOUTERBOUND(#13501,.T.);
#13503=IFCFACE((#13502));
#13504=IFCPOLYLOOP((#2589,#2583,#2566));
#13505=IFCFACEOUTERBOUND(#13504,.T.);
#13506=IFCFACE((#13505));
#13507=IFCPOLYLOOP((#2589,#2486,#2584));
#13508=IFCFACEOUTERBOUND(#13507,.T.);
#13509=IFCFACE((#13508));
#13510=IFCPOLYLOOP((#2483,#2590,#2583));
#13511=IFCFACEOUTERBOUND(#13510,.T.);
#13512=IFCFACE((#13511));
#13513=IFCPOLYLOOP((#2474,#2591,#2587));
#13514=IFCFACEOUTERBOUND(#13513,.T.);
#13515=IFCFACE((#13514));
#13516=IFCPOLYLOOP((#2486,#2591,#2584));
#13517=IFCFACEOUTERBOUND(#13516,.T.);
#13518=IFCFACE((#13517));
#13519=IFCPOLYLOOP((#2509,#2595,#2594));
#13520=IFCFACEOUTERBOUND(#13519,.T.);
#13521=IFCFACE((#13520));
#13522=IFCPOLYLOOP((#2598,#2595,#2509));
#13523=IFCFACEOUTERBOUND(#13522,.T.);
#13524=IFCFACE((#13523));
#13525=IFCPOLYLOOP((#2593,#2491,#2592));
#13526=IFCFACEOUTERBOUND(#13525,.T.);
#13527=IFCFACE((#13526));
#13528=IFCPOLYLOOP((#2594,#2595,#2592));
#13529=IFCFACEOUTERBOUND(#13528,.T.);
#13530=IFCFACE((#13529));
#13531=IFCPOLYLOOP((#2490,#2593,#2595));
#13532=IFCFACEOUTERBOUND(#13531,.T.);
#13533=IFCFACE((#13532));
#13534=IFCPOLYLOOP((#2496,#2596,#2506));
#13535=IFCFACEOUTERBOUND(#13534,.T.);
#13536=IFCFACE((#13535));
#13537=IFCPOLYLOOP((#2493,#2596,#2505));
#13538=IFCFACEOUTERBOUND(#13537,.T.);
#13539=IFCFACE((#13538));
#13540=IFCPOLYLOOP((#2597,#2499,#2518));
#13541=IFCFACEOUTERBOUND(#13540,.T.);
#13542=IFCFACE((#13541));
#13543=IFCPOLYLOOP((#2490,#2598,#2517));
#13544=IFCFACEOUTERBOUND(#13543,.T.);
#13545=IFCFACE((#13544));
#13546=IFCPOLYLOOP((#2599,#2471,#2544));
#13547=IFCFACEOUTERBOUND(#13546,.T.);
#13548=IFCFACE((#13547));
#13549=IFCPOLYLOOP((#2601,#2604,#2603));
#13550=IFCFACEOUTERBOUND(#13549,.T.);
#13551=IFCFACE((#13550));
#13552=IFCPOLYLOOP((#2580,#2601,#2603,#2578));
#13553=IFCFACEOUTERBOUND(#13552,.T.);
#13554=IFCFACE((#13553));
#13555=IFCPOLYLOOP((#2602,#2604,#2601));
#13556=IFCFACEOUTERBOUND(#13555,.T.);
#13557=IFCFACE((#13556));
#13558=IFCPOLYLOOP((#2601,#2478,#2602));
#13559=IFCFACEOUTERBOUND(#13558,.T.);
#13560=IFCFACE((#13559));
#13561=IFCPOLYLOOP((#2602,#2477,#2604));
#13562=IFCFACEOUTERBOUND(#13561,.T.);
#13563=IFCFACE((#13562));
#13564=IFCPOLYLOOP((#2606,#2604,#2477));
#13565=IFCFACEOUTERBOUND(#13564,.T.);
#13566=IFCFACE((#13565));
#13567=IFCPOLYLOOP((#2607,#2618,#2606));
#13568=IFCFACEOUTERBOUND(#13567,.T.);
#13569=IFCFACE((#13568));
#13570=IFCPOLYLOOP((#2605,#2482,#2607));
#13571=IFCFACEOUTERBOUND(#13570,.T.);
#13572=IFCFACE((#13571));
#13573=IFCPOLYLOOP((#2607,#2608,#2582,#2618));
#13574=IFCFACEOUTERBOUND(#13573,.T.);
#13575=IFCFACE((#13574));
#13576=IFCPOLYLOOP((#2608,#2610,#2462));
#13577=IFCFACEOUTERBOUND(#13576,.T.);
#13578=IFCFACE((#13577));
#13579=IFCPOLYLOOP((#2610,#2608,#2607));
#13580=IFCFACEOUTERBOUND(#13579,.T.);
#13581=IFCFACE((#13580));
#13582=IFCPOLYLOOP((#2609,#2611,#2610));
#13583=IFCFACEOUTERBOUND(#13582,.T.);
#13584=IFCFACE((#13583));
#13585=IFCPOLYLOOP((#2611,#2609,#2472));
#13586=IFCFACEOUTERBOUND(#13585,.T.);
#13587=IFCFACE((#13586));
#13588=IFCPOLYLOOP((#2614,#2612,#2489));
#13589=IFCFACEOUTERBOUND(#13588,.T.);
#13590=IFCFACE((#13589));
#13591=IFCPOLYLOOP((#2615,#2617,#2611));
#13592=IFCFACEOUTERBOUND(#13591,.T.);
#13593=IFCFACE((#13592));
#13594=IFCPOLYLOOP((#2613,#2572,#2617,#2615));
#13595=IFCFACEOUTERBOUND(#13594,.T.);
#13596=IFCFACE((#13595));
#13597=IFCPOLYLOOP((#2613,#2615,#2614));
#13598=IFCFACEOUTERBOUND(#13597,.T.);
#13599=IFCFACE((#13598));
#13600=IFCPOLYLOOP((#2489,#2536,#2616));
#13601=IFCFACEOUTERBOUND(#13600,.T.);
#13602=IFCFACE((#13601));
#13603=IFCPOLYLOOP((#2472,#2612,#2615));
#13604=IFCFACEOUTERBOUND(#13603,.T.);
#13605=IFCFACE((#13604));
#13606=IFCPOLYLOOP((#2614,#2615,#2612));
#13607=IFCFACEOUTERBOUND(#13606,.T.);
#13608=IFCFACE((#13607));
#13609=IFCPOLYLOOP((#2616,#2537,#2540));
#13610=IFCFACEOUTERBOUND(#13609,.T.);
#13611=IFCFACE((#13610));
#13612=IFCPOLYLOOP((#2489,#2616,#2614));
#13613=IFCFACEOUTERBOUND(#13612,.T.);
#13614=IFCFACE((#13613));
#13615=IFCPOLYLOOP((#2617,#2462,#2611));
#13616=IFCFACEOUTERBOUND(#13615,.T.);
#13617=IFCFACE((#13616));
#13618=IFCPOLYLOOP((#2618,#2487,#2606));
#13619=IFCFACEOUTERBOUND(#13618,.T.);
#13620=IFCFACE((#13619));
#13621=IFCPOLYLOOP((#2762,#2645,#2757));
#13622=IFCFACEOUTERBOUND(#13621,.T.);
#13623=IFCFACE((#13622));
#13624=IFCPOLYLOOP((#2775,#2769,#2771));
#13625=IFCFACEOUTERBOUND(#13624,.T.);
#13626=IFCFACE((#13625));
#13627=IFCPOLYLOOP((#2787,#2658,#2720));
#13628=IFCFACEOUTERBOUND(#13627,.T.);
#13629=IFCFACE((#13628));
#13630=IFCPOLYLOOP((#2709,#2793,#2699));
#13631=IFCFACEOUTERBOUND(#13630,.T.);
#13632=IFCFACE((#13631));
#13633=IFCPOLYLOOP((#2624,#2661,#2623));
#13634=IFCFACEOUTERBOUND(#13633,.T.);
#13635=IFCFACE((#13634));
#13636=IFCPOLYLOOP((#2701,#2689,#2691));
#13637=IFCFACEOUTERBOUND(#13636,.T.);
#13638=IFCFACE((#13637));
#13639=IFCPOLYLOOP((#2693,#2694,#2697));
#13640=IFCFACEOUTERBOUND(#13639,.T.);
#13641=IFCFACE((#13640));
#13642=IFCPOLYLOOP((#2730,#2737,#2650));
#13643=IFCFACEOUTERBOUND(#13642,.T.);
#13644=IFCFACE((#13643));
#13645=IFCPOLYLOOP((#2699,#2672,#2695));
#13646=IFCFACEOUTERBOUND(#13645,.T.);
#13647=IFCFACE((#13646));
#13648=IFCPOLYLOOP((#2623,#2671,#2622));
#13649=IFCFACEOUTERBOUND(#13648,.T.);
#13650=IFCFACE((#13649));
#13651=IFCPOLYLOOP((#2705,#2685,#2687));
#13652=IFCFACEOUTERBOUND(#13651,.T.);
#13653=IFCFACE((#13652));
#13654=IFCPOLYLOOP((#2655,#2695,#2713));
#13655=IFCFACEOUTERBOUND(#13654,.T.);
#13656=IFCFACE((#13655));
#13657=IFCPOLYLOOP((#2765,#2635,#2766));
#13658=IFCFACEOUTERBOUND(#13657,.T.);
#13659=IFCFACE((#13658));
#13660=IFCPOLYLOOP((#2740,#2712,#2738));
#13661=IFCFACEOUTERBOUND(#13660,.T.);
#13662=IFCFACE((#13661));
#13663=IFCPOLYLOOP((#2629,#2746,#2738));
#13664=IFCFACEOUTERBOUND(#13663,.T.);
#13665=IFCFACE((#13664));
#13666=IFCPOLYLOOP((#2738,#2712,#2629));
#13667=IFCFACEOUTERBOUND(#13666,.T.);
#13668=IFCFACE((#13667));
#13669=IFCPOLYLOOP((#2759,#2757,#2645));
#13670=IFCFACEOUTERBOUND(#13669,.T.);
#13671=IFCFACE((#13670));
#13672=IFCPOLYLOOP((#2674,#2670,#2675,#1679,#1678));
#13673=IFCFACEOUTERBOUND(#13672,.T.);
#13674=IFCFACE((#13673));
#13675=IFCPOLYLOOP((#2768,#2765,#2766));
#13676=IFCFACEOUTERBOUND(#13675,.T.);
#13677=IFCFACE((#13676));
#13678=IFCPOLYLOOP((#2741,#2743,#2740));
#13679=IFCFACEOUTERBOUND(#13678,.T.);
#13680=IFCFACE((#13679));
#13681=IFCPOLYLOOP((#2751,#2753,#2761));
#13682=IFCFACEOUTERBOUND(#13681,.T.);
#13683=IFCFACE((#13682));
#13684=IFCPOLYLOOP((#2770,#2772,#2799));
#13685=IFCFACEOUTERBOUND(#13684,.T.);
#13686=IFCFACE((#13685));
#13687=IFCPOLYLOOP((#2767,#2742,#2744));
#13688=IFCFACEOUTERBOUND(#13687,.T.);
#13689=IFCFACE((#13688));
#13690=IFCPOLYLOOP((#2757,#2759,#2641));
#13691=IFCFACEOUTERBOUND(#13690,.T.);
#13692=IFCFACE((#13691));
#13693=IFCPOLYLOOP((#2633,#2738,#2746));
#13694=IFCFACEOUTERBOUND(#13693,.T.);
#13695=IFCFACE((#13694));
#13696=IFCPOLYLOOP((#2715,#2696,#2707));
#13697=IFCFACEOUTERBOUND(#13696,.T.);
#13698=IFCFACE((#13697));
#13699=IFCPOLYLOOP((#2780,#2777,#2646));
#13700=IFCFACEOUTERBOUND(#13699,.T.);
#13701=IFCFACE((#13700));
#13702=IFCPOLYLOOP((#2741,#2740,#2764,#2711));
#13703=IFCFACEOUTERBOUND(#13702,.T.);
#13704=IFCFACE((#13703));
#13705=IFCPOLYLOOP((#2780,#2778,#2777));
#13706=IFCFACEOUTERBOUND(#13705,.T.);
#13707=IFCFACE((#13706));
#13708=IFCPOLYLOOP((#2697,#2694,#2647));
#13709=IFCFACEOUTERBOUND(#13708,.T.);
#13710=IFCFACE((#13709));
#13711=IFCPOLYLOOP((#2694,#2717,#2692));
#13712=IFCFACEOUTERBOUND(#13711,.T.);
#13713=IFCFACE((#13712));
#13714=IFCPOLYLOOP((#2671,#2661,#2654));
#13715=IFCFACEOUTERBOUND(#13714,.T.);
#13716=IFCFACE((#13715));
#13717=IFCPOLYLOOP((#2699,#2695,#2652));
#13718=IFCFACEOUTERBOUND(#13717,.T.);
#13719=IFCFACE((#13718));
#13720=IFCPOLYLOOP((#2624,#1492,#2661));
#13721=IFCFACEOUTERBOUND(#13720,.T.);
#13722=IFCFACE((#13721));
#13723=IFCPOLYLOOP((#2671,#2623,#2661));
#13724=IFCFACEOUTERBOUND(#13723,.T.);
#13725=IFCFACE((#13724));
#13726=IFCPOLYLOOP((#2671,#2660,#2622));
#13727=IFCFACEOUTERBOUND(#13726,.T.);
#13728=IFCFACE((#13727));
#13729=IFCPOLYLOOP((#2621,#2660,#2620));
#13730=IFCFACEOUTERBOUND(#13729,.T.);
#13731=IFCFACE((#13730));
#13732=IFCPOLYLOOP((#2655,#2652,#2695));
#13733=IFCFACEOUTERBOUND(#13732,.T.);
#13734=IFCFACE((#13733));
#13735=IFCPOLYLOOP((#2704,#2681,#2683));
#13736=IFCFACEOUTERBOUND(#13735,.T.);
#13737=IFCFACE((#13736));
#13738=IFCPOLYLOOP((#2782,#2669,#2783));
#13739=IFCFACEOUTERBOUND(#13738,.T.);
#13740=IFCFACE((#13739));
#13741=IFCPOLYLOOP((#2682,#2658,#2788));
#13742=IFCFACEOUTERBOUND(#13741,.T.);
#13743=IFCFACE((#13742));
#13744=IFCPOLYLOOP((#2703,#2677,#2679));
#13745=IFCFACEOUTERBOUND(#13744,.T.);
#13746=IFCFACE((#13745));
#13747=IFCPOLYLOOP((#2733,#2664,#2732));
#13748=IFCFACEOUTERBOUND(#13747,.T.);
#13749=IFCFACE((#13748));
#13750=IFCPOLYLOOP((#2660,#2619,#2620));
#13751=IFCFACEOUTERBOUND(#13750,.T.);
#13752=IFCFACE((#13751));
#13753=IFCPOLYLOOP((#2660,#2621,#2622));
#13754=IFCFACEOUTERBOUND(#13753,.T.);
#13755=IFCFACE((#13754));
#13756=IFCPOLYLOOP((#2789,#2626,#2722));
#13757=IFCFACEOUTERBOUND(#13756,.T.);
#13758=IFCFACE((#13757));
#13759=IFCPOLYLOOP((#2662,#2796,#2734));
#13760=IFCFACEOUTERBOUND(#13759,.T.);
#13761=IFCFACE((#13760));
#13762=IFCPOLYLOOP((#2737,#2730,#2649));
#13763=IFCFACEOUTERBOUND(#13762,.T.);
#13764=IFCFACE((#13763));
#13765=IFCPOLYLOOP((#2791,#2666,#2716));
#13766=IFCFACEOUTERBOUND(#13765,.T.);
#13767=IFCFACE((#13766));
#13768=IFCPOLYLOOP((#2668,#2782,#2783));
#13769=IFCFACEOUTERBOUND(#13768,.T.);
#13770=IFCFACE((#13769));
#13771=IFCPOLYLOOP((#2785,#2666,#2792));
#13772=IFCFACEOUTERBOUND(#13771,.T.);
#13773=IFCFACE((#13772));
#13774=IFCPOLYLOOP((#2800,#2627,#2799));
#13775=IFCFACEOUTERBOUND(#13774,.T.);
#13776=IFCFACE((#13775));
#13777=IFCPOLYLOOP((#2713,#2654,#2655));
#13778=IFCFACEOUTERBOUND(#13777,.T.);
#13779=IFCFACE((#13778));
#13780=IFCPOLYLOOP((#2692,#2717,#2670));
#13781=IFCFACEOUTERBOUND(#13780,.T.);
#13782=IFCFACE((#13781));
#13783=IFCPOLYLOOP((#2653,#2660,#2671));
#13784=IFCFACEOUTERBOUND(#13783,.T.);
#13785=IFCFACE((#13784));
#13786=IFCPOLYLOOP((#2653,#2671,#2713));
#13787=IFCFACEOUTERBOUND(#13786,.T.);
#13788=IFCFACE((#13787));
#13789=IFCPOLYLOOP((#2673,#1491,#1679,#2675,#2648));
#13790=IFCFACEOUTERBOUND(#13789,.T.);
#13791=IFCFACE((#13790));
#13792=IFCPOLYLOOP((#2679,#2677,#2678));
#13793=IFCFACEOUTERBOUND(#13792,.T.);
#13794=IFCFACE((#13793));
#13795=IFCPOLYLOOP((#2790,#2718,#2626));
#13796=IFCFACEOUTERBOUND(#13795,.T.);
#13797=IFCFACE((#13796));
#13798=IFCPOLYLOOP((#2679,#2676,#2703));
#13799=IFCFACEOUTERBOUND(#13798,.T.);
#13800=IFCFACE((#13799));
#13801=IFCPOLYLOOP((#2787,#2678,#2659));
#13802=IFCFACEOUTERBOUND(#13801,.T.);
#13803=IFCFACE((#13802));
#13804=IFCPOLYLOOP((#2787,#2720,#2679));
#13805=IFCFACEOUTERBOUND(#13804,.T.);
#13806=IFCFACE((#13805));
#13807=IFCPOLYLOOP((#2683,#2681,#2682));
#13808=IFCFACEOUTERBOUND(#13807,.T.);
#13809=IFCFACE((#13808));
#13810=IFCPOLYLOOP((#2727,#2797,#2657));
#13811=IFCFACEOUTERBOUND(#13810,.T.);
#13812=IFCFACE((#13811));
#13813=IFCPOLYLOOP((#2683,#2680,#2704));
#13814=IFCFACEOUTERBOUND(#13813,.T.);
#13815=IFCFACE((#13814));
#13816=IFCPOLYLOOP((#2788,#2658,#2787));
#13817=IFCFACEOUTERBOUND(#13816,.T.);
#13818=IFCFACE((#13817));
#13819=IFCPOLYLOOP((#2788,#2721,#2683));
#13820=IFCFACEOUTERBOUND(#13819,.T.);
#13821=IFCFACE((#13820));
#13822=IFCPOLYLOOP((#2662,#2724,#2795));
#13823=IFCFACEOUTERBOUND(#13822,.T.);
#13824=IFCFACE((#13823));
#13825=IFCPOLYLOOP((#2685,#2686,#2687));
#13826=IFCFACEOUTERBOUND(#13825,.T.);
#13827=IFCFACE((#13826));
#13828=IFCPOLYLOOP((#2687,#2684,#2705));
#13829=IFCFACEOUTERBOUND(#13828,.T.);
#13830=IFCFACE((#13829));
#13831=IFCPOLYLOOP((#2789,#2686,#2628));
#13832=IFCFACEOUTERBOUND(#13831,.T.);
#13833=IFCFACE((#13832));
#13834=IFCPOLYLOOP((#2789,#2722,#2687));
#13835=IFCFACEOUTERBOUND(#13834,.T.);
#13836=IFCFACE((#13835));
#13837=IFCPOLYLOOP((#2691,#2689,#2690));
#13838=IFCFACEOUTERBOUND(#13837,.T.);
#13839=IFCFACE((#13838));
#13840=IFCPOLYLOOP((#2798,#2725,#2657));
#13841=IFCFACEOUTERBOUND(#13840,.T.);
#13842=IFCFACE((#13841));
#13843=IFCPOLYLOOP((#2691,#2688,#2701));
#13844=IFCFACEOUTERBOUND(#13843,.T.);
#13845=IFCFACE((#13844));
#13846=IFCPOLYLOOP((#2791,#2690,#2667));
#13847=IFCFACEOUTERBOUND(#13846,.T.);
#13848=IFCFACE((#13847));
#13849=IFCPOLYLOOP((#2791,#2716,#2691));
#13850=IFCFACEOUTERBOUND(#13849,.T.);
#13851=IFCFACE((#13850));
#13852=IFCPOLYLOOP((#2692,#2647,#2694));
#13853=IFCFACEOUTERBOUND(#13852,.T.);
#13854=IFCFACE((#13853));
#13855=IFCPOLYLOOP((#2706,#2707,#2696));
#13856=IFCFACEOUTERBOUND(#13855,.T.);
#13857=IFCFACE((#13856));
#13858=IFCPOLYLOOP((#2648,#2675,#2717));
#13859=IFCFACEOUTERBOUND(#13858,.T.);
#13860=IFCFACE((#13859));
#13861=IFCPOLYLOOP((#2648,#2694,#2693));
#13862=IFCFACEOUTERBOUND(#13861,.T.);
#13863=IFCFACE((#13862));
#13864=IFCPOLYLOOP((#2657,#2797,#2798));
#13865=IFCFACEOUTERBOUND(#13864,.T.);
#13866=IFCFACE((#13865));
#13867=IFCPOLYLOOP((#2713,#2672,#2653));
#13868=IFCFACEOUTERBOUND(#13867,.T.);
#13869=IFCFACE((#13868));
#13870=IFCPOLYLOOP((#2697,#2643,#2693));
#13871=IFCFACEOUTERBOUND(#13870,.T.);
#13872=IFCFACE((#13871));
#13873=IFCPOLYLOOP((#2697,#2647,#2714));
#13874=IFCFACEOUTERBOUND(#13873,.T.);
#13875=IFCFACE((#13874));
#13876=IFCPOLYLOOP((#2707,#2646,#2702));
#13877=IFCFACEOUTERBOUND(#13876,.T.);
#13878=IFCFACE((#13877));
#13879=IFCPOLYLOOP((#2699,#2651,#2672));
#13880=IFCFACEOUTERBOUND(#13879,.T.);
#13881=IFCFACE((#13880));
#13882=IFCPOLYLOOP((#2699,#2652,#2709));
#13883=IFCFACEOUTERBOUND(#13882,.T.);
#13884=IFCFACE((#13883));
#13885=IFCPOLYLOOP((#2794,#2700,#2793));
#13886=IFCFACEOUTERBOUND(#13885,.T.);
#13887=IFCFACE((#13886));
#13888=IFCPOLYLOOP((#2729,#2730,#2794));
#13889=IFCFACEOUTERBOUND(#13888,.T.);
#13890=IFCFACE((#13889));
#13891=IFCPOLYLOOP((#2699,#2793,#2651));
#13892=IFCFACEOUTERBOUND(#13891,.T.);
#13893=IFCFACE((#13892));
#13894=IFCPOLYLOOP((#2798,#2728,#2701));
#13895=IFCFACEOUTERBOUND(#13894,.T.);
#13896=IFCFACE((#13895));
#13897=IFCPOLYLOOP((#2626,#2789,#2790));
#13898=IFCFACEOUTERBOUND(#13897,.T.);
#13899=IFCFACE((#13898));
#13900=IFCPOLYLOOP((#2715,#2643,#2697));
#13901=IFCFACEOUTERBOUND(#13900,.T.);
#13902=IFCFACE((#13901));
#13903=IFCPOLYLOOP((#2790,#2726,#2703));
#13904=IFCFACEOUTERBOUND(#13903,.T.);
#13905=IFCFACE((#13904));
#13906=IFCPOLYLOOP((#2723,#2656,#2797));
#13907=IFCFACEOUTERBOUND(#13906,.T.);
#13908=IFCFACE((#13907));
#13909=IFCPOLYLOOP((#2797,#2727,#2704));
#13910=IFCFACEOUTERBOUND(#13909,.T.);
#13911=IFCFACE((#13910));
#13912=IFCPOLYLOOP((#2719,#2663,#2795));
#13913=IFCFACEOUTERBOUND(#13912,.T.);
#13914=IFCFACE((#13913));
#13915=IFCPOLYLOOP((#2795,#2724,#2705));
#13916=IFCFACEOUTERBOUND(#13915,.T.);
#13917=IFCFACE((#13916));
#13918=IFCPOLYLOOP((#2706,#2638,#2776,#2780));
#13919=IFCFACEOUTERBOUND(#13918,.T.);
#13920=IFCFACE((#13919));
#13921=IFCPOLYLOOP((#2706,#2780,#2707));
#13922=IFCFACEOUTERBOUND(#13921,.T.);
#13923=IFCFACE((#13922));
#13924=IFCPOLYLOOP((#2702,#2643,#2715));
#13925=IFCFACEOUTERBOUND(#13924,.T.);
#13926=IFCFACE((#13925));
#13927=IFCPOLYLOOP((#2775,#2632,#2769));
#13928=IFCFACEOUTERBOUND(#13927,.T.);
#13929=IFCFACE((#13928));
#13930=IFCPOLYLOOP((#2762,#2755,#2645));
#13931=IFCFACEOUTERBOUND(#13930,.T.);
#13932=IFCFACE((#13931));
#13933=IFCPOLYLOOP((#2793,#2709,#2698));
#13934=IFCFACEOUTERBOUND(#13933,.T.);
#13935=IFCFACE((#13934));
#13936=IFCPOLYLOOP((#2763,#2753,#2754));
#13937=IFCFACEOUTERBOUND(#13936,.T.);
#13938=IFCFACE((#13937));
#13939=IFCPOLYLOOP((#2764,#2740,#2738));
#13940=IFCFACEOUTERBOUND(#13939,.T.);
#13941=IFCFACE((#13940));
#13942=IFCPOLYLOOP((#2713,#2695,#2672));
#13943=IFCFACEOUTERBOUND(#13942,.T.);
#13944=IFCFACE((#13943));
#13945=IFCPOLYLOOP((#2654,#2713,#2671));
#13946=IFCFACEOUTERBOUND(#13945,.T.);
#13947=IFCFACE((#13946));
#13948=IFCPOLYLOOP((#2715,#2707,#2702));
#13949=IFCFACEOUTERBOUND(#13948,.T.);
#13950=IFCFACE((#13949));
#13951=IFCPOLYLOOP((#2715,#2714,#2696));
#13952=IFCFACEOUTERBOUND(#13951,.T.);
#13953=IFCFACE((#13952));
#13954=IFCPOLYLOOP((#2714,#2715,#2697));
#13955=IFCFACEOUTERBOUND(#13954,.T.);
#13956=IFCFACE((#13955));
#13957=IFCPOLYLOOP((#2648,#2717,#2694));
#13958=IFCFACEOUTERBOUND(#13957,.T.);
#13959=IFCFACE((#13958));
#13960=IFCPOLYLOOP((#2716,#2688,#2691));
#13961=IFCFACEOUTERBOUND(#13960,.T.);
#13962=IFCFACE((#13961));
#13963=IFCPOLYLOOP((#2670,#2717,#2675));
#13964=IFCFACEOUTERBOUND(#13963,.T.);
#13965=IFCFACE((#13964));
#13966=IFCPOLYLOOP((#2703,#2676,#2718));
#13967=IFCFACEOUTERBOUND(#13966,.T.);
#13968=IFCFACE((#13967));
#13969=IFCPOLYLOOP((#2705,#2684,#2719));
#13970=IFCFACEOUTERBOUND(#13969,.T.);
#13971=IFCFACE((#13970));
#13972=IFCPOLYLOOP((#2704,#2680,#2723));
#13973=IFCFACEOUTERBOUND(#13972,.T.);
#13974=IFCFACE((#13973));
#13975=IFCPOLYLOOP((#2720,#2676,#2679));
#13976=IFCFACEOUTERBOUND(#13975,.T.);
#13977=IFCFACE((#13976));
#13978=IFCPOLYLOOP((#2721,#2680,#2683));
#13979=IFCFACEOUTERBOUND(#13978,.T.);
#13980=IFCFACE((#13979));
#13981=IFCPOLYLOOP((#2722,#2684,#2687));
#13982=IFCFACEOUTERBOUND(#13981,.T.);
#13983=IFCFACE((#13982));
#13984=IFCPOLYLOOP((#2701,#2688,#2725));
#13985=IFCFACEOUTERBOUND(#13984,.T.);
#13986=IFCFACE((#13985));
#13987=IFCPOLYLOOP((#2724,#2685,#2705));
#13988=IFCFACEOUTERBOUND(#13987,.T.);
#13989=IFCFACE((#13988));
#13990=IFCPOLYLOOP((#2732,#2665,#2733));
#13991=IFCFACEOUTERBOUND(#13990,.T.);
#13992=IFCFACE((#13991));
#13993=IFCPOLYLOOP((#2726,#2677,#2703));
#13994=IFCFACEOUTERBOUND(#13993,.T.);
#13995=IFCFACE((#13994));
#13996=IFCPOLYLOOP((#2727,#2681,#2704));
#13997=IFCFACEOUTERBOUND(#13996,.T.);
#13998=IFCFACE((#13997));
#13999=IFCPOLYLOOP((#2728,#2689,#2701));
#14000=IFCFACEOUTERBOUND(#13999,.T.);
#14001=IFCFACE((#14000));
#14002=IFCPOLYLOOP((#2649,#2730,#2729));
#14003=IFCFACEOUTERBOUND(#14002,.T.);
#14004=IFCFACE((#14003));
#14005=IFCPOLYLOOP((#2700,#2730,#2650));
#14006=IFCFACEOUTERBOUND(#14005,.T.);
#14007=IFCFACE((#14006));
#14008=IFCPOLYLOOP((#2732,#2664,#2731));
#14009=IFCFACEOUTERBOUND(#14008,.T.);
#14010=IFCFACE((#14009));
#14011=IFCPOLYLOOP((#2731,#2650,#2737));
#14012=IFCFACEOUTERBOUND(#14011,.T.);
#14013=IFCFACE((#14012));
#14014=IFCPOLYLOOP((#2737,#2736,#2732));
#14015=IFCFACEOUTERBOUND(#14014,.T.);
#14016=IFCFACE((#14015));
#14017=IFCPOLYLOOP((#2662,#2795,#2796));
#14018=IFCFACEOUTERBOUND(#14017,.T.);
#14019=IFCFACE((#14018));
#14020=IFCPOLYLOOP((#2796,#2735,#2733));
#14021=IFCFACEOUTERBOUND(#14020,.T.);
#14022=IFCFACE((#14021));
#14023=IFCPOLYLOOP((#2733,#2665,#2734));
#14024=IFCFACEOUTERBOUND(#14023,.T.);
#14025=IFCFACE((#14024));
#14026=IFCPOLYLOOP((#2736,#2737,#2649));
#14027=IFCFACEOUTERBOUND(#14026,.T.);
#14028=IFCFACE((#14027));
#14029=IFCPOLYLOOP((#2735,#2664,#2733));
#14030=IFCFACEOUTERBOUND(#14029,.T.);
#14031=IFCFACE((#14030));
#14032=IFCPOLYLOOP((#2736,#2665,#2732));
#14033=IFCFACEOUTERBOUND(#14032,.T.);
#14034=IFCFACE((#14033));
#14035=IFCPOLYLOOP((#2731,#2737,#2732));
#14036=IFCFACEOUTERBOUND(#14035,.T.);
#14037=IFCFACE((#14036));
#14038=IFCPOLYLOOP((#2746,#2749,#2748));
#14039=IFCFACEOUTERBOUND(#14038,.T.);
#14040=IFCFACE((#14039));
#14041=IFCPOLYLOOP((#2750,#2739,#2749));
#14042=IFCFACEOUTERBOUND(#14041,.T.);
#14043=IFCFACE((#14042));
#14044=IFCPOLYLOOP((#2741,#2631,#2743));
#14045=IFCFACEOUTERBOUND(#14044,.T.);
#14046=IFCFACE((#14045));
#14047=IFCPOLYLOOP((#2636,#2712,#2740));
#14048=IFCFACEOUTERBOUND(#14047,.T.);
#14049=IFCFACE((#14048));
#14050=IFCPOLYLOOP((#2744,#2743,#2631));
#14051=IFCFACEOUTERBOUND(#14050,.T.);
#14052=IFCFACE((#14051));
#14053=IFCPOLYLOOP((#2742,#2743,#2744));
#14054=IFCFACEOUTERBOUND(#14053,.T.);
#14055=IFCFACE((#14054));
#14056=IFCPOLYLOOP((#2740,#2743,#2636));
#14057=IFCFACEOUTERBOUND(#14056,.T.);
#14058=IFCFACE((#14057));
#14059=IFCPOLYLOOP((#2742,#2636,#2743));
#14060=IFCFACEOUTERBOUND(#14059,.T.);
#14061=IFCFACE((#14060));
#14062=IFCPOLYLOOP((#2744,#2631,#2745));
#14063=IFCFACEOUTERBOUND(#14062,.T.);
#14064=IFCFACE((#14063));
#14065=IFCPOLYLOOP((#2767,#2640,#2766));
#14066=IFCFACEOUTERBOUND(#14065,.T.);
#14067=IFCFACE((#14066));
#14068=IFCPOLYLOOP((#2750,#2749,#2642));
#14069=IFCFACEOUTERBOUND(#14068,.T.);
#14070=IFCFACE((#14069));
#14071=IFCPOLYLOOP((#2767,#2745,#2640));
#14072=IFCFACEOUTERBOUND(#14071,.T.);
#14073=IFCFACE((#14072));
#14074=IFCPOLYLOOP((#2749,#2746,#2747));
#14075=IFCFACEOUTERBOUND(#14074,.T.);
#14076=IFCFACE((#14075));
#14077=IFCPOLYLOOP((#2746,#2629,#2747));
#14078=IFCFACEOUTERBOUND(#14077,.T.);
#14079=IFCFACE((#14078));
#14080=IFCPOLYLOOP((#2748,#2749,#2739));
#14081=IFCFACEOUTERBOUND(#14080,.T.);
#14082=IFCFACE((#14081));
#14083=IFCPOLYLOOP((#2748,#2633,#2746));
#14084=IFCFACEOUTERBOUND(#14083,.T.);
#14085=IFCFACE((#14084));
#14086=IFCPOLYLOOP((#2642,#2749,#2747));
#14087=IFCFACEOUTERBOUND(#14086,.T.);
#14088=IFCFACE((#14087));
#14089=IFCPOLYLOOP((#2751,#2637,#2753));
#14090=IFCFACEOUTERBOUND(#14089,.T.);
#14091=IFCFACE((#14090));
#14092=IFCPOLYLOOP((#2761,#2752,#2750));
#14093=IFCFACEOUTERBOUND(#14092,.T.);
#14094=IFCFACE((#14093));
#14095=IFCPOLYLOOP((#2642,#2751,#2761));
#14096=IFCFACEOUTERBOUND(#14095,.T.);
#14097=IFCFACE((#14096));
#14098=IFCPOLYLOOP((#2754,#2753,#2637));
#14099=IFCFACEOUTERBOUND(#14098,.T.);
#14100=IFCFACE((#14099));
#14101=IFCPOLYLOOP((#2752,#2739,#2750));
#14102=IFCFACEOUTERBOUND(#14101,.T.);
#14103=IFCFACE((#14102));
#14104=IFCPOLYLOOP((#2630,#2752,#2761));
#14105=IFCFACEOUTERBOUND(#14104,.T.);
#14106=IFCFACE((#14105));
#14107=IFCPOLYLOOP((#2757,#2641,#2756));
#14108=IFCFACEOUTERBOUND(#14107,.T.);
#14109=IFCFACE((#14108));
#14110=IFCPOLYLOOP((#2763,#2630,#2753));
#14111=IFCFACEOUTERBOUND(#14110,.T.);
#14112=IFCFACE((#14111));
#14113=IFCPOLYLOOP((#2754,#2637,#2755));
#14114=IFCFACEOUTERBOUND(#14113,.T.);
#14115=IFCFACE((#14114));
#14116=IFCPOLYLOOP((#2710,#2762,#2756));
#14117=IFCFACEOUTERBOUND(#14116,.T.);
#14118=IFCFACE((#14117));
#14119=IFCPOLYLOOP((#2762,#2710,#2754));
#14120=IFCFACEOUTERBOUND(#14119,.T.);
#14121=IFCFACE((#14120));
#14122=IFCPOLYLOOP((#2645,#2758,#2759));
#14123=IFCFACEOUTERBOUND(#14122,.T.);
#14124=IFCFACE((#14123));
#14125=IFCPOLYLOOP((#2778,#2779,#2634));
#14126=IFCFACEOUTERBOUND(#14125,.T.);
#14127=IFCFACE((#14126));
#14128=IFCPOLYLOOP((#2779,#2758,#2634));
#14129=IFCFACEOUTERBOUND(#14128,.T.);
#14130=IFCFACE((#14129));
#14131=IFCPOLYLOOP((#2779,#2760,#2759));
#14132=IFCFACEOUTERBOUND(#14131,.T.);
#14133=IFCFACE((#14132));
#14134=IFCPOLYLOOP((#2761,#2750,#2642));
#14135=IFCFACEOUTERBOUND(#14134,.T.);
#14136=IFCFACE((#14135));
#14137=IFCPOLYLOOP((#2760,#2641,#2759));
#14138=IFCFACEOUTERBOUND(#14137,.T.);
#14139=IFCFACE((#14138));
#14140=IFCPOLYLOOP((#2630,#2761,#2753));
#14141=IFCFACEOUTERBOUND(#14140,.T.);
#14142=IFCFACE((#14141));
#14143=IFCPOLYLOOP((#2755,#2762,#2754));
#14144=IFCFACEOUTERBOUND(#14143,.T.);
#14145=IFCFACE((#14144));
#14146=IFCPOLYLOOP((#2756,#2762,#2757));
#14147=IFCFACEOUTERBOUND(#14146,.T.);
#14148=IFCFACE((#14147));
#14149=IFCPOLYLOOP((#2754,#2710,#2763));
#14150=IFCFACEOUTERBOUND(#14149,.T.);
#14151=IFCFACE((#14150));
#14152=IFCPOLYLOOP((#2738,#2633,#2764));
#14153=IFCFACEOUTERBOUND(#14152,.T.);
#14154=IFCFACE((#14153));
#14155=IFCPOLYLOOP((#2639,#2765,#2768));
#14156=IFCFACEOUTERBOUND(#14155,.T.);
#14157=IFCFACE((#14156));
#14158=IFCPOLYLOOP((#2767,#2766,#2635));
#14159=IFCFACEOUTERBOUND(#14158,.T.);
#14160=IFCFACE((#14159));
#14161=IFCPOLYLOOP((#2774,#2632,#2768));
#14162=IFCFACEOUTERBOUND(#14161,.T.);
#14163=IFCFACE((#14162));
#14164=IFCPOLYLOOP((#2742,#2767,#2635));
#14165=IFCFACEOUTERBOUND(#14164,.T.);
#14166=IFCFACE((#14165));
#14167=IFCPOLYLOOP((#2745,#2767,#2744));
#14168=IFCFACEOUTERBOUND(#14167,.T.);
#14169=IFCFACE((#14168));
#14170=IFCPOLYLOOP((#2768,#2766,#2774));
#14171=IFCFACEOUTERBOUND(#14170,.T.);
#14172=IFCFACE((#14171));
#14173=IFCPOLYLOOP((#2769,#2708,#2771));
#14174=IFCFACEOUTERBOUND(#14173,.T.);
#14175=IFCFACE((#14174));
#14176=IFCPOLYLOOP((#2772,#2771,#2708));
#14177=IFCFACEOUTERBOUND(#14176,.T.);
#14178=IFCFACE((#14177));
#14179=IFCPOLYLOOP((#2770,#2771,#2772));
#14180=IFCFACEOUTERBOUND(#14179,.T.);
#14181=IFCFACE((#14180));
#14182=IFCPOLYLOOP((#2775,#2639,#2768));
#14183=IFCFACEOUTERBOUND(#14182,.T.);
#14184=IFCFACE((#14183));
#14185=IFCPOLYLOOP((#2770,#2639,#2771));
#14186=IFCFACEOUTERBOUND(#14185,.T.);
#14187=IFCFACE((#14186));
#14188=IFCPOLYLOOP((#2772,#2708,#2773));
#14189=IFCFACEOUTERBOUND(#14188,.T.);
#14190=IFCFACE((#14189));
#14191=IFCPOLYLOOP((#2772,#2773,#2799));
#14192=IFCFACEOUTERBOUND(#14191,.T.);
#14193=IFCFACE((#14192));
#14194=IFCPOLYLOOP((#2766,#2640,#2774));
#14195=IFCFACEOUTERBOUND(#14194,.T.);
#14196=IFCFACE((#14195));
#14197=IFCPOLYLOOP((#2799,#2773,#2625));
#14198=IFCFACEOUTERBOUND(#14197,.T.);
#14199=IFCFACE((#14198));
#14200=IFCPOLYLOOP((#2639,#2775,#2771));
#14201=IFCFACEOUTERBOUND(#14200,.T.);
#14202=IFCFACE((#14201));
#14203=IFCPOLYLOOP((#2632,#2775,#2768));
#14204=IFCFACEOUTERBOUND(#14203,.T.);
#14205=IFCFACE((#14204));
#14206=IFCPOLYLOOP((#2776,#2778,#2780));
#14207=IFCFACEOUTERBOUND(#14206,.T.);
#14208=IFCFACE((#14207));
#14209=IFCPOLYLOOP((#2776,#2644,#2778));
#14210=IFCFACEOUTERBOUND(#14209,.T.);
#14211=IFCFACE((#14210));
#14212=IFCPOLYLOOP((#2644,#2760,#2779));
#14213=IFCFACEOUTERBOUND(#14212,.T.);
#14214=IFCFACE((#14213));
#14215=IFCPOLYLOOP((#2777,#2778,#2634));
#14216=IFCFACEOUTERBOUND(#14215,.T.);
#14217=IFCFACE((#14216));
#14218=IFCPOLYLOOP((#2644,#2779,#2778));
#14219=IFCFACEOUTERBOUND(#14218,.T.);
#14220=IFCFACE((#14219));
#14221=IFCPOLYLOOP((#2758,#2779,#2759));
#14222=IFCFACEOUTERBOUND(#14221,.T.);
#14223=IFCFACE((#14222));
#14224=IFCPOLYLOOP((#2707,#2780,#2646));
#14225=IFCFACEOUTERBOUND(#14224,.T.);
#14226=IFCFACE((#14225));
#14227=IFCPOLYLOOP((#2782,#2668,#2781));
#14228=IFCFACEOUTERBOUND(#14227,.T.);
#14229=IFCFACE((#14228));
#14230=IFCPOLYLOOP((#2627,#2800,#2781));
#14231=IFCFACEOUTERBOUND(#14230,.T.);
#14232=IFCFACE((#14231));
#14233=IFCPOLYLOOP((#2800,#2784,#2782));
#14234=IFCFACEOUTERBOUND(#14233,.T.);
#14235=IFCFACE((#14234));
#14236=IFCPOLYLOOP((#2783,#2669,#2785));
#14237=IFCFACEOUTERBOUND(#14236,.T.);
#14238=IFCFACE((#14237));
#14239=IFCPOLYLOOP((#2792,#2786,#2783));
#14240=IFCFACEOUTERBOUND(#14239,.T.);
#14241=IFCFACE((#14240));
#14242=IFCPOLYLOOP((#2678,#2787,#2679));
#14243=IFCFACEOUTERBOUND(#14242,.T.);
#14244=IFCFACE((#14243));
#14245=IFCPOLYLOOP((#2784,#2669,#2782));
#14246=IFCFACEOUTERBOUND(#14245,.T.);
#14247=IFCFACE((#14246));
#14248=IFCPOLYLOOP((#2792,#2666,#2791));
#14249=IFCFACEOUTERBOUND(#14248,.T.);
#14250=IFCFACE((#14249));
#14251=IFCPOLYLOOP((#2786,#2668,#2783));
#14252=IFCFACEOUTERBOUND(#14251,.T.);
#14253=IFCFACE((#14252));
#14254=IFCPOLYLOOP((#2788,#2787,#2659));
#14255=IFCFACEOUTERBOUND(#14254,.T.);
#14256=IFCFACE((#14255));
#14257=IFCPOLYLOOP((#2721,#2788,#2659));
#14258=IFCFACEOUTERBOUND(#14257,.T.);
#14259=IFCFACE((#14258));
#14260=IFCPOLYLOOP((#2682,#2788,#2683));
#14261=IFCFACEOUTERBOUND(#14260,.T.);
#14262=IFCFACE((#14261));
#14263=IFCPOLYLOOP((#2686,#2789,#2687));
#14264=IFCFACEOUTERBOUND(#14263,.T.);
#14265=IFCFACE((#14264));
#14266=IFCPOLYLOOP((#2790,#2789,#2628));
#14267=IFCFACEOUTERBOUND(#14266,.T.);
#14268=IFCFACE((#14267));
#14269=IFCPOLYLOOP((#2726,#2790,#2628));
#14270=IFCFACEOUTERBOUND(#14269,.T.);
#14271=IFCFACE((#14270));
#14272=IFCPOLYLOOP((#2718,#2790,#2703));
#14273=IFCFACEOUTERBOUND(#14272,.T.);
#14274=IFCFACE((#14273));
#14275=IFCPOLYLOOP((#2690,#2791,#2691));
#14276=IFCFACEOUTERBOUND(#14275,.T.);
#14277=IFCFACE((#14276));
#14278=IFCPOLYLOOP((#2792,#2791,#2667));
#14279=IFCFACEOUTERBOUND(#14278,.T.);
#14280=IFCFACE((#14279));
#14281=IFCPOLYLOOP((#2786,#2792,#2667));
#14282=IFCFACEOUTERBOUND(#14281,.T.);
#14283=IFCFACE((#14282));
#14284=IFCPOLYLOOP((#2785,#2792,#2783));
#14285=IFCFACEOUTERBOUND(#14284,.T.);
#14286=IFCFACE((#14285));
#14287=IFCPOLYLOOP((#2698,#2729,#2794));
#14288=IFCFACEOUTERBOUND(#14287,.T.);
#14289=IFCFACE((#14288));
#14290=IFCPOLYLOOP((#2651,#2793,#2700));
#14291=IFCFACEOUTERBOUND(#14290,.T.);
#14292=IFCFACE((#14291));
#14293=IFCPOLYLOOP((#2700,#2794,#2730));
#14294=IFCFACEOUTERBOUND(#14293,.T.);
#14295=IFCFACE((#14294));
#14296=IFCPOLYLOOP((#2698,#2794,#2793));
#14297=IFCFACEOUTERBOUND(#14296,.T.);
#14298=IFCFACE((#14297));
#14299=IFCPOLYLOOP((#2719,#2795,#2705));
#14300=IFCFACEOUTERBOUND(#14299,.T.);
#14301=IFCFACE((#14300));
#14302=IFCPOLYLOOP((#2796,#2795,#2663));
#14303=IFCFACEOUTERBOUND(#14302,.T.);
#14304=IFCFACE((#14303));
#14305=IFCPOLYLOOP((#2735,#2796,#2663));
#14306=IFCFACEOUTERBOUND(#14305,.T.);
#14307=IFCFACE((#14306));
#14308=IFCPOLYLOOP((#2734,#2796,#2733));
#14309=IFCFACEOUTERBOUND(#14308,.T.);
#14310=IFCFACE((#14309));
#14311=IFCPOLYLOOP((#2723,#2797,#2704));
#14312=IFCFACEOUTERBOUND(#14311,.T.);
#14313=IFCFACE((#14312));
#14314=IFCPOLYLOOP((#2798,#2797,#2656));
#14315=IFCFACEOUTERBOUND(#14314,.T.);
#14316=IFCFACE((#14315));
#14317=IFCPOLYLOOP((#2728,#2798,#2656));
#14318=IFCFACEOUTERBOUND(#14317,.T.);
#14319=IFCFACE((#14318));
#14320=IFCPOLYLOOP((#2725,#2798,#2701));
#14321=IFCFACEOUTERBOUND(#14320,.T.);
#14322=IFCFACE((#14321));
#14323=IFCPOLYLOOP((#2625,#2784,#2800));
#14324=IFCFACEOUTERBOUND(#14323,.T.);
#14325=IFCFACE((#14324));
#14326=IFCPOLYLOOP((#2770,#2799,#2627));
#14327=IFCFACEOUTERBOUND(#14326,.T.);
#14328=IFCFACE((#14327));
#14329=IFCPOLYLOOP((#2781,#2800,#2782));
#14330=IFCFACEOUTERBOUND(#14329,.T.);
#14331=IFCFACE((#14330));
#14332=IFCPOLYLOOP((#2625,#2800,#2799));
#14333=IFCFACEOUTERBOUND(#14332,.T.);
#14334=IFCFACE((#14333));
#14335=IFCPOLYLOOP((#1139,#1138,#1683,#2338,#2328,#2340,#2324,#2374,#2344,#2390,#2319,#2359,#2355,#2386,#2320,#2365,#2363,#2392,#2300,#2376,#2358,#2379,#2305,#2385,#2381,#2437,#2303,#2443,#2370,#2441,#2317,#2408,#2335,#2404,#2296,#2430,#2369,#2399,#2318,#2428,#2393,#2431,#2301,#2434,#2354,#2435,#2304,#2415,#2333,#2433,#2297,#2420,#2357,#2432,#2302,#2425,#2351,#2371,#2298,#2348,#2345,#2373,#2299,#2336,#2326,#2327,#2289));
#14336=IFCFACEOUTERBOUND(#14335,.T.);
#14337=IFCFACE((#14336));
#14338=IFCPOLYLOOP((#1136,#2801,#2836,#2830,#2855,#2819,#2869,#2844,#2863,#2818,#2874,#2847,#2875,#2840,#2871,#2843,#2862,#2817,#2881,#2823,#2889,#2822,#2852,#2851,#2903,#2821,#2900,#2829,#2896,#2827,#2835,#2834,#2839,#1684,#1137));
#14339=IFCFACEOUTERBOUND(#14338,.T.);
#14340=IFCFACE((#14339));
#14341=IFCPOLYLOOP((#2859,#2833,#2838,#2860));
#14342=IFCFACEOUTERBOUND(#14341,.T.);
#14343=IFCFACE((#14342));
#14344=IFCPOLYLOOP((#2817,#2882,#2881));
#14345=IFCFACEOUTERBOUND(#14344,.T.);
#14346=IFCFACE((#14345));
#14347=IFCPOLYLOOP((#2860,#1687,#1686));
#14348=IFCFACEOUTERBOUND(#14347,.T.);
#14349=IFCFACE((#14348));
#14350=IFCPOLYLOOP((#2887,#2841,#2872));
#14351=IFCFACEOUTERBOUND(#14350,.T.);
#14352=IFCFACE((#14351));
#14353=IFCPOLYLOOP((#2892,#2890,#2889));
#14354=IFCFACEOUTERBOUND(#14353,.T.);
#14355=IFCFACE((#14354));
#14356=IFCPOLYLOOP((#2889,#2890,#2822));
#14357=IFCFACEOUTERBOUND(#14356,.T.);
#14358=IFCFACE((#14357));
#14359=IFCPOLYLOOP((#2839,#1686,#1685));
#14360=IFCFACEOUTERBOUND(#14359,.T.);
#14361=IFCFACE((#14360));
#14362=IFCPOLYLOOP((#1685,#1684,#2839));
#14363=IFCFACEOUTERBOUND(#14362,.T.);
#14364=IFCFACE((#14363));
#14365=IFCPOLYLOOP((#2801,#2802,#2836));
#14366=IFCFACEOUTERBOUND(#14365,.T.);
#14367=IFCFACE((#14366));
#14368=IFCPOLYLOOP((#1688,#1687,#2860));
#14369=IFCFACEOUTERBOUND(#14368,.T.);
#14370=IFCFACE((#14369));
#14371=IFCPOLYLOOP((#2856,#2832,#2857));
#14372=IFCFACEOUTERBOUND(#14371,.T.);
#14373=IFCFACE((#14372));
#14374=IFCPOLYLOOP((#2812,#2813,#2837));
#14375=IFCFACEOUTERBOUND(#14374,.T.);
#14376=IFCFACE((#14375));
#14377=IFCPOLYLOOP((#2838,#1696,#1695));
#14378=IFCFACEOUTERBOUND(#14377,.T.);
#14379=IFCFACE((#14378));
#14380=IFCPOLYLOOP((#2834,#2835,#2866));
#14381=IFCFACEOUTERBOUND(#14380,.T.);
#14382=IFCFACE((#14381));
#14383=IFCPOLYLOOP((#1694,#2838,#1695));
#14384=IFCFACEOUTERBOUND(#14383,.T.);
#14385=IFCFACE((#14384));
#14386=IFCPOLYLOOP((#2859,#2860,#2839,#2834));
#14387=IFCFACEOUTERBOUND(#14386,.T.);
#14388=IFCFACE((#14387));
#14389=IFCPOLYLOOP((#2868,#2819,#2857));
#14390=IFCFACEOUTERBOUND(#14389,.T.);
#14391=IFCFACE((#14390));
#14392=IFCPOLYLOOP((#2857,#2819,#2855));
#14393=IFCFACEOUTERBOUND(#14392,.T.);
#14394=IFCFACE((#14393));
#14395=IFCPOLYLOOP((#2856,#2858,#2831));
#14396=IFCFACEOUTERBOUND(#14395,.T.);
#14397=IFCFACE((#14396));
#14398=IFCPOLYLOOP((#2917,#2896,#2910));
#14399=IFCFACEOUTERBOUND(#14398,.T.);
#14400=IFCFACE((#14399));
#14401=IFCPOLYLOOP((#2812,#2837,#2811));
#14402=IFCFACEOUTERBOUND(#14401,.T.);
#14403=IFCFACE((#14402));
#14404=IFCPOLYLOOP((#2805,#2901,#2804));
#14405=IFCFACEOUTERBOUND(#14404,.T.);
#14406=IFCFACE((#14405));
#14407=IFCPOLYLOOP((#2831,#2832,#2856));
#14408=IFCFACEOUTERBOUND(#14407,.T.);
#14409=IFCFACE((#14408));
#14410=IFCPOLYLOOP((#1691,#2860,#1692));
#14411=IFCFACEOUTERBOUND(#14410,.T.);
#14412=IFCFACE((#14411));
#14413=IFCPOLYLOOP((#2860,#1689,#1688));
#14414=IFCFACEOUTERBOUND(#14413,.T.);
#14415=IFCFACE((#14414));
#14416=IFCPOLYLOOP((#2863,#2864,#2865));
#14417=IFCFACEOUTERBOUND(#14416,.T.);
#14418=IFCFACE((#14417));
#14419=IFCPOLYLOOP((#2826,#2897,#2912,#2913));
#14420=IFCFACEOUTERBOUND(#14419,.T.);
#14421=IFCFACE((#14420));
#14422=IFCPOLYLOOP((#2854,#2867,#2898));
#14423=IFCFACEOUTERBOUND(#14422,.T.);
#14424=IFCFACE((#14423));
#14425=IFCPOLYLOOP((#2806,#2901,#2805));
#14426=IFCFACEOUTERBOUND(#14425,.T.);
#14427=IFCFACE((#14426));
#14428=IFCPOLYLOOP((#2836,#2802,#2901));
#14429=IFCFACEOUTERBOUND(#14428,.T.);
#14430=IFCFACE((#14429));
#14431=IFCPOLYLOOP((#2808,#2901,#2807));
#14432=IFCFACEOUTERBOUND(#14431,.T.);
#14433=IFCFACE((#14432));
#14434=IFCPOLYLOOP((#2860,#1693,#1692));
#14435=IFCFACEOUTERBOUND(#14434,.T.);
#14436=IFCFACE((#14435));
#14437=IFCPOLYLOOP((#2905,#2916,#2903));
#14438=IFCFACEOUTERBOUND(#14437,.T.);
#14439=IFCFACE((#14438));
#14440=IFCPOLYLOOP((#2881,#2884,#2907));
#14441=IFCFACEOUTERBOUND(#14440,.T.);
#14442=IFCFACE((#14441));
#14443=IFCPOLYLOOP((#2910,#2912,#2897));
#14444=IFCFACEOUTERBOUND(#14443,.T.);
#14445=IFCFACE((#14444));
#14446=IFCPOLYLOOP((#2875,#2876,#2877));
#14447=IFCFACEOUTERBOUND(#14446,.T.);
#14448=IFCFACE((#14447));
#14449=IFCPOLYLOOP((#2811,#2837,#2901));
#14450=IFCFACEOUTERBOUND(#14449,.T.);
#14451=IFCFACE((#14450));
#14452=IFCPOLYLOOP((#2888,#2852,#2822));
#14453=IFCFACEOUTERBOUND(#14452,.T.);
#14454=IFCFACE((#14453));
#14455=IFCPOLYLOOP((#2858,#2837,#2831));
#14456=IFCFACEOUTERBOUND(#14455,.T.);
#14457=IFCFACE((#14456));
#14458=IFCPOLYLOOP((#2809,#2901,#2808));
#14459=IFCFACEOUTERBOUND(#14458,.T.);
#14460=IFCFACE((#14459));
#14461=IFCPOLYLOOP((#2862,#2843,#2885));
#14462=IFCFACEOUTERBOUND(#14461,.T.);
#14463=IFCFACE((#14462));
#14464=IFCPOLYLOOP((#2804,#2901,#2803));
#14465=IFCFACEOUTERBOUND(#14464,.T.);
#14466=IFCFACE((#14465));
#14467=IFCPOLYLOOP((#1686,#2839,#2860));
#14468=IFCFACEOUTERBOUND(#14467,.T.);
#14469=IFCFACE((#14468));
#14470=IFCPOLYLOOP((#2901,#2809,#2810));
#14471=IFCFACEOUTERBOUND(#14470,.T.);
#14472=IFCFACE((#14471));
#14473=IFCPOLYLOOP((#1693,#2860,#1694));
#14474=IFCFACEOUTERBOUND(#14473,.T.);
#14475=IFCFACE((#14474));
#14476=IFCPOLYLOOP((#2914,#2899,#2913));
#14477=IFCFACEOUTERBOUND(#14476,.T.);
#14478=IFCFACE((#14477));
#14479=IFCPOLYLOOP((#2901,#2810,#2811));
#14480=IFCFACEOUTERBOUND(#14479,.T.);
#14481=IFCFACE((#14480));
#14482=IFCPOLYLOOP((#2854,#2866,#2867));
#14483=IFCFACEOUTERBOUND(#14482,.T.);
#14484=IFCFACE((#14483));
#14485=IFCPOLYLOOP((#2901,#2802,#2803));
#14486=IFCFACEOUTERBOUND(#14485,.T.);
#14487=IFCFACE((#14486));
#14488=IFCPOLYLOOP((#2860,#1691,#1690));
#14489=IFCFACEOUTERBOUND(#14488,.T.);
#14490=IFCFACE((#14489));
#14491=IFCPOLYLOOP((#2879,#2848,#2876));
#14492=IFCFACEOUTERBOUND(#14491,.T.);
#14493=IFCFACE((#14492));
#14494=IFCPOLYLOOP((#2886,#2872,#2842));
#14495=IFCFACEOUTERBOUND(#14494,.T.);
#14496=IFCFACE((#14495));
#14497=IFCPOLYLOOP((#2882,#2883,#2814));
#14498=IFCFACEOUTERBOUND(#14497,.T.);
#14499=IFCFACE((#14498));
#14500=IFCPOLYLOOP((#2818,#2863,#2865));
#14501=IFCFACEOUTERBOUND(#14500,.T.);
#14502=IFCFACE((#14501));
#14503=IFCPOLYLOOP((#2868,#2870,#2906));
#14504=IFCFACEOUTERBOUND(#14503,.T.);
#14505=IFCFACE((#14504));
#14506=IFCPOLYLOOP((#2845,#2846,#2864));
#14507=IFCFACEOUTERBOUND(#14506,.T.);
#14508=IFCFACE((#14507));
#14509=IFCPOLYLOOP((#2875,#2877,#2909));
#14510=IFCFACEOUTERBOUND(#14509,.T.);
#14511=IFCFACE((#14510));
#14512=IFCPOLYLOOP((#2818,#2894,#2874));
#14513=IFCFACEOUTERBOUND(#14512,.T.);
#14514=IFCFACE((#14513));
#14515=IFCPOLYLOOP((#2848,#2849,#2876));
#14516=IFCFACEOUTERBOUND(#14515,.T.);
#14517=IFCFACE((#14516));
#14518=IFCPOLYLOOP((#2888,#2825,#2853));
#14519=IFCFACEOUTERBOUND(#14518,.T.);
#14520=IFCFACE((#14519));
#14521=IFCPOLYLOOP((#2851,#2905,#2903));
#14522=IFCFACEOUTERBOUND(#14521,.T.);
#14523=IFCFACE((#14522));
#14524=IFCPOLYLOOP((#2852,#2893,#2904));
#14525=IFCFACEOUTERBOUND(#14524,.T.);
#14526=IFCFACE((#14525));
#14527=IFCPOLYLOOP((#2856,#2830,#2858));
#14528=IFCFACEOUTERBOUND(#14527,.T.);
#14529=IFCFACE((#14528));
#14530=IFCPOLYLOOP((#2852,#2888,#2893));
#14531=IFCFACEOUTERBOUND(#14530,.T.);
#14532=IFCFACE((#14531));
#14533=IFCPOLYLOOP((#2833,#2866,#2854));
#14534=IFCFACEOUTERBOUND(#14533,.T.);
#14535=IFCFACE((#14534));
#14536=IFCPOLYLOOP((#2830,#2856,#2855));
#14537=IFCFACEOUTERBOUND(#14536,.T.);
#14538=IFCFACE((#14537));
#14539=IFCPOLYLOOP((#2857,#2832,#2816));
#14540=IFCFACEOUTERBOUND(#14539,.T.);
#14541=IFCFACE((#14540));
#14542=IFCPOLYLOOP((#2857,#2816,#2868));
#14543=IFCFACEOUTERBOUND(#14542,.T.);
#14544=IFCFACE((#14543));
#14545=IFCPOLYLOOP((#2855,#2856,#2857));
#14546=IFCFACEOUTERBOUND(#14545,.T.);
#14547=IFCFACE((#14546));
#14548=IFCPOLYLOOP((#2830,#2836,#2858));
#14549=IFCFACEOUTERBOUND(#14548,.T.);
#14550=IFCFACE((#14549));
#14551=IFCPOLYLOOP((#2858,#2836,#2901));
#14552=IFCFACEOUTERBOUND(#14551,.T.);
#14553=IFCFACE((#14552));
#14554=IFCPOLYLOOP((#2859,#2834,#2866));
#14555=IFCFACEOUTERBOUND(#14554,.T.);
#14556=IFCFACE((#14555));
#14557=IFCPOLYLOOP((#1694,#2860,#2838));
#14558=IFCFACEOUTERBOUND(#14557,.T.);
#14559=IFCFACE((#14558));
#14560=IFCPOLYLOOP((#1689,#2860,#1690));
#14561=IFCFACEOUTERBOUND(#14560,.T.);
#14562=IFCFACE((#14561));
#14563=IFCPOLYLOOP((#2885,#2842,#2861));
#14564=IFCFACEOUTERBOUND(#14563,.T.);
#14565=IFCFACE((#14564));
#14566=IFCPOLYLOOP((#2883,#2861,#2814));
#14567=IFCFACEOUTERBOUND(#14566,.T.);
#14568=IFCFACE((#14567));
#14569=IFCPOLYLOOP((#2864,#2844,#2878));
#14570=IFCFACEOUTERBOUND(#14569,.T.);
#14571=IFCFACE((#14570));
#14572=IFCPOLYLOOP((#2844,#2864,#2863));
#14573=IFCFACEOUTERBOUND(#14572,.T.);
#14574=IFCFACE((#14573));
#14575=IFCPOLYLOOP((#2865,#2864,#2846));
#14576=IFCFACEOUTERBOUND(#14575,.T.);
#14577=IFCFACE((#14576));
#14578=IFCPOLYLOOP((#2846,#2815,#2865));
#14579=IFCFACEOUTERBOUND(#14578,.T.);
#14580=IFCFACE((#14579));
#14581=IFCPOLYLOOP((#2865,#2815,#2894));
#14582=IFCFACEOUTERBOUND(#14581,.T.);
#14583=IFCFACE((#14582));
#14584=IFCPOLYLOOP((#2866,#2833,#2859));
#14585=IFCFACEOUTERBOUND(#14584,.T.);
#14586=IFCFACE((#14585));
#14587=IFCPOLYLOOP((#2867,#2866,#2835));
#14588=IFCFACEOUTERBOUND(#14587,.T.);
#14589=IFCFACE((#14588));
#14590=IFCPOLYLOOP((#2835,#2827,#2867));
#14591=IFCFACEOUTERBOUND(#14590,.T.);
#14592=IFCFACE((#14591));
#14593=IFCPOLYLOOP((#2898,#2867,#2827));
#14594=IFCFACEOUTERBOUND(#14593,.T.);
#14595=IFCFACE((#14594));
#14596=IFCPOLYLOOP((#2870,#2845,#2878));
#14597=IFCFACEOUTERBOUND(#14596,.T.);
#14598=IFCFACE((#14597));
#14599=IFCPOLYLOOP((#2868,#2816,#2870));
#14600=IFCFACEOUTERBOUND(#14599,.T.);
#14601=IFCFACE((#14600));
#14602=IFCPOLYLOOP((#2845,#2864,#2878));
#14603=IFCFACEOUTERBOUND(#14602,.T.);
#14604=IFCFACE((#14603));
#14605=IFCPOLYLOOP((#2819,#2868,#2906));
#14606=IFCFACEOUTERBOUND(#14605,.T.);
#14607=IFCFACE((#14606));
#14608=IFCPOLYLOOP((#2885,#2886,#2842));
#14609=IFCFACEOUTERBOUND(#14608,.T.);
#14610=IFCFACE((#14609));
#14611=IFCPOLYLOOP((#2840,#2887,#2871));
#14612=IFCFACEOUTERBOUND(#14611,.T.);
#14613=IFCFACE((#14612));
#14614=IFCPOLYLOOP((#2894,#2815,#2873));
#14615=IFCFACEOUTERBOUND(#14614,.T.);
#14616=IFCFACE((#14615));
#14617=IFCPOLYLOOP((#2895,#2848,#2879));
#14618=IFCFACEOUTERBOUND(#14617,.T.);
#14619=IFCFACE((#14618));
#14620=IFCPOLYLOOP((#2876,#2847,#2879));
#14621=IFCFACEOUTERBOUND(#14620,.T.);
#14622=IFCFACE((#14621));
#14623=IFCPOLYLOOP((#2847,#2876,#2875));
#14624=IFCFACEOUTERBOUND(#14623,.T.);
#14625=IFCFACE((#14624));
#14626=IFCPOLYLOOP((#2877,#2876,#2849));
#14627=IFCFACEOUTERBOUND(#14626,.T.);
#14628=IFCFACE((#14627));
#14629=IFCPOLYLOOP((#2849,#2841,#2877));
#14630=IFCFACEOUTERBOUND(#14629,.T.);
#14631=IFCFACE((#14630));
#14632=IFCPOLYLOOP((#2841,#2887,#2909));
#14633=IFCFACEOUTERBOUND(#14632,.T.);
#14634=IFCFACE((#14633));
#14635=IFCPOLYLOOP((#2844,#2869,#2878));
#14636=IFCFACEOUTERBOUND(#14635,.T.);
#14637=IFCFACE((#14636));
#14638=IFCPOLYLOOP((#2878,#2869,#2906));
#14639=IFCFACEOUTERBOUND(#14638,.T.);
#14640=IFCFACE((#14639));
#14641=IFCPOLYLOOP((#2847,#2874,#2879));
#14642=IFCFACEOUTERBOUND(#14641,.T.);
#14643=IFCFACE((#14642));
#14644=IFCPOLYLOOP((#2874,#2894,#2895));
#14645=IFCFACEOUTERBOUND(#14644,.T.);
#14646=IFCFACE((#14645));
#14647=IFCPOLYLOOP((#2882,#2814,#2880));
#14648=IFCFACEOUTERBOUND(#14647,.T.);
#14649=IFCFACE((#14648));
#14650=IFCPOLYLOOP((#2881,#2882,#2884));
#14651=IFCFACEOUTERBOUND(#14650,.T.);
#14652=IFCFACE((#14651));
#14653=IFCPOLYLOOP((#2882,#2880,#2884));
#14654=IFCFACEOUTERBOUND(#14653,.T.);
#14655=IFCFACE((#14654));
#14656=IFCPOLYLOOP((#2883,#2882,#2817));
#14657=IFCFACEOUTERBOUND(#14656,.T.);
#14658=IFCFACE((#14657));
#14659=IFCPOLYLOOP((#2817,#2862,#2883));
#14660=IFCFACEOUTERBOUND(#14659,.T.);
#14661=IFCFACE((#14660));
#14662=IFCPOLYLOOP((#2862,#2885,#2908));
#14663=IFCFACEOUTERBOUND(#14662,.T.);
#14664=IFCFACE((#14663));
#14665=IFCPOLYLOOP((#2880,#2828,#2884));
#14666=IFCFACEOUTERBOUND(#14665,.T.);
#14667=IFCFACE((#14666));
#14668=IFCPOLYLOOP((#2907,#2884,#2828));
#14669=IFCFACEOUTERBOUND(#14668,.T.);
#14670=IFCFACE((#14669));
#14671=IFCPOLYLOOP((#2885,#2861,#2908));
#14672=IFCFACEOUTERBOUND(#14671,.T.);
#14673=IFCFACE((#14672));
#14674=IFCPOLYLOOP((#2886,#2885,#2843));
#14675=IFCFACEOUTERBOUND(#14674,.T.);
#14676=IFCFACE((#14675));
#14677=IFCPOLYLOOP((#2843,#2871,#2886));
#14678=IFCFACEOUTERBOUND(#14677,.T.);
#14679=IFCFACE((#14678));
#14680=IFCPOLYLOOP((#2886,#2871,#2887));
#14681=IFCFACEOUTERBOUND(#14680,.T.);
#14682=IFCFACE((#14681));
#14683=IFCPOLYLOOP((#2887,#2840,#2909));
#14684=IFCFACEOUTERBOUND(#14683,.T.);
#14685=IFCFACE((#14684));
#14686=IFCPOLYLOOP((#2886,#2887,#2872));
#14687=IFCFACEOUTERBOUND(#14686,.T.);
#14688=IFCFACE((#14687));
#14689=IFCPOLYLOOP((#2888,#2853,#2893));
#14690=IFCFACEOUTERBOUND(#14689,.T.);
#14691=IFCFACE((#14690));
#14692=IFCPOLYLOOP((#2889,#2823,#2892));
#14693=IFCFACEOUTERBOUND(#14692,.T.);
#14694=IFCFACE((#14693));
#14695=IFCPOLYLOOP((#2888,#2890,#2825));
#14696=IFCFACEOUTERBOUND(#14695,.T.);
#14697=IFCFACE((#14696));
#14698=IFCPOLYLOOP((#2822,#2890,#2888));
#14699=IFCFACEOUTERBOUND(#14698,.T.);
#14700=IFCFACE((#14699));
#14701=IFCPOLYLOOP((#2891,#2892,#2828));
#14702=IFCFACEOUTERBOUND(#14701,.T.);
#14703=IFCFACE((#14702));
#14704=IFCPOLYLOOP((#2892,#2891,#2890));
#14705=IFCFACEOUTERBOUND(#14704,.T.);
#14706=IFCFACE((#14705));
#14707=IFCPOLYLOOP((#2891,#2825,#2890));
#14708=IFCFACEOUTERBOUND(#14707,.T.);
#14709=IFCFACE((#14708));
#14710=IFCPOLYLOOP((#2892,#2823,#2907));
#14711=IFCFACEOUTERBOUND(#14710,.T.);
#14712=IFCFACE((#14711));
#14713=IFCPOLYLOOP((#2853,#2850,#2893));
#14714=IFCFACEOUTERBOUND(#14713,.T.);
#14715=IFCFACE((#14714));
#14716=IFCPOLYLOOP((#2893,#2850,#2904));
#14717=IFCFACEOUTERBOUND(#14716,.T.);
#14718=IFCFACE((#14717));
#14719=IFCPOLYLOOP((#2894,#2873,#2895));
#14720=IFCFACEOUTERBOUND(#14719,.T.);
#14721=IFCFACE((#14720));
#14722=IFCPOLYLOOP((#2865,#2894,#2818));
#14723=IFCFACEOUTERBOUND(#14722,.T.);
#14724=IFCFACE((#14723));
#14725=IFCPOLYLOOP((#2848,#2895,#2873));
#14726=IFCFACEOUTERBOUND(#14725,.T.);
#14727=IFCFACE((#14726));
#14728=IFCPOLYLOOP((#2874,#2895,#2879));
#14729=IFCFACEOUTERBOUND(#14728,.T.);
#14730=IFCFACE((#14729));
#14731=IFCPOLYLOOP((#2897,#2917,#2910));
#14732=IFCFACEOUTERBOUND(#14731,.T.);
#14733=IFCFACE((#14732));
#14734=IFCPOLYLOOP((#2829,#2910,#2896));
#14735=IFCFACEOUTERBOUND(#14734,.T.);
#14736=IFCFACE((#14735));
#14737=IFCPOLYLOOP((#2917,#2827,#2896));
#14738=IFCFACEOUTERBOUND(#14737,.T.);
#14739=IFCFACE((#14738));
#14740=IFCPOLYLOOP((#2854,#2898,#2824));
#14741=IFCFACEOUTERBOUND(#14740,.T.);
#14742=IFCFACE((#14741));
#14743=IFCPOLYLOOP((#2915,#2899,#2914));
#14744=IFCFACEOUTERBOUND(#14743,.T.);
#14745=IFCFACE((#14744));
#14746=IFCPOLYLOOP((#2807,#2901,#2806));
#14747=IFCFACEOUTERBOUND(#14746,.T.);
#14748=IFCFACE((#14747));
#14749=IFCPOLYLOOP((#2821,#2915,#2914));
#14750=IFCFACEOUTERBOUND(#14749,.T.);
#14751=IFCFACE((#14750));
#14752=IFCPOLYLOOP((#2858,#2901,#2837));
#14753=IFCFACEOUTERBOUND(#14752,.T.);
#14754=IFCFACE((#14753));
#14755=IFCPOLYLOOP((#2904,#2850,#2902));
#14756=IFCFACEOUTERBOUND(#14755,.T.);
#14757=IFCFACE((#14756));
#14758=IFCPOLYLOOP((#2904,#2902,#2905));
#14759=IFCFACEOUTERBOUND(#14758,.T.);
#14760=IFCFACE((#14759));
#14761=IFCPOLYLOOP((#2905,#2851,#2904));
#14762=IFCFACEOUTERBOUND(#14761,.T.);
#14763=IFCFACE((#14762));
#14764=IFCPOLYLOOP((#2904,#2851,#2852));
#14765=IFCFACEOUTERBOUND(#14764,.T.);
#14766=IFCFACE((#14765));
#14767=IFCPOLYLOOP((#2902,#2820,#2905));
#14768=IFCFACEOUTERBOUND(#14767,.T.);
#14769=IFCFACE((#14768));
#14770=IFCPOLYLOOP((#2820,#2915,#2916));
#14771=IFCFACEOUTERBOUND(#14770,.T.);
#14772=IFCFACE((#14771));
#14773=IFCPOLYLOOP((#2878,#2906,#2870));
#14774=IFCFACEOUTERBOUND(#14773,.T.);
#14775=IFCFACE((#14774));
#14776=IFCPOLYLOOP((#2819,#2906,#2869));
#14777=IFCFACEOUTERBOUND(#14776,.T.);
#14778=IFCFACE((#14777));
#14779=IFCPOLYLOOP((#2892,#2907,#2828));
#14780=IFCFACEOUTERBOUND(#14779,.T.);
#14781=IFCFACE((#14780));
#14782=IFCPOLYLOOP((#2881,#2907,#2823));
#14783=IFCFACEOUTERBOUND(#14782,.T.);
#14784=IFCFACE((#14783));
#14785=IFCPOLYLOOP((#2861,#2883,#2908));
#14786=IFCFACEOUTERBOUND(#14785,.T.);
#14787=IFCFACE((#14786));
#14788=IFCPOLYLOOP((#2862,#2908,#2883));
#14789=IFCFACEOUTERBOUND(#14788,.T.);
#14790=IFCFACE((#14789));
#14791=IFCPOLYLOOP((#2875,#2909,#2840));
#14792=IFCFACEOUTERBOUND(#14791,.T.);
#14793=IFCFACE((#14792));
#14794=IFCPOLYLOOP((#2841,#2909,#2877));
#14795=IFCFACEOUTERBOUND(#14794,.T.);
#14796=IFCFACE((#14795));
#14797=IFCPOLYLOOP((#2910,#2829,#2912));
#14798=IFCFACEOUTERBOUND(#14797,.T.);
#14799=IFCFACE((#14798));
#14800=IFCPOLYLOOP((#2911,#2824,#2917,#2897));
#14801=IFCFACEOUTERBOUND(#14800,.T.);
#14802=IFCFACE((#14801));
#14803=IFCPOLYLOOP((#2917,#2824,#2898));
#14804=IFCFACEOUTERBOUND(#14803,.T.);
#14805=IFCFACE((#14804));
#14806=IFCPOLYLOOP((#2829,#2900,#2912));
#14807=IFCFACEOUTERBOUND(#14806,.T.);
#14808=IFCFACE((#14807));
#14809=IFCPOLYLOOP((#2914,#2912,#2900));
#14810=IFCFACEOUTERBOUND(#14809,.T.);
#14811=IFCFACE((#14810));
#14812=IFCPOLYLOOP((#2912,#2914,#2913));
#14813=IFCFACEOUTERBOUND(#14812,.T.);
#14814=IFCFACE((#14813));
#14815=IFCPOLYLOOP((#2821,#2914,#2900));
#14816=IFCFACEOUTERBOUND(#14815,.T.);
#14817=IFCFACE((#14816));
#14818=IFCPOLYLOOP((#2821,#2903,#2916));
#14819=IFCFACEOUTERBOUND(#14818,.T.);
#14820=IFCFACE((#14819));
#14821=IFCPOLYLOOP((#2820,#2899,#2915));
#14822=IFCFACEOUTERBOUND(#14821,.T.);
#14823=IFCFACE((#14822));
#14824=IFCPOLYLOOP((#2820,#2916,#2905));
#14825=IFCFACEOUTERBOUND(#14824,.T.);
#14826=IFCFACE((#14825));
#14827=IFCPOLYLOOP((#2821,#2916,#2915));
#14828=IFCFACEOUTERBOUND(#14827,.T.);
#14829=IFCFACE((#14828));
#14830=IFCPOLYLOOP((#2827,#2917,#2898));
#14831=IFCFACEOUTERBOUND(#14830,.T.);
#14832=IFCFACE((#14831));
#14833=IFCPOLYLOOP((#2813,#1017,#1016,#1696,#2838,#2833,#2854,#2824,#2911,#2897,#2826,#2913,#2899,#2820,#2902,#2850,#2853,#2825,#2891,#2828,#2880,#2814,#2861,#2842,#2872,#2841,#2849,#2848,#2873,#2815,#2846,#2845,#2870,#2816,#2832,#2831,#2837));
#14834=IFCFACEOUTERBOUND(#14833,.T.);
#14835=IFCFACE((#14834));
#14836=IFCPOLYLOOP((#1014,#2049,#2099,#2098,#2130,#2060,#2135,#2115,#2144,#2057,#2140,#2112,#2141,#2059,#2146,#2219,#2118,#2128,#2056,#2149,#2081,#2153,#2077,#2157,#2080,#2161,#2058,#2237,#2176,#2076,#2185,#2243,#2061,#2212,#2062,#2210,#2055,#2252,#2194,#2082,#2178,#2258,#2078,#2169,#2079,#2264,#2160,#2074,#2156,#2090,#2148,#2273,#2075,#2123,#2122,#2142,#2073,#2111,#2110,#2136,#2092,#2133,#2100,#2170,#2091,#2105,#2104,#2205,#2126,#2093,#2124,#2096,#2106,#1697,#1015));
#14837=IFCFACEOUTERBOUND(#14836,.T.);
#14838=IFCFACE((#14837));
#14839=IFCPOLYLOOP((#407,#406,#1677,#408));
#14840=IFCFACEOUTERBOUND(#14839,.T.);
#14841=IFCFACE((#14840));
#14842=IFCPOLYLOOP((#413,#412,#411,#1703,#2935,#2922,#2949,#2924,#2958,#2921,#2940,#2939,#2943,#2918,#2942,#2927,#2946,#2926,#2964,#2932,#2954,#2929,#2934));
#14843=IFCFACEOUTERBOUND(#14842,.T.);
#14844=IFCFACE((#14843));
#14845=IFCPOLYLOOP((#1673,#1499,#3251,#3241,#3270,#3243,#3274,#3240,#3255,#3254,#3259,#3233,#3256,#3237,#3261,#3236,#3246,#3245,#3262,#3250,#2619,#1674));
#14846=IFCFACEOUTERBOUND(#14845,.T.);
#14847=IFCFACE((#14846));
#14848=IFCPOLYLOOP((#1706,#1705,#2947));
#14849=IFCFACEOUTERBOUND(#14848,.T.);
#14850=IFCFACE((#14849));
#14851=IFCPOLYLOOP((#2953,#2931,#2952));
#14852=IFCFACEOUTERBOUND(#14851,.T.);
#14853=IFCFACE((#14852));
#14854=IFCPOLYLOOP((#417,#416,#2952));
#14855=IFCFACEOUTERBOUND(#14854,.T.);
#14856=IFCFACE((#14855));
#14857=IFCPOLYLOOP((#2948,#2935,#2947));
#14858=IFCFACEOUTERBOUND(#14857,.T.);
#14859=IFCFACE((#14858));
#14860=IFCPOLYLOOP((#2947,#1705,#2936));
#14861=IFCFACEOUTERBOUND(#14860,.T.);
#14862=IFCFACE((#14861));
#14863=IFCPOLYLOOP((#2942,#2971,#2927));
#14864=IFCFACEOUTERBOUND(#14863,.T.);
#14865=IFCFACE((#14864));
#14866=IFCPOLYLOOP((#2950,#2957,#2951));
#14867=IFCFACEOUTERBOUND(#14866,.T.);
#14868=IFCFACE((#14867));
#14869=IFCPOLYLOOP((#2966,#2964,#2926));
#14870=IFCFACEOUTERBOUND(#14869,.T.);
#14871=IFCFACE((#14870));
#14872=IFCPOLYLOOP((#2958,#2960,#2921));
#14873=IFCFACEOUTERBOUND(#14872,.T.);
#14874=IFCFACE((#14873));
#14875=IFCPOLYLOOP((#2933,#2947,#2936));
#14876=IFCFACEOUTERBOUND(#14875,.T.);
#14877=IFCFACE((#14876));
#14878=IFCPOLYLOOP((#2919,#2941,#2970,#2973,#2944));
#14879=IFCFACEOUTERBOUND(#14878,.T.);
#14880=IFCFACE((#14879));
#14881=IFCPOLYLOOP((#2952,#415,#2934));
#14882=IFCFACEOUTERBOUND(#14881,.T.);
#14883=IFCFACE((#14882));
#14884=IFCPOLYLOOP((#2934,#2953,#2952));
#14885=IFCFACEOUTERBOUND(#14884,.T.);
#14886=IFCFACE((#14885));
#14887=IFCPOLYLOOP((#2962,#2960,#2920));
#14888=IFCFACEOUTERBOUND(#14887,.T.);
#14889=IFCFACE((#14888));
#14890=IFCPOLYLOOP((#2974,#2946,#2927));
#14891=IFCFACEOUTERBOUND(#14890,.T.);
#14892=IFCFACE((#14891));
#14893=IFCPOLYLOOP((#2940,#2975,#2939));
#14894=IFCFACEOUTERBOUND(#14893,.T.);
#14895=IFCFACE((#14894));
#14896=IFCPOLYLOOP((#419,#418,#2937));
#14897=IFCFACEOUTERBOUND(#14896,.T.);
#14898=IFCFACE((#14897));
#14899=IFCPOLYLOOP((#1704,#594,#2936));
#14900=IFCFACEOUTERBOUND(#14899,.T.);
#14901=IFCFACE((#14900));
#14902=IFCPOLYLOOP((#417,#2937,#418));
#14903=IFCFACEOUTERBOUND(#14902,.T.);
#14904=IFCFACE((#14903));
#14905=IFCPOLYLOOP((#1705,#1704,#2936));
#14906=IFCFACEOUTERBOUND(#14905,.T.);
#14907=IFCFACE((#14906));
#14908=IFCPOLYLOOP((#415,#2952,#416));
#14909=IFCFACEOUTERBOUND(#14908,.T.);
#14910=IFCFACE((#14909));
#14911=IFCPOLYLOOP((#2958,#2957,#2960));
#14912=IFCFACEOUTERBOUND(#14911,.T.);
#14913=IFCFACE((#14912));
#14914=IFCPOLYLOOP((#2955,#2956,#2963));
#14915=IFCFACEOUTERBOUND(#14914,.T.);
#14916=IFCFACE((#14915));
#14917=IFCPOLYLOOP((#414,#2934,#415));
#14918=IFCFACEOUTERBOUND(#14917,.T.);
#14919=IFCFACE((#14918));
#14920=IFCPOLYLOOP((#1707,#2935,#1708));
#14921=IFCFACEOUTERBOUND(#14920,.T.);
#14922=IFCFACE((#14921));
#14923=IFCPOLYLOOP((#2926,#2967,#2966));
#14924=IFCFACEOUTERBOUND(#14923,.T.);
#14925=IFCFACE((#14924));
#14926=IFCPOLYLOOP((#2951,#2957,#2924));
#14927=IFCFACEOUTERBOUND(#14926,.T.);
#14928=IFCFACE((#14927));
#14929=IFCPOLYLOOP((#2918,#2943,#2973,#2970,#2942));
#14930=IFCFACEOUTERBOUND(#14929,.T.);
#14931=IFCFACE((#14930));
#14932=IFCPOLYLOOP((#2954,#2932,#2956));
#14933=IFCFACEOUTERBOUND(#14932,.T.);
#14934=IFCFACE((#14933));
#14935=IFCPOLYLOOP((#2949,#2951,#2924));
#14936=IFCFACEOUTERBOUND(#14935,.T.);
#14937=IFCFACE((#14936));
#14938=IFCPOLYLOOP((#414,#413,#2934));
#14939=IFCFACEOUTERBOUND(#14938,.T.);
#14940=IFCFACE((#14939));
#14941=IFCPOLYLOOP((#2935,#1703,#1708));
#14942=IFCFACEOUTERBOUND(#14941,.T.);
#14943=IFCFACE((#14942));
#14944=IFCPOLYLOOP((#2935,#2948,#2922));
#14945=IFCFACEOUTERBOUND(#14944,.T.);
#14946=IFCFACE((#14945));
#14947=IFCPOLYLOOP((#2953,#2934,#2929));
#14948=IFCFACEOUTERBOUND(#14947,.T.);
#14949=IFCFACE((#14948));
#14950=IFCPOLYLOOP((#2931,#2937,#2952));
#14951=IFCFACEOUTERBOUND(#14950,.T.);
#14952=IFCFACE((#14951));
#14953=IFCPOLYLOOP((#1707,#1706,#2947));
#14954=IFCFACEOUTERBOUND(#14953,.T.);
#14955=IFCFACE((#14954));
#14956=IFCPOLYLOOP((#2975,#2940,#2962));
#14957=IFCFACEOUTERBOUND(#14956,.T.);
#14958=IFCFACE((#14957));
#14959=IFCPOLYLOOP((#2962,#2921,#2960));
#14960=IFCFACEOUTERBOUND(#14959,.T.);
#14961=IFCFACE((#14960));
#14962=IFCPOLYLOOP((#2928,#2971,#2941));
#14963=IFCFACEOUTERBOUND(#14962,.T.);
#14964=IFCFACE((#14963));
#14965=IFCPOLYLOOP((#2973,#2976,#2944));
#14966=IFCFACEOUTERBOUND(#14965,.T.);
#14967=IFCFACE((#14966));
#14968=IFCPOLYLOOP((#2939,#2972,#2943));
#14969=IFCFACEOUTERBOUND(#14968,.T.);
#14970=IFCFACE((#14969));
#14971=IFCPOLYLOOP((#2974,#2928,#2945));
#14972=IFCFACEOUTERBOUND(#14971,.T.);
#14973=IFCFACE((#14972));
#14974=IFCPOLYLOOP((#2975,#2961,#2938));
#14975=IFCFACEOUTERBOUND(#14974,.T.);
#14976=IFCFACE((#14975));
#14977=IFCPOLYLOOP((#2966,#2967,#2925));
#14978=IFCFACEOUTERBOUND(#14977,.T.);
#14979=IFCFACE((#14978));
#14980=IFCPOLYLOOP((#2947,#2933,#2948));
#14981=IFCFACEOUTERBOUND(#14980,.T.);
#14982=IFCFACE((#14981));
#14983=IFCPOLYLOOP((#2947,#2935,#1707));
#14984=IFCFACEOUTERBOUND(#14983,.T.);
#14985=IFCFACE((#14984));
#14986=IFCPOLYLOOP((#2933,#2923,#2948));
#14987=IFCFACEOUTERBOUND(#14986,.T.);
#14988=IFCFACE((#14987));
#14989=IFCPOLYLOOP((#2968,#2922,#2948));
#14990=IFCFACEOUTERBOUND(#14989,.T.);
#14991=IFCFACE((#14990));
#14992=IFCPOLYLOOP((#2968,#2923,#2951));
#14993=IFCFACEOUTERBOUND(#14992,.T.);
#14994=IFCFACE((#14993));
#14995=IFCPOLYLOOP((#2968,#2951,#2949));
#14996=IFCFACEOUTERBOUND(#14995,.T.);
#14997=IFCFACE((#14996));
#14998=IFCPOLYLOOP((#2950,#2951,#2923));
#14999=IFCFACEOUTERBOUND(#14998,.T.);
#15000=IFCFACE((#14999));
#15001=IFCPOLYLOOP((#2952,#2937,#417));
#15002=IFCFACEOUTERBOUND(#15001,.T.);
#15003=IFCFACE((#15002));
#15004=IFCPOLYLOOP((#2929,#2954,#2969));
#15005=IFCFACEOUTERBOUND(#15004,.T.);
#15006=IFCFACE((#15005));
#15007=IFCPOLYLOOP((#2930,#2931,#2953));
#15008=IFCFACEOUTERBOUND(#15007,.T.);
#15009=IFCFACE((#15008));
#15010=IFCPOLYLOOP((#2956,#2955,#2930));
#15011=IFCFACEOUTERBOUND(#15010,.T.);
#15012=IFCFACE((#15011));
#15013=IFCPOLYLOOP((#2956,#2969,#2954));
#15014=IFCFACEOUTERBOUND(#15013,.T.);
#15015=IFCFACE((#15014));
#15016=IFCPOLYLOOP((#2956,#2932,#2963));
#15017=IFCFACEOUTERBOUND(#15016,.T.);
#15018=IFCFACE((#15017));
#15019=IFCPOLYLOOP((#2969,#2930,#2953));
#15020=IFCFACEOUTERBOUND(#15019,.T.);
#15021=IFCFACE((#15020));
#15022=IFCPOLYLOOP((#2957,#2950,#2959));
#15023=IFCFACEOUTERBOUND(#15022,.T.);
#15024=IFCFACE((#15023));
#15025=IFCPOLYLOOP((#2920,#2960,#2959));
#15026=IFCFACEOUTERBOUND(#15025,.T.);
#15027=IFCFACE((#15026));
#15028=IFCPOLYLOOP((#2966,#2925,#2965));
#15029=IFCFACEOUTERBOUND(#15028,.T.);
#15030=IFCFACE((#15029));
#15031=IFCPOLYLOOP((#2962,#2940,#2921));
#15032=IFCFACEOUTERBOUND(#15031,.T.);
#15033=IFCFACE((#15032));
#15034=IFCPOLYLOOP((#2958,#2924,#2957));
#15035=IFCFACEOUTERBOUND(#15034,.T.);
#15036=IFCFACE((#15035));
#15037=IFCPOLYLOOP((#2963,#2932,#2964));
#15038=IFCFACEOUTERBOUND(#15037,.T.);
#15039=IFCFACE((#15038));
#15040=IFCPOLYLOOP((#2959,#2960,#2957));
#15041=IFCFACEOUTERBOUND(#15040,.T.);
#15042=IFCFACE((#15041));
#15043=IFCPOLYLOOP((#2920,#2961,#2962));
#15044=IFCFACEOUTERBOUND(#15043,.T.);
#15045=IFCFACE((#15044));
#15046=IFCPOLYLOOP((#2975,#2962,#2961));
#15047=IFCFACEOUTERBOUND(#15046,.T.);
#15048=IFCFACE((#15047));
#15049=IFCPOLYLOOP((#2955,#2963,#2965));
#15050=IFCFACEOUTERBOUND(#15049,.T.);
#15051=IFCFACE((#15050));
#15052=IFCPOLYLOOP((#2966,#2963,#2964));
#15053=IFCFACEOUTERBOUND(#15052,.T.);
#15054=IFCFACE((#15053));
#15055=IFCPOLYLOOP((#2966,#2965,#2963));
#15056=IFCFACEOUTERBOUND(#15055,.T.);
#15057=IFCFACE((#15056));
#15058=IFCPOLYLOOP((#2967,#2926,#2946));
#15059=IFCFACEOUTERBOUND(#15058,.T.);
#15060=IFCFACE((#15059));
#15061=IFCPOLYLOOP((#2974,#2967,#2946));
#15062=IFCFACEOUTERBOUND(#15061,.T.);
#15063=IFCFACE((#15062));
#15064=IFCPOLYLOOP((#2945,#2925,#2967));
#15065=IFCFACEOUTERBOUND(#15064,.T.);
#15066=IFCFACE((#15065));
#15067=IFCPOLYLOOP((#2922,#2968,#2949));
#15068=IFCFACEOUTERBOUND(#15067,.T.);
#15069=IFCFACE((#15068));
#15070=IFCPOLYLOOP((#2923,#2968,#2948));
#15071=IFCFACEOUTERBOUND(#15070,.T.);
#15072=IFCFACE((#15071));
#15073=IFCPOLYLOOP((#2930,#2969,#2956));
#15074=IFCFACEOUTERBOUND(#15073,.T.);
#15075=IFCFACE((#15074));
#15076=IFCPOLYLOOP((#2929,#2969,#2953));
#15077=IFCFACEOUTERBOUND(#15076,.T.);
#15078=IFCFACE((#15077));
#15079=IFCPOLYLOOP((#2970,#2941,#2971));
#15080=IFCFACEOUTERBOUND(#15079,.T.);
#15081=IFCFACE((#15080));
#15082=IFCPOLYLOOP((#2971,#2928,#2974));
#15083=IFCFACEOUTERBOUND(#15082,.T.);
#15084=IFCFACE((#15083));
#15085=IFCPOLYLOOP((#2970,#2971,#2942));
#15086=IFCFACEOUTERBOUND(#15085,.T.);
#15087=IFCFACE((#15086));
#15088=IFCPOLYLOOP((#2975,#2972,#2939));
#15089=IFCFACEOUTERBOUND(#15088,.T.);
#15090=IFCFACE((#15089));
#15091=IFCPOLYLOOP((#2944,#2972,#2938));
#15092=IFCFACEOUTERBOUND(#15091,.T.);
#15093=IFCFACE((#15092));
#15094=IFCPOLYLOOP((#2972,#2976,#2943));
#15095=IFCFACEOUTERBOUND(#15094,.T.);
#15096=IFCFACE((#15095));
#15097=IFCPOLYLOOP((#2974,#2945,#2967));
#15098=IFCFACEOUTERBOUND(#15097,.T.);
#15099=IFCFACE((#15098));
#15100=IFCPOLYLOOP((#2971,#2974,#2927));
#15101=IFCFACEOUTERBOUND(#15100,.T.);
#15102=IFCFACE((#15101));
#15103=IFCPOLYLOOP((#2972,#2975,#2938));
#15104=IFCFACEOUTERBOUND(#15103,.T.);
#15105=IFCFACE((#15104));
#15106=IFCPOLYLOOP((#2944,#2976,#2972));
#15107=IFCFACEOUTERBOUND(#15106,.T.);
#15108=IFCFACE((#15107));
#15109=IFCPOLYLOOP((#2973,#2943,#2976));
#15110=IFCFACEOUTERBOUND(#15109,.T.);
#15111=IFCFACE((#15110));
#15112=IFCPOLYLOOP((#2984,#1884,#1883));
#15113=IFCFACEOUTERBOUND(#15112,.T.);
#15114=IFCFACE((#15113));
#15115=IFCPOLYLOOP((#1884,#2984,#1885));
#15116=IFCFACEOUTERBOUND(#15115,.T.);
#15117=IFCFACE((#15116));
#15118=IFCPOLYLOOP((#1882,#2997,#1883));
#15119=IFCFACEOUTERBOUND(#15118,.T.);
#15120=IFCFACE((#15119));
#15121=IFCPOLYLOOP((#3031,#2998,#2997));
#15122=IFCFACEOUTERBOUND(#15121,.T.);
#15123=IFCFACE((#15122));
#15124=IFCPOLYLOOP((#3025,#3026,#2978));
#15125=IFCFACEOUTERBOUND(#15124,.T.);
#15126=IFCFACE((#15125));
#15127=IFCPOLYLOOP((#597,#1885,#2984));
#15128=IFCFACEOUTERBOUND(#15127,.T.);
#15129=IFCFACE((#15128));
#15130=IFCPOLYLOOP((#599,#598,#2983));
#15131=IFCFACEOUTERBOUND(#15130,.T.);
#15132=IFCFACE((#15131));
#15133=IFCPOLYLOOP((#2998,#3000,#2982));
#15134=IFCFACEOUTERBOUND(#15133,.T.);
#15135=IFCFACE((#15134));
#15136=IFCPOLYLOOP((#599,#2983,#600));
#15137=IFCFACEOUTERBOUND(#15136,.T.);
#15138=IFCFACE((#15137));
#15139=IFCPOLYLOOP((#601,#600,#2983));
#15140=IFCFACEOUTERBOUND(#15139,.T.);
#15141=IFCFACE((#15140));
#15142=IFCPOLYLOOP((#2998,#2982,#2997));
#15143=IFCFACEOUTERBOUND(#15142,.T.);
#15144=IFCFACE((#15143));
#15145=IFCPOLYLOOP((#1881,#1880,#2995));
#15146=IFCFACEOUTERBOUND(#15145,.T.);
#15147=IFCFACE((#15146));
#15148=IFCPOLYLOOP((#604,#603,#2996));
#15149=IFCFACEOUTERBOUND(#15148,.T.);
#15150=IFCFACE((#15149));
#15151=IFCPOLYLOOP((#1882,#1881,#2995));
#15152=IFCFACEOUTERBOUND(#15151,.T.);
#15153=IFCFACE((#15152));
#15154=IFCPOLYLOOP((#601,#3008,#602));
#15155=IFCFACEOUTERBOUND(#15154,.T.);
#15156=IFCFACE((#15155));
#15157=IFCPOLYLOOP((#2983,#2981,#3008));
#15158=IFCFACEOUTERBOUND(#15157,.T.);
#15159=IFCFACE((#15158));
#15160=IFCPOLYLOOP((#3003,#3004,#2980));
#15161=IFCFACEOUTERBOUND(#15160,.T.);
#15162=IFCFACE((#15161));
#15163=IFCPOLYLOOP((#3012,#2991,#3032,#3009));
#15164=IFCFACEOUTERBOUND(#15163,.T.);
#15165=IFCFACE((#15164));
#15166=IFCPOLYLOOP((#2996,#603,#602));
#15167=IFCFACEOUTERBOUND(#15166,.T.);
#15168=IFCFACE((#15167));
#15169=IFCPOLYLOOP((#3015,#3017,#3014));
#15170=IFCFACEOUTERBOUND(#15169,.T.);
#15171=IFCFACE((#15170));
#15172=IFCPOLYLOOP((#3008,#601,#2983));
#15173=IFCFACEOUTERBOUND(#15172,.T.);
#15174=IFCFACE((#15173));
#15175=IFCPOLYLOOP((#3009,#3032,#3008));
#15176=IFCFACEOUTERBOUND(#15175,.T.);
#15177=IFCFACE((#15176));
#15178=IFCPOLYLOOP((#2989,#3019,#3018));
#15179=IFCFACEOUTERBOUND(#15178,.T.);
#15180=IFCFACE((#15179));
#15181=IFCPOLYLOOP((#2989,#3020,#3025));
#15182=IFCFACEOUTERBOUND(#15181,.T.);
#15183=IFCFACE((#15182));
#15184=IFCPOLYLOOP((#2977,#3030,#3023));
#15185=IFCFACEOUTERBOUND(#15184,.T.);
#15186=IFCFACE((#15185));
#15187=IFCPOLYLOOP((#3021,#3022,#2994));
#15188=IFCFACEOUTERBOUND(#15187,.T.);
#15189=IFCFACE((#15188));
#15190=IFCPOLYLOOP((#3004,#3007,#2992));
#15191=IFCFACEOUTERBOUND(#15190,.T.);
#15192=IFCFACE((#15191));
#15193=IFCPOLYLOOP((#3017,#3015,#2994));
#15194=IFCFACEOUTERBOUND(#15193,.T.);
#15195=IFCFACE((#15194));
#15196=IFCPOLYLOOP((#2989,#3025,#3019));
#15197=IFCFACEOUTERBOUND(#15196,.T.);
#15198=IFCFACE((#15197));
#15199=IFCPOLYLOOP((#2997,#2982,#2984));
#15200=IFCFACEOUTERBOUND(#15199,.T.);
#15201=IFCFACE((#15200));
#15202=IFCPOLYLOOP((#1882,#2995,#2997));
#15203=IFCFACEOUTERBOUND(#15202,.T.);
#15204=IFCFACE((#15203));
#15205=IFCPOLYLOOP((#1883,#2997,#2984));
#15206=IFCFACEOUTERBOUND(#15205,.T.);
#15207=IFCFACE((#15206));
#15208=IFCPOLYLOOP((#3031,#2987,#3001,#2998));
#15209=IFCFACEOUTERBOUND(#15208,.T.);
#15210=IFCFACE((#15209));
#15211=IFCPOLYLOOP((#3003,#2999,#2986));
#15212=IFCFACEOUTERBOUND(#15211,.T.);
#15213=IFCFACE((#15212));
#15214=IFCPOLYLOOP((#2999,#3002,#3001));
#15215=IFCFACEOUTERBOUND(#15214,.T.);
#15216=IFCFACE((#15215));
#15217=IFCPOLYLOOP((#3002,#2999,#3003));
#15218=IFCFACEOUTERBOUND(#15217,.T.);
#15219=IFCFACE((#15218));
#15220=IFCPOLYLOOP((#3002,#3000,#2998));
#15221=IFCFACEOUTERBOUND(#15220,.T.);
#15222=IFCFACE((#15221));
#15223=IFCPOLYLOOP((#3001,#3002,#2998));
#15224=IFCFACEOUTERBOUND(#15223,.T.);
#15225=IFCFACE((#15224));
#15226=IFCPOLYLOOP((#2980,#3000,#3002));
#15227=IFCFACEOUTERBOUND(#15226,.T.);
#15228=IFCFACE((#15227));
#15229=IFCPOLYLOOP((#2986,#3007,#3003));
#15230=IFCFACEOUTERBOUND(#15229,.T.);
#15231=IFCFACE((#15230));
#15232=IFCPOLYLOOP((#2980,#3002,#3003));
#15233=IFCFACEOUTERBOUND(#15232,.T.);
#15234=IFCFACE((#15233));
#15235=IFCPOLYLOOP((#3004,#3003,#3007));
#15236=IFCFACEOUTERBOUND(#15235,.T.);
#15237=IFCFACE((#15236));
#15238=IFCPOLYLOOP((#2986,#3005,#3007));
#15239=IFCFACEOUTERBOUND(#15238,.T.);
#15240=IFCFACE((#15239));
#15241=IFCPOLYLOOP((#3016,#2988,#3017));
#15242=IFCFACEOUTERBOUND(#15241,.T.);
#15243=IFCFACE((#15242));
#15244=IFCPOLYLOOP((#3019,#3006,#3018));
#15245=IFCFACEOUTERBOUND(#15244,.T.);
#15246=IFCFACE((#15245));
#15247=IFCPOLYLOOP((#2992,#3018,#3006));
#15248=IFCFACEOUTERBOUND(#15247,.T.);
#15249=IFCFACE((#15248));
#15250=IFCPOLYLOOP((#3018,#3007,#3005));
#15251=IFCFACEOUTERBOUND(#15250,.T.);
#15252=IFCFACE((#15251));
#15253=IFCPOLYLOOP((#3008,#2981,#3009));
#15254=IFCFACEOUTERBOUND(#15253,.T.);
#15255=IFCFACE((#15254));
#15256=IFCPOLYLOOP((#3008,#2996,#602));
#15257=IFCFACEOUTERBOUND(#15256,.T.);
#15258=IFCFACE((#15257));
#15259=IFCPOLYLOOP((#3010,#3013,#3014));
#15260=IFCFACEOUTERBOUND(#15259,.T.);
#15261=IFCFACE((#15260));
#15262=IFCPOLYLOOP((#3012,#3013,#3010));
#15263=IFCFACEOUTERBOUND(#15262,.T.);
#15264=IFCFACE((#15263));
#15265=IFCPOLYLOOP((#3009,#2981,#3011));
#15266=IFCFACEOUTERBOUND(#15265,.T.);
#15267=IFCFACE((#15266));
#15268=IFCPOLYLOOP((#3013,#3012,#3009));
#15269=IFCFACEOUTERBOUND(#15268,.T.);
#15270=IFCFACE((#15269));
#15271=IFCPOLYLOOP((#3013,#3009,#3011));
#15272=IFCFACEOUTERBOUND(#15271,.T.);
#15273=IFCFACE((#15272));
#15274=IFCPOLYLOOP((#3011,#2979,#3013));
#15275=IFCFACEOUTERBOUND(#15274,.T.);
#15276=IFCFACE((#15275));
#15277=IFCPOLYLOOP((#3010,#3014,#2988));
#15278=IFCFACEOUTERBOUND(#15277,.T.);
#15279=IFCFACE((#15278));
#15280=IFCPOLYLOOP((#3013,#2979,#3014));
#15281=IFCFACEOUTERBOUND(#15280,.T.);
#15282=IFCFACE((#15281));
#15283=IFCPOLYLOOP((#2994,#3022,#3017));
#15284=IFCFACEOUTERBOUND(#15283,.T.);
#15285=IFCFACE((#15284));
#15286=IFCPOLYLOOP((#3014,#2979,#3015));
#15287=IFCFACEOUTERBOUND(#15286,.T.);
#15288=IFCFACE((#15287));
#15289=IFCPOLYLOOP((#3022,#2990,#3016));
#15290=IFCFACEOUTERBOUND(#15289,.T.);
#15291=IFCFACE((#15290));
#15292=IFCPOLYLOOP((#2989,#3018,#3005));
#15293=IFCFACEOUTERBOUND(#15292,.T.);
#15294=IFCFACE((#15293));
#15295=IFCPOLYLOOP((#3014,#3017,#2988));
#15296=IFCFACEOUTERBOUND(#15295,.T.);
#15297=IFCFACE((#15296));
#15298=IFCPOLYLOOP((#3007,#3018,#2992));
#15299=IFCFACEOUTERBOUND(#15298,.T.);
#15300=IFCFACE((#15299));
#15301=IFCPOLYLOOP((#3027,#3025,#3020));
#15302=IFCFACEOUTERBOUND(#15301,.T.);
#15303=IFCFACE((#15302));
#15304=IFCPOLYLOOP((#2978,#3006,#3019));
#15305=IFCFACEOUTERBOUND(#15304,.T.);
#15306=IFCFACE((#15305));
#15307=IFCPOLYLOOP((#3019,#3025,#2978));
#15308=IFCFACEOUTERBOUND(#15307,.T.);
#15309=IFCFACE((#15308));
#15310=IFCPOLYLOOP((#3022,#3021,#3023));
#15311=IFCFACEOUTERBOUND(#15310,.T.);
#15312=IFCFACE((#15311));
#15313=IFCPOLYLOOP((#2990,#3022,#3023));
#15314=IFCFACEOUTERBOUND(#15313,.T.);
#15315=IFCFACE((#15314));
#15316=IFCPOLYLOOP((#3017,#3022,#3016));
#15317=IFCFACEOUTERBOUND(#15316,.T.);
#15318=IFCFACE((#15317));
#15319=IFCPOLYLOOP((#3021,#2977,#3023));
#15320=IFCFACEOUTERBOUND(#15319,.T.);
#15321=IFCFACE((#15320));
#15322=IFCPOLYLOOP((#3030,#3028,#3024));
#15323=IFCFACEOUTERBOUND(#15322,.T.);
#15324=IFCFACE((#15323));
#15325=IFCPOLYLOOP((#2993,#3026,#3027,#3028,#3029));
#15326=IFCFACEOUTERBOUND(#15325,.T.);
#15327=IFCFACE((#15326));
#15328=IFCPOLYLOOP((#3023,#3030,#2990));
#15329=IFCFACEOUTERBOUND(#15328,.T.);
#15330=IFCFACE((#15329));
#15331=IFCPOLYLOOP((#3027,#3020,#2985,#3024,#3028));
#15332=IFCFACEOUTERBOUND(#15331,.T.);
#15333=IFCFACE((#15332));
#15334=IFCPOLYLOOP((#3025,#3027,#3026));
#15335=IFCFACEOUTERBOUND(#15334,.T.);
#15336=IFCFACE((#15335));
#15337=IFCPOLYLOOP((#3028,#3030,#3029));
#15338=IFCFACEOUTERBOUND(#15337,.T.);
#15339=IFCFACE((#15338));
#15340=IFCPOLYLOOP((#3029,#3030,#2977));
#15341=IFCFACEOUTERBOUND(#15340,.T.);
#15342=IFCFACE((#15341));
#15343=IFCPOLYLOOP((#3030,#3024,#2990));
#15344=IFCFACEOUTERBOUND(#15343,.T.);
#15345=IFCFACE((#15344));
#15346=IFCPOLYLOOP((#2997,#2995,#3031));
#15347=IFCFACEOUTERBOUND(#15346,.T.);
#15348=IFCFACE((#15347));
#15349=IFCPOLYLOOP((#3032,#2996,#3008));
#15350=IFCFACEOUTERBOUND(#15349,.T.);
#15351=IFCFACE((#15350));
#15352=IFCPOLYLOOP((#768,#604,#2996,#3032,#2991,#3012,#3010,#2988,#3016,#2990,#3024,#2985,#3020,#2989,#3005,#2986,#2999,#3001,#2987,#3031,#2995,#1880,#769));
#15353=IFCFACEOUTERBOUND(#15352,.T.);
#15354=IFCFACE((#15353));
#15355=IFCPOLYLOOP((#1318,#1317,#1316,#2450,#3195,#3231,#3188,#3201,#3199,#3186,#3205,#3189,#3224,#3185,#3220,#3191,#3215,#3187,#3209,#3211,#3190,#3232,#3196));
#15356=IFCFACEOUTERBOUND(#15355,.T.);
#15357=IFCFACE((#15356));
#15358=IFCPOLYLOOP((#772,#3081,#3059));
#15359=IFCFACEOUTERBOUND(#15358,.T.);
#15360=IFCFACE((#15359));
#15361=IFCPOLYLOOP((#3090,#3063,#3054));
#15362=IFCFACEOUTERBOUND(#15361,.T.);
#15363=IFCFACE((#15362));
#15364=IFCPOLYLOOP((#3037,#3120,#3121));
#15365=IFCFACEOUTERBOUND(#15364,.T.);
#15366=IFCFACE((#15365));
#15367=IFCPOLYLOOP((#3102,#3042,#3101));
#15368=IFCFACEOUTERBOUND(#15367,.T.);
#15369=IFCFACE((#15368));
#15370=IFCPOLYLOOP((#3057,#3060,#3062));
#15371=IFCFACEOUTERBOUND(#15370,.T.);
#15372=IFCFACE((#15371));
#15373=IFCPOLYLOOP((#2049,#3061,#3081));
#15374=IFCFACEOUTERBOUND(#15373,.T.);
#15375=IFCFACE((#15374));
#15376=IFCPOLYLOOP((#3073,#3072,#3075));
#15377=IFCFACEOUTERBOUND(#15376,.T.);
#15378=IFCFACE((#15377));
#15379=IFCPOLYLOOP((#3103,#3105,#3033));
#15380=IFCFACEOUTERBOUND(#15379,.T.);
#15381=IFCFACE((#15380));
#15382=IFCPOLYLOOP((#3102,#3100,#3097));
#15383=IFCFACEOUTERBOUND(#15382,.T.);
#15384=IFCFACE((#15383));
#15385=IFCPOLYLOOP((#3086,#3087,#3079));
#15386=IFCFACEOUTERBOUND(#15385,.T.);
#15387=IFCFACE((#15386));
#15388=IFCPOLYLOOP((#3047,#3118,#3117));
#15389=IFCFACEOUTERBOUND(#15388,.T.);
#15390=IFCFACE((#15389));
#15391=IFCPOLYLOOP((#3074,#3075,#3076));
#15392=IFCFACEOUTERBOUND(#15391,.T.);
#15393=IFCFACE((#15392));
#15394=IFCPOLYLOOP((#3094,#3098,#3096));
#15395=IFCFACEOUTERBOUND(#15394,.T.);
#15396=IFCFACE((#15395));
#15397=IFCPOLYLOOP((#3108,#3042,#3102));
#15398=IFCFACEOUTERBOUND(#15397,.T.);
#15399=IFCFACE((#15398));
#15400=IFCPOLYLOOP((#3065,#3066,#3068));
#15401=IFCFACEOUTERBOUND(#15400,.T.);
#15402=IFCFACE((#15401));
#15403=IFCPOLYLOOP((#3054,#3063,#3061));
#15404=IFCFACEOUTERBOUND(#15403,.T.);
#15405=IFCFACE((#15404));
#15406=IFCPOLYLOOP((#3099,#3038,#3095));
#15407=IFCFACEOUTERBOUND(#15406,.T.);
#15408=IFCFACE((#15407));
#15409=IFCPOLYLOOP((#3085,#3123,#3076));
#15410=IFCFACEOUTERBOUND(#15409,.T.);
#15411=IFCFACE((#15410));
#15412=IFCPOLYLOOP((#3116,#3055,#3113));
#15413=IFCFACEOUTERBOUND(#15412,.T.);
#15414=IFCFACE((#15413));
#15415=IFCPOLYLOOP((#3078,#3058,#3062));
#15416=IFCFACEOUTERBOUND(#15415,.T.);
#15417=IFCFACE((#15416));
#15418=IFCPOLYLOOP((#3099,#3098,#3094));
#15419=IFCFACEOUTERBOUND(#15418,.T.);
#15420=IFCFACE((#15419));
#15421=IFCPOLYLOOP((#3092,#3091,#3044));
#15422=IFCFACEOUTERBOUND(#15421,.T.);
#15423=IFCFACE((#15422));
#15424=IFCPOLYLOOP((#3069,#3065,#3068));
#15425=IFCFACEOUTERBOUND(#15424,.T.);
#15426=IFCFACE((#15425));
#15427=IFCPOLYLOOP((#3120,#3047,#3119));
#15428=IFCFACEOUTERBOUND(#15427,.T.);
#15429=IFCFACE((#15428));
#15430=IFCPOLYLOOP((#3108,#3111,#3110));
#15431=IFCFACEOUTERBOUND(#15430,.T.);
#15432=IFCFACE((#15431));
#15433=IFCPOLYLOOP((#3058,#3048,#3062));
#15434=IFCFACEOUTERBOUND(#15433,.T.);
#15435=IFCFACE((#15434));
#15436=IFCPOLYLOOP((#3116,#3113,#3112));
#15437=IFCFACEOUTERBOUND(#15436,.T.);
#15438=IFCFACE((#15437));
#15439=IFCPOLYLOOP((#3043,#3105,#3103));
#15440=IFCFACEOUTERBOUND(#15439,.T.);
#15441=IFCFACE((#15440));
#15442=IFCPOLYLOOP((#3062,#3048,#3086));
#15443=IFCFACEOUTERBOUND(#15442,.T.);
#15444=IFCFACE((#15443));
#15445=IFCPOLYLOOP((#775,#774,#3078));
#15446=IFCFACEOUTERBOUND(#15445,.T.);
#15447=IFCFACE((#15446));
#15448=IFCPOLYLOOP((#773,#3058,#3078));
#15449=IFCFACEOUTERBOUND(#15448,.T.);
#15450=IFCFACE((#15449));
#15451=IFCPOLYLOOP((#772,#2050,#3081));
#15452=IFCFACEOUTERBOUND(#15451,.T.);
#15453=IFCFACE((#15452));
#15454=IFCPOLYLOOP((#3078,#3062,#3060));
#15455=IFCFACEOUTERBOUND(#15454,.T.);
#15456=IFCFACE((#15455));
#15457=IFCPOLYLOOP((#3063,#3059,#3081));
#15458=IFCFACEOUTERBOUND(#15457,.T.);
#15459=IFCFACE((#15458));
#15460=IFCPOLYLOOP((#3087,#3041,#3079));
#15461=IFCFACEOUTERBOUND(#15460,.T.);
#15462=IFCFACE((#15461));
#15463=IFCPOLYLOOP((#3063,#3090,#3050));
#15464=IFCFACEOUTERBOUND(#15463,.T.);
#15465=IFCFACE((#15464));
#15466=IFCPOLYLOOP((#3050,#3059,#3063));
#15467=IFCFACEOUTERBOUND(#15466,.T.);
#15468=IFCFACE((#15467));
#15469=IFCPOLYLOOP((#3068,#3071,#3067));
#15470=IFCFACEOUTERBOUND(#15469,.T.);
#15471=IFCFACE((#15470));
#15472=IFCPOLYLOOP((#3070,#3103,#3069));
#15473=IFCFACEOUTERBOUND(#15472,.T.);
#15474=IFCFACE((#15473));
#15475=IFCPOLYLOOP((#3066,#3051,#3071));
#15476=IFCFACEOUTERBOUND(#15475,.T.);
#15477=IFCFACE((#15476));
#15478=IFCPOLYLOOP((#3066,#3071,#3068));
#15479=IFCFACEOUTERBOUND(#15478,.T.);
#15480=IFCFACE((#15479));
#15481=IFCPOLYLOOP((#3067,#3064,#3068));
#15482=IFCFACEOUTERBOUND(#15481,.T.);
#15483=IFCFACE((#15482));
#15484=IFCPOLYLOOP((#3069,#3068,#3064));
#15485=IFCFACEOUTERBOUND(#15484,.T.);
#15486=IFCFACE((#15485));
#15487=IFCPOLYLOOP((#3070,#3043,#3103));
#15488=IFCFACEOUTERBOUND(#15487,.T.);
#15489=IFCFACE((#15488));
#15490=IFCPOLYLOOP((#3103,#3093,#3069));
#15491=IFCFACEOUTERBOUND(#15490,.T.);
#15492=IFCFACE((#15491));
#15493=IFCPOLYLOOP((#3069,#3064,#3070));
#15494=IFCFACEOUTERBOUND(#15493,.T.);
#15495=IFCFACE((#15494));
#15496=IFCPOLYLOOP((#3073,#3075,#3084));
#15497=IFCFACEOUTERBOUND(#15496,.T.);
#15498=IFCFACE((#15497));
#15499=IFCPOLYLOOP((#3040,#3067,#3071));
#15500=IFCFACEOUTERBOUND(#15499,.T.);
#15501=IFCFACE((#15500));
#15502=IFCPOLYLOOP((#3076,#3046,#3074));
#15503=IFCFACEOUTERBOUND(#15502,.T.);
#15504=IFCFACE((#15503));
#15505=IFCPOLYLOOP((#3084,#3051,#3073));
#15506=IFCFACEOUTERBOUND(#15505,.T.);
#15507=IFCFACE((#15506));
#15508=IFCPOLYLOOP((#3075,#3072,#3076));
#15509=IFCFACEOUTERBOUND(#15508,.T.);
#15510=IFCFACE((#15509));
#15511=IFCPOLYLOOP((#3040,#3071,#3084));
#15512=IFCFACEOUTERBOUND(#15511,.T.);
#15513=IFCFACE((#15512));
#15514=IFCPOLYLOOP((#3084,#3074,#3040));
#15515=IFCFACEOUTERBOUND(#15514,.T.);
#15516=IFCFACE((#15515));
#15517=IFCPOLYLOOP((#3076,#3072,#3085));
#15518=IFCFACEOUTERBOUND(#15517,.T.);
#15519=IFCFACE((#15518));
#15520=IFCPOLYLOOP((#3077,#3123,#3092));
#15521=IFCFACEOUTERBOUND(#15520,.T.);
#15522=IFCFACE((#15521));
#15523=IFCPOLYLOOP((#775,#3078,#3060));
#15524=IFCFACEOUTERBOUND(#15523,.T.);
#15525=IFCFACE((#15524));
#15526=IFCPOLYLOOP((#3076,#3123,#3046));
#15527=IFCFACEOUTERBOUND(#15526,.T.);
#15528=IFCFACE((#15527));
#15529=IFCPOLYLOOP((#3078,#774,#773));
#15530=IFCFACEOUTERBOUND(#15529,.T.);
#15531=IFCFACE((#15530));
#15532=IFCPOLYLOOP((#2049,#3081,#2050));
#15533=IFCFACEOUTERBOUND(#15532,.T.);
#15534=IFCFACE((#15533));
#15535=IFCPOLYLOOP((#3057,#3062,#3086));
#15536=IFCFACEOUTERBOUND(#15535,.T.);
#15537=IFCFACE((#15536));
#15538=IFCPOLYLOOP((#3041,#3087,#3088));
#15539=IFCFACEOUTERBOUND(#15538,.T.);
#15540=IFCFACE((#15539));
#15541=IFCPOLYLOOP((#3061,#3063,#3081));
#15542=IFCFACEOUTERBOUND(#15541,.T.);
#15543=IFCFACE((#15542));
#15544=IFCPOLYLOOP((#3084,#3075,#3074));
#15545=IFCFACEOUTERBOUND(#15544,.T.);
#15546=IFCFACE((#15545));
#15547=IFCPOLYLOOP((#3092,#3083,#3091));
#15548=IFCFACEOUTERBOUND(#15547,.T.);
#15549=IFCFACE((#15548));
#15550=IFCPOLYLOOP((#3091,#3050,#3090));
#15551=IFCFACEOUTERBOUND(#15550,.T.);
#15552=IFCFACE((#15551));
#15553=IFCPOLYLOOP((#3051,#3084,#3071));
#15554=IFCFACEOUTERBOUND(#15553,.T.);
#15555=IFCFACE((#15554));
#15556=IFCPOLYLOOP((#3087,#3048,#3080));
#15557=IFCFACEOUTERBOUND(#15556,.T.);
#15558=IFCFACE((#15557));
#15559=IFCPOLYLOOP((#3123,#3085,#3034));
#15560=IFCFACEOUTERBOUND(#15559,.T.);
#15561=IFCFACE((#15560));
#15562=IFCPOLYLOOP((#3079,#3057,#3086));
#15563=IFCFACEOUTERBOUND(#15562,.T.);
#15564=IFCFACE((#15563));
#15565=IFCPOLYLOOP((#3048,#3087,#3086));
#15566=IFCFACEOUTERBOUND(#15565,.T.);
#15567=IFCFACE((#15566));
#15568=IFCPOLYLOOP((#3087,#3080,#3088));
#15569=IFCFACEOUTERBOUND(#15568,.T.);
#15570=IFCFACE((#15569));
#15571=IFCPOLYLOOP((#3080,#3036,#3088));
#15572=IFCFACEOUTERBOUND(#15571,.T.);
#15573=IFCFACE((#15572));
#15574=IFCPOLYLOOP((#3054,#3082,#3090));
#15575=IFCFACEOUTERBOUND(#15574,.T.);
#15576=IFCFACE((#15575));
#15577=IFCPOLYLOOP((#3096,#3045,#3089));
#15578=IFCFACEOUTERBOUND(#15577,.T.);
#15579=IFCFACE((#15578));
#15580=IFCPOLYLOOP((#3089,#3041,#3088));
#15581=IFCFACEOUTERBOUND(#15580,.T.);
#15582=IFCFACE((#15581));
#15583=IFCPOLYLOOP((#3091,#3090,#3082));
#15584=IFCFACEOUTERBOUND(#15583,.T.);
#15585=IFCFACE((#15584));
#15586=IFCPOLYLOOP((#3044,#3091,#3082));
#15587=IFCFACEOUTERBOUND(#15586,.T.);
#15588=IFCFACE((#15587));
#15589=IFCPOLYLOOP((#3050,#3091,#3083));
#15590=IFCFACEOUTERBOUND(#15589,.T.);
#15591=IFCFACE((#15590));
#15592=IFCPOLYLOOP((#3077,#3092,#3044));
#15593=IFCFACEOUTERBOUND(#15592,.T.);
#15594=IFCFACE((#15593));
#15595=IFCPOLYLOOP((#3034,#3083,#3092));
#15596=IFCFACEOUTERBOUND(#15595,.T.);
#15597=IFCFACE((#15596));
#15598=IFCPOLYLOOP((#3096,#3088,#3036));
#15599=IFCFACEOUTERBOUND(#15598,.T.);
#15600=IFCFACE((#15599));
#15601=IFCPOLYLOOP((#3093,#3065,#3069));
#15602=IFCFACEOUTERBOUND(#15601,.T.);
#15603=IFCFACE((#15602));
#15604=IFCPOLYLOOP((#3088,#3096,#3089));
#15605=IFCFACEOUTERBOUND(#15604,.T.);
#15606=IFCFACE((#15605));
#15607=IFCPOLYLOOP((#3096,#3098,#3045));
#15608=IFCFACEOUTERBOUND(#15607,.T.);
#15609=IFCFACE((#15608));
#15610=IFCPOLYLOOP((#3094,#3096,#3036));
#15611=IFCFACEOUTERBOUND(#15610,.T.);
#15612=IFCFACE((#15611));
#15613=IFCPOLYLOOP((#3099,#3100,#3038));
#15614=IFCFACEOUTERBOUND(#15613,.T.);
#15615=IFCFACE((#15614));
#15616=IFCPOLYLOOP((#3099,#3094,#3049));
#15617=IFCFACEOUTERBOUND(#15616,.T.);
#15618=IFCFACE((#15617));
#15619=IFCPOLYLOOP((#3095,#3045,#3098));
#15620=IFCFACEOUTERBOUND(#15619,.T.);
#15621=IFCFACE((#15620));
#15622=IFCPOLYLOOP((#3098,#3099,#3095));
#15623=IFCFACEOUTERBOUND(#15622,.T.);
#15624=IFCFACE((#15623));
#15625=IFCPOLYLOOP((#3100,#3049,#3097));
#15626=IFCFACEOUTERBOUND(#15625,.T.);
#15627=IFCFACE((#15626));
#15628=IFCPOLYLOOP((#3049,#3100,#3099));
#15629=IFCFACEOUTERBOUND(#15628,.T.);
#15630=IFCFACE((#15629));
#15631=IFCPOLYLOOP((#3097,#3035,#3102));
#15632=IFCFACEOUTERBOUND(#15631,.T.);
#15633=IFCFACE((#15632));
#15634=IFCPOLYLOOP((#3102,#3101,#3100));
#15635=IFCFACEOUTERBOUND(#15634,.T.);
#15636=IFCFACE((#15635));
#15637=IFCPOLYLOOP((#3101,#3038,#3100));
#15638=IFCFACEOUTERBOUND(#15637,.T.);
#15639=IFCFACE((#15638));
#15640=IFCPOLYLOOP((#3108,#3102,#3035));
#15641=IFCFACEOUTERBOUND(#15640,.T.);
#15642=IFCFACE((#15641));
#15643=IFCPOLYLOOP((#3107,#3105,#3106));
#15644=IFCFACEOUTERBOUND(#15643,.T.);
#15645=IFCFACE((#15644));
#15646=IFCPOLYLOOP((#3103,#3033,#3093));
#15647=IFCFACEOUTERBOUND(#15646,.T.);
#15648=IFCFACE((#15647));
#15649=IFCPOLYLOOP((#3056,#3107,#3106));
#15650=IFCFACEOUTERBOUND(#15649,.T.);
#15651=IFCFACE((#15650));
#15652=IFCPOLYLOOP((#3052,#3107,#3124));
#15653=IFCFACEOUTERBOUND(#15652,.T.);
#15654=IFCFACE((#15653));
#15655=IFCPOLYLOOP((#3033,#3105,#3104));
#15656=IFCFACEOUTERBOUND(#15655,.T.);
#15657=IFCFACE((#15656));
#15658=IFCPOLYLOOP((#3105,#3043,#3106));
#15659=IFCFACEOUTERBOUND(#15658,.T.);
#15660=IFCFACE((#15659));
#15661=IFCPOLYLOOP((#3104,#3105,#3107));
#15662=IFCFACEOUTERBOUND(#15661,.T.);
#15663=IFCFACE((#15662));
#15664=IFCPOLYLOOP((#3052,#3104,#3107));
#15665=IFCFACEOUTERBOUND(#15664,.T.);
#15666=IFCFACE((#15665));
#15667=IFCPOLYLOOP((#3112,#3039,#3111));
#15668=IFCFACEOUTERBOUND(#15667,.T.);
#15669=IFCFACE((#15668));
#15670=IFCPOLYLOOP((#3111,#3108,#3109));
#15671=IFCFACEOUTERBOUND(#15670,.T.);
#15672=IFCFACE((#15671));
#15673=IFCPOLYLOOP((#3108,#3035,#3109));
#15674=IFCFACEOUTERBOUND(#15673,.T.);
#15675=IFCFACE((#15674));
#15676=IFCPOLYLOOP((#3110,#3111,#3039));
#15677=IFCFACEOUTERBOUND(#15676,.T.);
#15678=IFCFACE((#15677));
#15679=IFCPOLYLOOP((#3110,#3042,#3108));
#15680=IFCFACEOUTERBOUND(#15679,.T.);
#15681=IFCFACE((#15680));
#15682=IFCPOLYLOOP((#3112,#3109,#3053));
#15683=IFCFACEOUTERBOUND(#15682,.T.);
#15684=IFCFACE((#15683));
#15685=IFCPOLYLOOP((#3109,#3112,#3111));
#15686=IFCFACEOUTERBOUND(#15685,.T.);
#15687=IFCFACE((#15686));
#15688=IFCPOLYLOOP((#3053,#3114,#3116));
#15689=IFCFACEOUTERBOUND(#15688,.T.);
#15690=IFCFACE((#15689));
#15691=IFCPOLYLOOP((#3112,#3053,#3116));
#15692=IFCFACEOUTERBOUND(#15691,.T.);
#15693=IFCFACE((#15692));
#15694=IFCPOLYLOOP((#3113,#3039,#3112));
#15695=IFCFACEOUTERBOUND(#15694,.T.);
#15696=IFCFACE((#15695));
#15697=IFCPOLYLOOP((#3118,#3115,#3117));
#15698=IFCFACEOUTERBOUND(#15697,.T.);
#15699=IFCFACE((#15698));
#15700=IFCPOLYLOOP((#3055,#3117,#3115));
#15701=IFCFACEOUTERBOUND(#15700,.T.);
#15702=IFCFACE((#15701));
#15703=IFCPOLYLOOP((#3116,#3114,#3117));
#15704=IFCFACEOUTERBOUND(#15703,.T.);
#15705=IFCFACE((#15704));
#15706=IFCPOLYLOOP((#3116,#3117,#3055));
#15707=IFCFACEOUTERBOUND(#15706,.T.);
#15708=IFCFACE((#15707));
#15709=IFCPOLYLOOP((#3047,#3117,#3114));
#15710=IFCFACEOUTERBOUND(#15709,.T.);
#15711=IFCFACE((#15710));
#15712=IFCPOLYLOOP((#3122,#3120,#3119));
#15713=IFCFACEOUTERBOUND(#15712,.T.);
#15714=IFCFACE((#15713));
#15715=IFCPOLYLOOP((#3037,#3115,#3118));
#15716=IFCFACEOUTERBOUND(#15715,.T.);
#15717=IFCFACE((#15716));
#15718=IFCPOLYLOOP((#3118,#3120,#3037));
#15719=IFCFACEOUTERBOUND(#15718,.T.);
#15720=IFCFACE((#15719));
#15721=IFCPOLYLOOP((#3047,#3120,#3118));
#15722=IFCFACEOUTERBOUND(#15721,.T.);
#15723=IFCFACE((#15722));
#15724=IFCPOLYLOOP((#3121,#3120,#3122));
#15725=IFCFACEOUTERBOUND(#15724,.T.);
#15726=IFCFACE((#15725));
#15727=IFCPOLYLOOP((#3124,#3121,#3122));
#15728=IFCFACEOUTERBOUND(#15727,.T.);
#15729=IFCFACE((#15728));
#15730=IFCPOLYLOOP((#3119,#3052,#3122));
#15731=IFCFACEOUTERBOUND(#15730,.T.);
#15732=IFCFACE((#15731));
#15733=IFCPOLYLOOP((#3122,#3052,#3124));
#15734=IFCFACEOUTERBOUND(#15733,.T.);
#15735=IFCFACE((#15734));
#15736=IFCPOLYLOOP((#3092,#3123,#3034));
#15737=IFCFACEOUTERBOUND(#15736,.T.);
#15738=IFCFACE((#15737));
#15739=IFCPOLYLOOP((#3046,#3123,#3077));
#15740=IFCFACEOUTERBOUND(#15739,.T.);
#15741=IFCFACE((#15740));
#15742=IFCPOLYLOOP((#3107,#3056,#3124));
#15743=IFCFACEOUTERBOUND(#15742,.T.);
#15744=IFCFACE((#15743));
#15745=IFCPOLYLOOP((#3124,#3056,#3121));
#15746=IFCFACEOUTERBOUND(#15745,.T.);
#15747=IFCFACE((#15746));
#15748=IFCPOLYLOOP((#1013,#775,#3060,#3057,#3079,#3041,#3089,#3045,#3095,#3038,#3101,#3042,#3110,#3039,#3113,#3055,#3115,#3037,#3121,#3056,#3106,#3043,#3070,#3064,#3067,#3040,#3074,#3046,#3077,#3044,#3082,#3054,#3061,#2049,#1014));
#15749=IFCFACEOUTERBOUND(#15748,.T.);
#15750=IFCFACE((#15749));
#15751=IFCPOLYLOOP((#1141,#1140,#1139,#2289,#3142,#3137,#3147,#3134,#3155,#3141,#3160,#3132,#3164,#3136,#3168,#3133,#3151,#3135,#3143));
#15752=IFCFACEOUTERBOUND(#15751,.T.);
#15753=IFCFACE((#15752));
#15754=IFCPOLYLOOP((#3130,#1145,#1144));
#15755=IFCFACEOUTERBOUND(#15754,.T.);
#15756=IFCFACE((#15755));
#15757=IFCPOLYLOOP((#3144,#3158,#3169));
#15758=IFCFACEOUTERBOUND(#15757,.T.);
#15759=IFCFACE((#15758));
#15760=IFCPOLYLOOP((#3135,#3151,#3176));
#15761=IFCFACEOUTERBOUND(#15760,.T.);
#15762=IFCFACE((#15761));
#15763=IFCPOLYLOOP((#3131,#3145,#2286));
#15764=IFCFACEOUTERBOUND(#15763,.T.);
#15765=IFCFACE((#15764));
#15766=IFCPOLYLOOP((#1142,#1141,#3143));
#15767=IFCFACEOUTERBOUND(#15766,.T.);
#15768=IFCFACE((#15767));
#15769=IFCPOLYLOOP((#3142,#2289,#2288));
#15770=IFCFACEOUTERBOUND(#15769,.T.);
#15771=IFCFACE((#15770));
#15772=IFCPOLYLOOP((#3131,#3129,#3145));
#15773=IFCFACEOUTERBOUND(#15772,.T.);
#15774=IFCFACE((#15773));
#15775=IFCPOLYLOOP((#1142,#3143,#1143));
#15776=IFCFACEOUTERBOUND(#15775,.T.);
#15777=IFCFACE((#15776));
#15778=IFCPOLYLOOP((#3172,#3163,#3165));
#15779=IFCFACEOUTERBOUND(#15778,.T.);
#15780=IFCFACE((#15779));
#15781=IFCPOLYLOOP((#3153,#3146,#3148));
#15782=IFCFACEOUTERBOUND(#15781,.T.);
#15783=IFCFACE((#15782));
#15784=IFCPOLYLOOP((#3142,#2288,#2287));
#15785=IFCFACEOUTERBOUND(#15784,.T.);
#15786=IFCFACE((#15785));
#15787=IFCPOLYLOOP((#1145,#3130,#1146));
#15788=IFCFACEOUTERBOUND(#15787,.T.);
#15789=IFCFACE((#15788));
#15790=IFCPOLYLOOP((#3166,#3170,#3167));
#15791=IFCFACEOUTERBOUND(#15790,.T.);
#15792=IFCFACE((#15791));
#15793=IFCPOLYLOOP((#3162,#3160,#3161));
#15794=IFCFACEOUTERBOUND(#15793,.T.);
#15795=IFCFACE((#15794));
#15796=IFCPOLYLOOP((#3140,#3163,#3172));
#15797=IFCFACEOUTERBOUND(#15796,.T.);
#15798=IFCFACE((#15797));
#15799=IFCPOLYLOOP((#2284,#3131,#2285));
#15800=IFCFACEOUTERBOUND(#15799,.T.);
#15801=IFCFACE((#15800));
#15802=IFCPOLYLOOP((#2284,#1313,#3131));
#15803=IFCFACEOUTERBOUND(#15802,.T.);
#15804=IFCFACE((#15803));
#15805=IFCPOLYLOOP((#1147,#1146,#3130));
#15806=IFCFACEOUTERBOUND(#15805,.T.);
#15807=IFCFACE((#15806));
#15808=IFCPOLYLOOP((#1143,#3149,#1144));
#15809=IFCFACEOUTERBOUND(#15808,.T.);
#15810=IFCFACE((#15809));
#15811=IFCPOLYLOOP((#3150,#3128,#3149));
#15812=IFCFACEOUTERBOUND(#15811,.T.);
#15813=IFCFACE((#15812));
#15814=IFCPOLYLOOP((#3150,#3149,#3135));
#15815=IFCFACEOUTERBOUND(#15814,.T.);
#15816=IFCFACE((#15815));
#15817=IFCPOLYLOOP((#3145,#3137,#3142));
#15818=IFCFACEOUTERBOUND(#15817,.T.);
#15819=IFCFACE((#15818));
#15820=IFCPOLYLOOP((#3137,#3145,#3146));
#15821=IFCFACEOUTERBOUND(#15820,.T.);
#15822=IFCFACE((#15821));
#15823=IFCPOLYLOOP((#3131,#2286,#2285));
#15824=IFCFACEOUTERBOUND(#15823,.T.);
#15825=IFCFACE((#15824));
#15826=IFCPOLYLOOP((#3164,#3165,#3167));
#15827=IFCFACEOUTERBOUND(#15826,.T.);
#15828=IFCFACE((#15827));
#15829=IFCPOLYLOOP((#3173,#3174,#3138));
#15830=IFCFACEOUTERBOUND(#15829,.T.);
#15831=IFCFACE((#15830));
#15832=IFCPOLYLOOP((#3154,#3157,#3156));
#15833=IFCFACEOUTERBOUND(#15832,.T.);
#15834=IFCFACE((#15833));
#15835=IFCPOLYLOOP((#3139,#3161,#3159));
#15836=IFCFACEOUTERBOUND(#15835,.T.);
#15837=IFCFACE((#15836));
#15838=IFCPOLYLOOP((#3161,#3160,#3141));
#15839=IFCFACEOUTERBOUND(#15838,.T.);
#15840=IFCFACE((#15839));
#15841=IFCPOLYLOOP((#2286,#3145,#2287));
#15842=IFCFACEOUTERBOUND(#15841,.T.);
#15843=IFCFACE((#15842));
#15844=IFCPOLYLOOP((#3149,#3128,#3130));
#15845=IFCFACEOUTERBOUND(#15844,.T.);
#15846=IFCFACE((#15845));
#15847=IFCPOLYLOOP((#1143,#3143,#3149));
#15848=IFCFACEOUTERBOUND(#15847,.T.);
#15849=IFCFACE((#15848));
#15850=IFCPOLYLOOP((#3145,#3129,#3146));
#15851=IFCFACEOUTERBOUND(#15850,.T.);
#15852=IFCFACE((#15851));
#15853=IFCPOLYLOOP((#3145,#3142,#2287));
#15854=IFCFACEOUTERBOUND(#15853,.T.);
#15855=IFCFACE((#15854));
#15856=IFCPOLYLOOP((#3153,#3148,#3127));
#15857=IFCFACEOUTERBOUND(#15856,.T.);
#15858=IFCFACE((#15857));
#15859=IFCPOLYLOOP((#3147,#3153,#3154));
#15860=IFCFACEOUTERBOUND(#15859,.T.);
#15861=IFCFACE((#15860));
#15862=IFCPOLYLOOP((#3146,#3129,#3148));
#15863=IFCFACEOUTERBOUND(#15862,.T.);
#15864=IFCFACE((#15863));
#15865=IFCPOLYLOOP((#3146,#3153,#3137));
#15866=IFCFACEOUTERBOUND(#15865,.T.);
#15867=IFCFACE((#15866));
#15868=IFCPOLYLOOP((#1144,#3149,#3130));
#15869=IFCFACEOUTERBOUND(#15868,.T.);
#15870=IFCFACE((#15869));
#15871=IFCPOLYLOOP((#3135,#3149,#3143));
#15872=IFCFACEOUTERBOUND(#15871,.T.);
#15873=IFCFACE((#15872));
#15874=IFCPOLYLOOP((#3154,#3153,#3127));
#15875=IFCFACEOUTERBOUND(#15874,.T.);
#15876=IFCFACE((#15875));
#15877=IFCPOLYLOOP((#3150,#3135,#3176));
#15878=IFCFACEOUTERBOUND(#15877,.T.);
#15879=IFCFACE((#15878));
#15880=IFCPOLYLOOP((#3152,#3176,#3126));
#15881=IFCFACEOUTERBOUND(#15880,.T.);
#15882=IFCFACE((#15881));
#15883=IFCPOLYLOOP((#3175,#3151,#3133));
#15884=IFCFACEOUTERBOUND(#15883,.T.);
#15885=IFCFACE((#15884));
#15886=IFCPOLYLOOP((#3152,#3128,#3150));
#15887=IFCFACEOUTERBOUND(#15886,.T.);
#15888=IFCFACE((#15887));
#15889=IFCPOLYLOOP((#3153,#3147,#3137));
#15890=IFCFACEOUTERBOUND(#15889,.T.);
#15891=IFCFACE((#15890));
#15892=IFCPOLYLOOP((#3157,#3144,#3156));
#15893=IFCFACEOUTERBOUND(#15892,.T.);
#15894=IFCFACE((#15893));
#15895=IFCPOLYLOOP((#3147,#3154,#3134));
#15896=IFCFACEOUTERBOUND(#15895,.T.);
#15897=IFCFACE((#15896));
#15898=IFCPOLYLOOP((#3155,#3156,#3169));
#15899=IFCFACEOUTERBOUND(#15898,.T.);
#15900=IFCFACE((#15899));
#15901=IFCPOLYLOOP((#3134,#3154,#3156));
#15902=IFCFACEOUTERBOUND(#15901,.T.);
#15903=IFCFACE((#15902));
#15904=IFCPOLYLOOP((#3155,#3134,#3156));
#15905=IFCFACEOUTERBOUND(#15904,.T.);
#15906=IFCFACE((#15905));
#15907=IFCPOLYLOOP((#3154,#3127,#3157));
#15908=IFCFACEOUTERBOUND(#15907,.T.);
#15909=IFCFACE((#15908));
#15910=IFCPOLYLOOP((#3159,#3158,#3139));
#15911=IFCFACEOUTERBOUND(#15910,.T.);
#15912=IFCFACE((#15911));
#15913=IFCPOLYLOOP((#3158,#3159,#3169));
#15914=IFCFACEOUTERBOUND(#15913,.T.);
#15915=IFCFACE((#15914));
#15916=IFCPOLYLOOP((#3169,#3141,#3155));
#15917=IFCFACEOUTERBOUND(#15916,.T.);
#15918=IFCFACE((#15917));
#15919=IFCPOLYLOOP((#3162,#3171,#3140));
#15920=IFCFACEOUTERBOUND(#15919,.T.);
#15921=IFCFACE((#15920));
#15922=IFCPOLYLOOP((#3159,#3161,#3141));
#15923=IFCFACEOUTERBOUND(#15922,.T.);
#15924=IFCFACE((#15923));
#15925=IFCPOLYLOOP((#3171,#3162,#3161));
#15926=IFCFACEOUTERBOUND(#15925,.T.);
#15927=IFCFACE((#15926));
#15928=IFCPOLYLOOP((#3167,#3125,#3166));
#15929=IFCFACEOUTERBOUND(#15928,.T.);
#15930=IFCFACE((#15929));
#15931=IFCPOLYLOOP((#3132,#3160,#3162));
#15932=IFCFACEOUTERBOUND(#15931,.T.);
#15933=IFCFACE((#15932));
#15934=IFCPOLYLOOP((#3163,#3125,#3165));
#15935=IFCFACEOUTERBOUND(#15934,.T.);
#15936=IFCFACE((#15935));
#15937=IFCPOLYLOOP((#3125,#3167,#3165));
#15938=IFCFACEOUTERBOUND(#15937,.T.);
#15939=IFCFACE((#15938));
#15940=IFCPOLYLOOP((#3132,#3162,#3172));
#15941=IFCFACEOUTERBOUND(#15940,.T.);
#15942=IFCFACE((#15941));
#15943=IFCPOLYLOOP((#3132,#3165,#3164));
#15944=IFCFACEOUTERBOUND(#15943,.T.);
#15945=IFCFACE((#15944));
#15946=IFCPOLYLOOP((#3170,#3136,#3167));
#15947=IFCFACEOUTERBOUND(#15946,.T.);
#15948=IFCFACE((#15947));
#15949=IFCPOLYLOOP((#3138,#3174,#3170));
#15950=IFCFACEOUTERBOUND(#15949,.T.);
#15951=IFCFACE((#15950));
#15952=IFCPOLYLOOP((#3164,#3167,#3136));
#15953=IFCFACEOUTERBOUND(#15952,.T.);
#15954=IFCFACE((#15953));
#15955=IFCPOLYLOOP((#3169,#3159,#3141));
#15956=IFCFACEOUTERBOUND(#15955,.T.);
#15957=IFCFACE((#15956));
#15958=IFCPOLYLOOP((#3136,#3170,#3168));
#15959=IFCFACEOUTERBOUND(#15958,.T.);
#15960=IFCFACE((#15959));
#15961=IFCPOLYLOOP((#3144,#3169,#3156));
#15962=IFCFACEOUTERBOUND(#15961,.T.);
#15963=IFCFACE((#15962));
#15964=IFCPOLYLOOP((#3166,#3138,#3170));
#15965=IFCFACEOUTERBOUND(#15964,.T.);
#15966=IFCFACE((#15965));
#15967=IFCPOLYLOOP((#3174,#3133,#3168));
#15968=IFCFACEOUTERBOUND(#15967,.T.);
#15969=IFCFACE((#15968));
#15970=IFCPOLYLOOP((#3161,#3139,#3171));
#15971=IFCFACEOUTERBOUND(#15970,.T.);
#15972=IFCFACE((#15971));
#15973=IFCPOLYLOOP((#3132,#3172,#3165));
#15974=IFCFACEOUTERBOUND(#15973,.T.);
#15975=IFCFACE((#15974));
#15976=IFCPOLYLOOP((#3140,#3172,#3162));
#15977=IFCFACEOUTERBOUND(#15976,.T.);
#15978=IFCFACE((#15977));
#15979=IFCPOLYLOOP((#3174,#3173,#3175));
#15980=IFCFACEOUTERBOUND(#15979,.T.);
#15981=IFCFACE((#15980));
#15982=IFCPOLYLOOP((#3133,#3174,#3175));
#15983=IFCFACEOUTERBOUND(#15982,.T.);
#15984=IFCFACE((#15983));
#15985=IFCPOLYLOOP((#3170,#3174,#3168));
#15986=IFCFACEOUTERBOUND(#15985,.T.);
#15987=IFCFACE((#15986));
#15988=IFCPOLYLOOP((#3173,#3126,#3175));
#15989=IFCFACEOUTERBOUND(#15988,.T.);
#15990=IFCFACE((#15989));
#15991=IFCPOLYLOOP((#3175,#3126,#3176));
#15992=IFCFACEOUTERBOUND(#15991,.T.);
#15993=IFCFACE((#15992));
#15994=IFCPOLYLOOP((#3150,#3176,#3152));
#15995=IFCFACEOUTERBOUND(#15994,.T.);
#15996=IFCFACE((#15995));
#15997=IFCPOLYLOOP((#3175,#3176,#3151));
#15998=IFCFACEOUTERBOUND(#15997,.T.);
#15999=IFCFACE((#15998));
#16000=IFCPOLYLOOP((#3182,#1322,#1321));
#16001=IFCFACEOUTERBOUND(#16000,.T.);
#16002=IFCFACE((#16001));
#16003=IFCPOLYLOOP((#3197,#3183,#3198));
#16004=IFCFACEOUTERBOUND(#16003,.T.);
#16005=IFCFACE((#16004));
#16006=IFCPOLYLOOP((#3180,#3208,#3210));
#16007=IFCFACEOUTERBOUND(#16006,.T.);
#16008=IFCFACE((#16007));
#16009=IFCPOLYLOOP((#3197,#2453,#3184));
#16010=IFCFACEOUTERBOUND(#16009,.T.);
#16011=IFCFACE((#16010));
#16012=IFCPOLYLOOP((#3208,#3180,#3207));
#16013=IFCFACEOUTERBOUND(#16012,.T.);
#16014=IFCFACE((#16013));
#16015=IFCPOLYLOOP((#3183,#3197,#3184));
#16016=IFCFACEOUTERBOUND(#16015,.T.);
#16017=IFCFACE((#16016));
#16018=IFCPOLYLOOP((#1319,#3196,#1320));
#16019=IFCFACEOUTERBOUND(#16018,.T.);
#16020=IFCFACE((#16019));
#16021=IFCPOLYLOOP((#2450,#2455,#3195));
#16022=IFCFACEOUTERBOUND(#16021,.T.);
#16023=IFCFACE((#16022));
#16024=IFCPOLYLOOP((#1319,#1318,#3196));
#16025=IFCFACEOUTERBOUND(#16024,.T.);
#16026=IFCFACE((#16025));
#16027=IFCPOLYLOOP((#3191,#3220,#3225));
#16028=IFCFACEOUTERBOUND(#16027,.T.);
#16029=IFCFACE((#16028));
#16030=IFCPOLYLOOP((#3204,#3206,#3203));
#16031=IFCFACEOUTERBOUND(#16030,.T.);
#16032=IFCFACE((#16031));
#16033=IFCPOLYLOOP((#3195,#2455,#2454));
#16034=IFCFACEOUTERBOUND(#16033,.T.);
#16035=IFCFACE((#16034));
#16036=IFCPOLYLOOP((#1322,#3182,#1323));
#16037=IFCFACEOUTERBOUND(#16036,.T.);
#16038=IFCFACE((#16037));
#16039=IFCPOLYLOOP((#2451,#1489,#3184));
#16040=IFCFACEOUTERBOUND(#16039,.T.);
#16041=IFCFACE((#16040));
#16042=IFCPOLYLOOP((#1324,#1323,#3182));
#16043=IFCFACEOUTERBOUND(#16042,.T.);
#16044=IFCFACE((#16043));
#16045=IFCPOLYLOOP((#3221,#3222,#3193));
#16046=IFCFACEOUTERBOUND(#16045,.T.);
#16047=IFCFACE((#16046));
#16048=IFCPOLYLOOP((#3177,#3225,#3226));
#16049=IFCFACEOUTERBOUND(#16048,.T.);
#16050=IFCFACE((#16049));
#16051=IFCPOLYLOOP((#3184,#2452,#2451));
#16052=IFCFACEOUTERBOUND(#16051,.T.);
#16053=IFCFACE((#16052));
#16054=IFCPOLYLOOP((#3198,#3231,#3197));
#16055=IFCFACEOUTERBOUND(#16054,.T.);
#16056=IFCFACE((#16055));
#16057=IFCPOLYLOOP((#1320,#3207,#1321));
#16058=IFCFACEOUTERBOUND(#16057,.T.);
#16059=IFCFACE((#16058));
#16060=IFCPOLYLOOP((#3178,#3213,#3214));
#16061=IFCFACEOUTERBOUND(#16060,.T.);
#16062=IFCFACE((#16061));
#16063=IFCPOLYLOOP((#3232,#3208,#3207));
#16064=IFCFACEOUTERBOUND(#16063,.T.);
#16065=IFCFACE((#16064));
#16066=IFCPOLYLOOP((#3201,#3188,#3231,#3198));
#16067=IFCFACEOUTERBOUND(#16066,.T.);
#16068=IFCFACE((#16067));
#16069=IFCPOLYLOOP((#3179,#3230,#3223));
#16070=IFCFACEOUTERBOUND(#16069,.T.);
#16071=IFCFACE((#16070));
#16072=IFCPOLYLOOP((#2453,#2452,#3184));
#16073=IFCFACEOUTERBOUND(#16072,.T.);
#16074=IFCFACE((#16073));
#16075=IFCPOLYLOOP((#3207,#3196,#3232));
#16076=IFCFACEOUTERBOUND(#16075,.T.);
#16077=IFCFACE((#16076));
#16078=IFCPOLYLOOP((#3191,#3219,#3218));
#16079=IFCFACEOUTERBOUND(#16078,.T.);
#16080=IFCFACE((#16079));
#16081=IFCPOLYLOOP((#3191,#3225,#3219));
#16082=IFCFACEOUTERBOUND(#16081,.T.);
#16083=IFCFACE((#16082));
#16084=IFCPOLYLOOP((#3206,#3204,#3193));
#16085=IFCFACEOUTERBOUND(#16084,.T.);
#16086=IFCFACE((#16085));
#16087=IFCPOLYLOOP((#3214,#3217,#3194));
#16088=IFCFACEOUTERBOUND(#16087,.T.);
#16089=IFCFACE((#16088));
#16090=IFCPOLYLOOP((#2453,#3197,#2454));
#16091=IFCFACEOUTERBOUND(#16090,.T.);
#16092=IFCFACE((#16091));
#16093=IFCPOLYLOOP((#3207,#3180,#3182));
#16094=IFCFACEOUTERBOUND(#16093,.T.);
#16095=IFCFACE((#16094));
#16096=IFCPOLYLOOP((#1320,#3196,#3207));
#16097=IFCFACEOUTERBOUND(#16096,.T.);
#16098=IFCFACE((#16097));
#16099=IFCPOLYLOOP((#3197,#3195,#2454));
#16100=IFCFACEOUTERBOUND(#16099,.T.);
#16101=IFCFACE((#16100));
#16102=IFCPOLYLOOP((#3199,#3202,#3203));
#16103=IFCFACEOUTERBOUND(#16102,.T.);
#16104=IFCFACE((#16103));
#16105=IFCPOLYLOOP((#3201,#3202,#3199));
#16106=IFCFACEOUTERBOUND(#16105,.T.);
#16107=IFCFACE((#16106));
#16108=IFCPOLYLOOP((#3198,#3183,#3200));
#16109=IFCFACEOUTERBOUND(#16108,.T.);
#16110=IFCFACE((#16109));
#16111=IFCPOLYLOOP((#3202,#3201,#3198));
#16112=IFCFACEOUTERBOUND(#16111,.T.);
#16113=IFCFACE((#16112));
#16114=IFCPOLYLOOP((#3202,#3198,#3200));
#16115=IFCFACEOUTERBOUND(#16114,.T.);
#16116=IFCFACE((#16115));
#16117=IFCPOLYLOOP((#3200,#3181,#3202));
#16118=IFCFACEOUTERBOUND(#16117,.T.);
#16119=IFCFACE((#16118));
#16120=IFCPOLYLOOP((#3199,#3203,#3186));
#16121=IFCFACEOUTERBOUND(#16120,.T.);
#16122=IFCFACE((#16121));
#16123=IFCPOLYLOOP((#3202,#3181,#3203));
#16124=IFCFACEOUTERBOUND(#16123,.T.);
#16125=IFCFACE((#16124));
#16126=IFCPOLYLOOP((#3193,#3222,#3206));
#16127=IFCFACEOUTERBOUND(#16126,.T.);
#16128=IFCFACE((#16127));
#16129=IFCPOLYLOOP((#3203,#3181,#3204));
#16130=IFCFACEOUTERBOUND(#16129,.T.);
#16131=IFCFACE((#16130));
#16132=IFCPOLYLOOP((#3222,#3189,#3205));
#16133=IFCFACEOUTERBOUND(#16132,.T.);
#16134=IFCFACE((#16133));
#16135=IFCPOLYLOOP((#3191,#3218,#3215));
#16136=IFCFACEOUTERBOUND(#16135,.T.);
#16137=IFCFACE((#16136));
#16138=IFCPOLYLOOP((#3203,#3206,#3186));
#16139=IFCFACEOUTERBOUND(#16138,.T.);
#16140=IFCFACE((#16139));
#16141=IFCPOLYLOOP((#3205,#3186,#3206));
#16142=IFCFACEOUTERBOUND(#16141,.T.);
#16143=IFCFACE((#16142));
#16144=IFCPOLYLOOP((#3187,#3215,#3217));
#16145=IFCFACEOUTERBOUND(#16144,.T.);
#16146=IFCFACE((#16145));
#16147=IFCPOLYLOOP((#1321,#3207,#3182));
#16148=IFCFACEOUTERBOUND(#16147,.T.);
#16149=IFCFACE((#16148));
#16150=IFCPOLYLOOP((#3232,#3190,#3211,#3208));
#16151=IFCFACEOUTERBOUND(#16150,.T.);
#16152=IFCFACE((#16151));
#16153=IFCPOLYLOOP((#3213,#3209,#3187));
#16154=IFCFACEOUTERBOUND(#16153,.T.);
#16155=IFCFACE((#16154));
#16156=IFCPOLYLOOP((#3209,#3212,#3211));
#16157=IFCFACEOUTERBOUND(#16156,.T.);
#16158=IFCFACE((#16157));
#16159=IFCPOLYLOOP((#3212,#3209,#3213));
#16160=IFCFACEOUTERBOUND(#16159,.T.);
#16161=IFCFACE((#16160));
#16162=IFCPOLYLOOP((#3212,#3210,#3208));
#16163=IFCFACEOUTERBOUND(#16162,.T.);
#16164=IFCFACE((#16163));
#16165=IFCPOLYLOOP((#3211,#3212,#3208));
#16166=IFCFACEOUTERBOUND(#16165,.T.);
#16167=IFCFACE((#16166));
#16168=IFCPOLYLOOP((#3178,#3210,#3212));
#16169=IFCFACEOUTERBOUND(#16168,.T.);
#16170=IFCFACE((#16169));
#16171=IFCPOLYLOOP((#3187,#3217,#3213));
#16172=IFCFACEOUTERBOUND(#16171,.T.);
#16173=IFCFACE((#16172));
#16174=IFCPOLYLOOP((#3178,#3212,#3213));
#16175=IFCFACEOUTERBOUND(#16174,.T.);
#16176=IFCFACE((#16175));
#16177=IFCPOLYLOOP((#3214,#3213,#3217));
#16178=IFCFACEOUTERBOUND(#16177,.T.);
#16179=IFCFACE((#16178));
#16180=IFCPOLYLOOP((#3219,#3216,#3218));
#16181=IFCFACEOUTERBOUND(#16180,.T.);
#16182=IFCFACE((#16181));
#16183=IFCPOLYLOOP((#3194,#3218,#3216));
#16184=IFCFACEOUTERBOUND(#16183,.T.);
#16185=IFCFACE((#16184));
#16186=IFCPOLYLOOP((#3218,#3217,#3215));
#16187=IFCFACEOUTERBOUND(#16186,.T.);
#16188=IFCFACE((#16187));
#16189=IFCPOLYLOOP((#3217,#3218,#3194));
#16190=IFCFACEOUTERBOUND(#16189,.T.);
#16191=IFCFACE((#16190));
#16192=IFCPOLYLOOP((#3227,#3225,#3220));
#16193=IFCFACEOUTERBOUND(#16192,.T.);
#16194=IFCFACE((#16193));
#16195=IFCPOLYLOOP((#3177,#3216,#3219));
#16196=IFCFACEOUTERBOUND(#16195,.T.);
#16197=IFCFACE((#16196));
#16198=IFCPOLYLOOP((#3219,#3225,#3177));
#16199=IFCFACEOUTERBOUND(#16198,.T.);
#16200=IFCFACE((#16199));
#16201=IFCPOLYLOOP((#3222,#3221,#3223));
#16202=IFCFACEOUTERBOUND(#16201,.T.);
#16203=IFCFACE((#16202));
#16204=IFCPOLYLOOP((#3189,#3222,#3223));
#16205=IFCFACEOUTERBOUND(#16204,.T.);
#16206=IFCFACE((#16205));
#16207=IFCPOLYLOOP((#3206,#3222,#3205));
#16208=IFCFACEOUTERBOUND(#16207,.T.);
#16209=IFCFACE((#16208));
#16210=IFCPOLYLOOP((#3221,#3179,#3223));
#16211=IFCFACEOUTERBOUND(#16210,.T.);
#16212=IFCFACE((#16211));
#16213=IFCPOLYLOOP((#3230,#3228,#3224));
#16214=IFCFACEOUTERBOUND(#16213,.T.);
#16215=IFCFACE((#16214));
#16216=IFCPOLYLOOP((#3192,#3226,#3227,#3228,#3229));
#16217=IFCFACEOUTERBOUND(#16216,.T.);
#16218=IFCFACE((#16217));
#16219=IFCPOLYLOOP((#3223,#3230,#3189));
#16220=IFCFACEOUTERBOUND(#16219,.T.);
#16221=IFCFACE((#16220));
#16222=IFCPOLYLOOP((#3227,#3220,#3185,#3224,#3228));
#16223=IFCFACEOUTERBOUND(#16222,.T.);
#16224=IFCFACE((#16223));
#16225=IFCPOLYLOOP((#3227,#3226,#3225));
#16226=IFCFACEOUTERBOUND(#16225,.T.);
#16227=IFCFACE((#16226));
#16228=IFCPOLYLOOP((#3228,#3230,#3229));
#16229=IFCFACEOUTERBOUND(#16228,.T.);
#16230=IFCFACE((#16229));
#16231=IFCPOLYLOOP((#3229,#3230,#3179));
#16232=IFCFACEOUTERBOUND(#16231,.T.);
#16233=IFCFACE((#16232));
#16234=IFCPOLYLOOP((#3230,#3224,#3189));
#16235=IFCFACEOUTERBOUND(#16234,.T.);
#16236=IFCFACE((#16235));
#16237=IFCPOLYLOOP((#3231,#3195,#3197));
#16238=IFCFACEOUTERBOUND(#16237,.T.);
#16239=IFCFACE((#16238));
#16240=IFCPOLYLOOP((#2620,#2619,#3250));
#16241=IFCFACEOUTERBOUND(#16240,.T.);
#16242=IFCFACE((#16241));
#16243=IFCPOLYLOOP((#3251,#1499,#1498));
#16244=IFCFACEOUTERBOUND(#16243,.T.);
#16245=IFCFACE((#16244));
#16246=IFCPOLYLOOP((#3245,#3246,#3267));
#16247=IFCFACEOUTERBOUND(#16246,.T.);
#16248=IFCFACE((#16247));
#16249=IFCPOLYLOOP((#3264,#2620,#3250));
#16250=IFCFACEOUTERBOUND(#16249,.T.);
#16251=IFCFACE((#16250));
#16252=IFCPOLYLOOP((#2620,#3264,#2621));
#16253=IFCFACEOUTERBOUND(#16252,.T.);
#16254=IFCFACE((#16253));
#16255=IFCPOLYLOOP((#3243,#3272,#3273));
#16256=IFCFACEOUTERBOUND(#16255,.T.);
#16257=IFCFACE((#16256));
#16258=IFCPOLYLOOP((#3264,#2624,#2623));
#16259=IFCFACEOUTERBOUND(#16258,.T.);
#16260=IFCFACE((#16259));
#16261=IFCPOLYLOOP((#3279,#3281,#3280));
#16262=IFCFACEOUTERBOUND(#16261,.T.);
#16263=IFCFACE((#16262));
#16264=IFCPOLYLOOP((#3262,#3263,#3250));
#16265=IFCFACEOUTERBOUND(#16264,.T.);
#16266=IFCFACE((#16265));
#16267=IFCPOLYLOOP((#3271,#3273,#3272));
#16268=IFCFACEOUTERBOUND(#16267,.T.);
#16269=IFCFACE((#16268));
#16270=IFCPOLYLOOP((#3268,#1495,#3252));
#16271=IFCFACEOUTERBOUND(#16270,.T.);
#16272=IFCFACE((#16271));
#16273=IFCPOLYLOOP((#3235,#3281,#3282));
#16274=IFCFACEOUTERBOUND(#16273,.T.);
#16275=IFCFACE((#16274));
#16276=IFCPOLYLOOP((#3267,#3265,#3245));
#16277=IFCFACEOUTERBOUND(#16276,.T.);
#16278=IFCFACE((#16277));
#16279=IFCPOLYLOOP((#3238,#3284,#3257));
#16280=IFCFACEOUTERBOUND(#16279,.T.);
#16281=IFCFACE((#16280));
#16282=IFCPOLYLOOP((#3258,#3287,#3253));
#16283=IFCFACEOUTERBOUND(#16282,.T.);
#16284=IFCFACE((#16283));
#16285=IFCPOLYLOOP((#1497,#3251,#1498));
#16286=IFCFACEOUTERBOUND(#16285,.T.);
#16287=IFCFACE((#16286));
#16288=IFCPOLYLOOP((#1495,#1494,#3252));
#16289=IFCFACEOUTERBOUND(#16288,.T.);
#16290=IFCFACE((#16289));
#16291=IFCPOLYLOOP((#3252,#3248,#3268));
#16292=IFCFACEOUTERBOUND(#16291,.T.);
#16293=IFCFACE((#16292));
#16294=IFCPOLYLOOP((#3288,#3261,#3237));
#16295=IFCFACEOUTERBOUND(#16294,.T.);
#16296=IFCFACE((#16295));
#16297=IFCPOLYLOOP((#3255,#3289,#3254));
#16298=IFCFACEOUTERBOUND(#16297,.T.);
#16299=IFCFACE((#16298));
#16300=IFCPOLYLOOP((#3269,#3251,#3268));
#16301=IFCFACEOUTERBOUND(#16300,.T.);
#16302=IFCFACE((#16301));
#16303=IFCPOLYLOOP((#3278,#3276,#3239));
#16304=IFCFACEOUTERBOUND(#16303,.T.);
#16305=IFCFACE((#16304));
#16306=IFCPOLYLOOP((#1496,#1495,#3268));
#16307=IFCFACEOUTERBOUND(#16306,.T.);
#16308=IFCFACE((#16307));
#16309=IFCPOLYLOOP((#3287,#3291,#3259));
#16310=IFCFACEOUTERBOUND(#16309,.T.);
#16311=IFCFACE((#16310));
#16312=IFCPOLYLOOP((#3234,#3257,#3285));
#16313=IFCFACEOUTERBOUND(#16312,.T.);
#16314=IFCFACE((#16313));
#16315=IFCPOLYLOOP((#1494,#1493,#3252));
#16316=IFCFACEOUTERBOUND(#16315,.T.);
#16317=IFCFACE((#16316));
#16318=IFCPOLYLOOP((#2622,#3264,#2623));
#16319=IFCFACEOUTERBOUND(#16318,.T.);
#16320=IFCFACE((#16319));
#16321=IFCPOLYLOOP((#3274,#3273,#3276));
#16322=IFCFACEOUTERBOUND(#16321,.T.);
#16323=IFCFACE((#16322));
#16324=IFCPOLYLOOP((#2624,#3264,#1492));
#16325=IFCFACEOUTERBOUND(#16324,.T.);
#16326=IFCFACE((#16325));
#16327=IFCPOLYLOOP((#3279,#3247,#3267));
#16328=IFCFACEOUTERBOUND(#16327,.T.);
#16329=IFCFACE((#16328));
#16330=IFCPOLYLOOP((#3263,#3244,#3249));
#16331=IFCFACEOUTERBOUND(#16330,.T.);
#16332=IFCFACE((#16331));
#16333=IFCPOLYLOOP((#3251,#3269,#3241));
#16334=IFCFACEOUTERBOUND(#16333,.T.);
#16335=IFCFACE((#16334));
#16336=IFCPOLYLOOP((#3250,#3263,#3264));
#16337=IFCFACEOUTERBOUND(#16336,.T.);
#16338=IFCFACE((#16337));
#16339=IFCPOLYLOOP((#3255,#3278,#3289));
#16340=IFCFACEOUTERBOUND(#16339,.T.);
#16341=IFCFACE((#16340));
#16342=IFCPOLYLOOP((#1497,#1496,#3268));
#16343=IFCFACEOUTERBOUND(#16342,.T.);
#16344=IFCFACE((#16343));
#16345=IFCPOLYLOOP((#3287,#3259,#3254));
#16346=IFCFACEOUTERBOUND(#16345,.T.);
#16347=IFCFACE((#16346));
#16348=IFCPOLYLOOP((#3284,#3237,#3256));
#16349=IFCFACEOUTERBOUND(#16348,.T.);
#16350=IFCFACE((#16349));
#16351=IFCPOLYLOOP((#3278,#3240,#3276));
#16352=IFCFACEOUTERBOUND(#16351,.T.);
#16353=IFCFACE((#16352));
#16354=IFCPOLYLOOP((#3233,#3285,#3256));
#16355=IFCFACEOUTERBOUND(#16354,.T.);
#16356=IFCFACE((#16355));
#16357=IFCPOLYLOOP((#3258,#3286,#3291));
#16358=IFCFACEOUTERBOUND(#16357,.T.);
#16359=IFCFACE((#16358));
#16360=IFCPOLYLOOP((#3258,#3234,#3286));
#16361=IFCFACEOUTERBOUND(#16360,.T.);
#16362=IFCFACE((#16361));
#16363=IFCPOLYLOOP((#3288,#3238,#3260));
#16364=IFCFACEOUTERBOUND(#16363,.T.);
#16365=IFCFACE((#16364));
#16366=IFCPOLYLOOP((#3289,#3277,#3253));
#16367=IFCFACEOUTERBOUND(#16366,.T.);
#16368=IFCFACE((#16367));
#16369=IFCPOLYLOOP((#3282,#3260,#3235));
#16370=IFCFACEOUTERBOUND(#16369,.T.);
#16371=IFCFACE((#16370));
#16372=IFCPOLYLOOP((#3263,#3262,#3265));
#16373=IFCFACEOUTERBOUND(#16372,.T.);
#16374=IFCFACE((#16373));
#16375=IFCPOLYLOOP((#3244,#3263,#3265));
#16376=IFCFACEOUTERBOUND(#16375,.T.);
#16377=IFCFACE((#16376));
#16378=IFCPOLYLOOP((#3264,#3249,#1492));
#16379=IFCFACEOUTERBOUND(#16378,.T.);
#16380=IFCFACE((#16379));
#16381=IFCPOLYLOOP((#3264,#2622,#2621));
#16382=IFCFACEOUTERBOUND(#16381,.T.);
#16383=IFCFACE((#16382));
#16384=IFCPOLYLOOP((#3249,#3264,#3263));
#16385=IFCFACEOUTERBOUND(#16384,.T.);
#16386=IFCFACE((#16385));
#16387=IFCPOLYLOOP((#3262,#3245,#3265));
#16388=IFCFACEOUTERBOUND(#16387,.T.);
#16389=IFCFACE((#16388));
#16390=IFCPOLYLOOP((#3247,#3266,#3267));
#16391=IFCFACEOUTERBOUND(#16390,.T.);
#16392=IFCFACE((#16391));
#16393=IFCPOLYLOOP((#3267,#3266,#3265));
#16394=IFCFACEOUTERBOUND(#16393,.T.);
#16395=IFCFACE((#16394));
#16396=IFCPOLYLOOP((#3266,#3244,#3265));
#16397=IFCFACEOUTERBOUND(#16396,.T.);
#16398=IFCFACE((#16397));
#16399=IFCPOLYLOOP((#3279,#3267,#3246));
#16400=IFCFACEOUTERBOUND(#16399,.T.);
#16401=IFCFACE((#16400));
#16402=IFCPOLYLOOP((#3268,#3248,#3269));
#16403=IFCFACEOUTERBOUND(#16402,.T.);
#16404=IFCFACE((#16403));
#16405=IFCPOLYLOOP((#3268,#3251,#1497));
#16406=IFCFACEOUTERBOUND(#16405,.T.);
#16407=IFCFACE((#16406));
#16408=IFCPOLYLOOP((#3248,#3242,#3269));
#16409=IFCFACEOUTERBOUND(#16408,.T.);
#16410=IFCFACE((#16409));
#16411=IFCPOLYLOOP((#3283,#3241,#3269));
#16412=IFCFACEOUTERBOUND(#16411,.T.);
#16413=IFCFACE((#16412));
#16414=IFCPOLYLOOP((#3283,#3242,#3272));
#16415=IFCFACEOUTERBOUND(#16414,.T.);
#16416=IFCFACE((#16415));
#16417=IFCPOLYLOOP((#3270,#3272,#3243));
#16418=IFCFACEOUTERBOUND(#16417,.T.);
#16419=IFCFACE((#16418));
#16420=IFCPOLYLOOP((#3283,#3272,#3270));
#16421=IFCFACEOUTERBOUND(#16420,.T.);
#16422=IFCFACE((#16421));
#16423=IFCPOLYLOOP((#3271,#3272,#3242));
#16424=IFCFACEOUTERBOUND(#16423,.T.);
#16425=IFCFACE((#16424));
#16426=IFCPOLYLOOP((#3273,#3271,#3275));
#16427=IFCFACEOUTERBOUND(#16426,.T.);
#16428=IFCFACE((#16427));
#16429=IFCPOLYLOOP((#3239,#3276,#3275));
#16430=IFCFACEOUTERBOUND(#16429,.T.);
#16431=IFCFACE((#16430));
#16432=IFCPOLYLOOP((#3278,#3255,#3240));
#16433=IFCFACEOUTERBOUND(#16432,.T.);
#16434=IFCFACE((#16433));
#16435=IFCPOLYLOOP((#3274,#3243,#3273));
#16436=IFCFACEOUTERBOUND(#16435,.T.);
#16437=IFCFACE((#16436));
#16438=IFCPOLYLOOP((#3275,#3276,#3273));
#16439=IFCFACEOUTERBOUND(#16438,.T.);
#16440=IFCFACE((#16439));
#16441=IFCPOLYLOOP((#3274,#3276,#3240));
#16442=IFCFACEOUTERBOUND(#16441,.T.);
#16443=IFCFACE((#16442));
#16444=IFCPOLYLOOP((#3239,#3277,#3278));
#16445=IFCFACEOUTERBOUND(#16444,.T.);
#16446=IFCFACE((#16445));
#16447=IFCPOLYLOOP((#3289,#3278,#3277));
#16448=IFCFACEOUTERBOUND(#16447,.T.);
#16449=IFCFACE((#16448));
#16450=IFCPOLYLOOP((#3281,#3246,#3236));
#16451=IFCFACEOUTERBOUND(#16450,.T.);
#16452=IFCFACE((#16451));
#16453=IFCPOLYLOOP((#3279,#3246,#3281));
#16454=IFCFACEOUTERBOUND(#16453,.T.);
#16455=IFCFACE((#16454));
#16456=IFCPOLYLOOP((#3280,#3281,#3235));
#16457=IFCFACEOUTERBOUND(#16456,.T.);
#16458=IFCFACE((#16457));
#16459=IFCPOLYLOOP((#3280,#3247,#3279));
#16460=IFCFACEOUTERBOUND(#16459,.T.);
#16461=IFCFACE((#16460));
#16462=IFCPOLYLOOP((#3282,#3281,#3236));
#16463=IFCFACEOUTERBOUND(#16462,.T.);
#16464=IFCFACE((#16463));
#16465=IFCPOLYLOOP((#3236,#3261,#3282));
#16466=IFCFACEOUTERBOUND(#16465,.T.);
#16467=IFCFACE((#16466));
#16468=IFCPOLYLOOP((#3290,#3282,#3261));
#16469=IFCFACEOUTERBOUND(#16468,.T.);
#16470=IFCFACE((#16469));
#16471=IFCPOLYLOOP((#3241,#3283,#3270));
#16472=IFCFACEOUTERBOUND(#16471,.T.);
#16473=IFCFACE((#16472));
#16474=IFCPOLYLOOP((#3242,#3283,#3269));
#16475=IFCFACEOUTERBOUND(#16474,.T.);
#16476=IFCFACE((#16475));
#16477=IFCPOLYLOOP((#3284,#3256,#3285));
#16478=IFCFACEOUTERBOUND(#16477,.T.);
#16479=IFCFACE((#16478));
#16480=IFCPOLYLOOP((#3288,#3284,#3238));
#16481=IFCFACEOUTERBOUND(#16480,.T.);
#16482=IFCFACE((#16481));
#16483=IFCPOLYLOOP((#3285,#3233,#3286));
#16484=IFCFACEOUTERBOUND(#16483,.T.);
#16485=IFCFACE((#16484));
#16486=IFCPOLYLOOP((#3284,#3285,#3257));
#16487=IFCFACEOUTERBOUND(#16486,.T.);
#16488=IFCFACE((#16487));
#16489=IFCPOLYLOOP((#3285,#3286,#3234));
#16490=IFCFACEOUTERBOUND(#16489,.T.);
#16491=IFCFACE((#16490));
#16492=IFCPOLYLOOP((#3259,#3286,#3233));
#16493=IFCFACEOUTERBOUND(#16492,.T.);
#16494=IFCFACE((#16493));
#16495=IFCPOLYLOOP((#3289,#3287,#3254));
#16496=IFCFACEOUTERBOUND(#16495,.T.);
#16497=IFCFACE((#16496));
#16498=IFCPOLYLOOP((#3288,#3260,#3290));
#16499=IFCFACEOUTERBOUND(#16498,.T.);
#16500=IFCFACE((#16499));
#16501=IFCPOLYLOOP((#3284,#3288,#3237));
#16502=IFCFACEOUTERBOUND(#16501,.T.);
#16503=IFCFACE((#16502));
#16504=IFCPOLYLOOP((#3287,#3289,#3253));
#16505=IFCFACEOUTERBOUND(#16504,.T.);
#16506=IFCFACE((#16505));
#16507=IFCPOLYLOOP((#3288,#3290,#3261));
#16508=IFCFACEOUTERBOUND(#16507,.T.);
#16509=IFCFACE((#16508));
#16510=IFCPOLYLOOP((#3260,#3282,#3290));
#16511=IFCFACEOUTERBOUND(#16510,.T.);
#16512=IFCFACE((#16511));
#16513=IFCPOLYLOOP((#3259,#3291,#3286));
#16514=IFCFACEOUTERBOUND(#16513,.T.);
#16515=IFCFACE((#16514));
#16516=IFCPOLYLOOP((#3287,#3258,#3291));
#16517=IFCFACEOUTERBOUND(#16516,.T.);
#16518=IFCFACE((#16517));
#16519=IFCPOLYLOOP((#1019,#1018,#1017,#2813,#3305,#3296,#3314,#3295,#3317,#3298,#3323,#3292,#3327,#3301,#3329,#3300,#3313,#3306,#3308));
#16520=IFCFACEOUTERBOUND(#16519,.T.);
#16521=IFCFACE((#16520));
#16522=IFCPOLYLOOP((#2807,#2806,#3310));
#16523=IFCFACEOUTERBOUND(#16522,.T.);
#16524=IFCFACE((#16523));
#16525=IFCPOLYLOOP((#3315,#3299,#3332));
#16526=IFCFACEOUTERBOUND(#16525,.T.);
#16527=IFCFACE((#16526));
#16528=IFCPOLYLOOP((#3312,#1024,#1023));
#16529=IFCFACEOUTERBOUND(#16528,.T.);
#16530=IFCFACE((#16529));
#16531=IFCPOLYLOOP((#2805,#3310,#2806));
#16532=IFCFACEOUTERBOUND(#16531,.T.);
#16533=IFCFACE((#16532));
#16534=IFCPOLYLOOP((#3305,#3309,#3296));
#16535=IFCFACEOUTERBOUND(#16534,.T.);
#16536=IFCFACE((#16535));
#16537=IFCPOLYLOOP((#2808,#2807,#3310));
#16538=IFCFACEOUTERBOUND(#16537,.T.);
#16539=IFCFACE((#16538));
#16540=IFCPOLYLOOP((#3310,#2805,#2804));
#16541=IFCFACEOUTERBOUND(#16540,.T.);
#16542=IFCFACE((#16541));
#16543=IFCPOLYLOOP((#3310,#2804,#2803));
#16544=IFCFACEOUTERBOUND(#16543,.T.);
#16545=IFCFACE((#16544));
#16546=IFCPOLYLOOP((#1025,#1024,#3312));
#16547=IFCFACEOUTERBOUND(#16546,.T.);
#16548=IFCFACE((#16547));
#16549=IFCPOLYLOOP((#3309,#3310,#3304));
#16550=IFCFACEOUTERBOUND(#16549,.T.);
#16551=IFCFACE((#16550));
#16552=IFCPOLYLOOP((#3326,#3324,#3293));
#16553=IFCFACEOUTERBOUND(#16552,.T.);
#16554=IFCFACE((#16553));
#16555=IFCPOLYLOOP((#3312,#1030,#1029));
#16556=IFCFACEOUTERBOUND(#16555,.T.);
#16557=IFCFACE((#16556));
#16558=IFCPOLYLOOP((#3333,#3304,#3294));
#16559=IFCFACEOUTERBOUND(#16558,.T.);
#16560=IFCFACE((#16559));
#16561=IFCPOLYLOOP((#3312,#1029,#1028));
#16562=IFCFACEOUTERBOUND(#16561,.T.);
#16563=IFCFACE((#16562));
#16564=IFCPOLYLOOP((#2810,#3310,#2811));
#16565=IFCFACEOUTERBOUND(#16564,.T.);
#16566=IFCFACE((#16565));
#16567=IFCPOLYLOOP((#3307,#3311,#3332));
#16568=IFCFACEOUTERBOUND(#16567,.T.);
#16569=IFCFACE((#16568));
#16570=IFCPOLYLOOP((#2813,#2812,#3310));
#16571=IFCFACEOUTERBOUND(#16570,.T.);
#16572=IFCFACE((#16571));
#16573=IFCPOLYLOOP((#3315,#3313,#3300));
#16574=IFCFACEOUTERBOUND(#16573,.T.);
#16575=IFCFACE((#16574));
#16576=IFCPOLYLOOP((#2802,#2801,#3304));
#16577=IFCFACEOUTERBOUND(#16576,.T.);
#16578=IFCFACE((#16577));
#16579=IFCPOLYLOOP((#1031,#1030,#3307));
#16580=IFCFACEOUTERBOUND(#16579,.T.);
#16581=IFCFACE((#16580));
#16582=IFCPOLYLOOP((#3312,#1026,#1025));
#16583=IFCFACEOUTERBOUND(#16582,.T.);
#16584=IFCFACE((#16583));
#16585=IFCPOLYLOOP((#3310,#2809,#2808));
#16586=IFCFACEOUTERBOUND(#16585,.T.);
#16587=IFCFACE((#16586));
#16588=IFCPOLYLOOP((#3309,#3305,#3310));
#16589=IFCFACEOUTERBOUND(#16588,.T.);
#16590=IFCFACE((#16589));
#16591=IFCPOLYLOOP((#3328,#3303,#3315));
#16592=IFCFACEOUTERBOUND(#16591,.T.);
#16593=IFCFACE((#16592));
#16594=IFCPOLYLOOP((#1020,#1019,#3308));
#16595=IFCFACEOUTERBOUND(#16594,.T.);
#16596=IFCFACE((#16595));
#16597=IFCPOLYLOOP((#3314,#3333,#3318));
#16598=IFCFACEOUTERBOUND(#16597,.T.);
#16599=IFCFACE((#16598));
#16600=IFCPOLYLOOP((#3318,#3333,#3294));
#16601=IFCFACEOUTERBOUND(#16600,.T.);
#16602=IFCFACE((#16601));
#16603=IFCPOLYLOOP((#2803,#2802,#3304));
#16604=IFCFACEOUTERBOUND(#16603,.T.);
#16605=IFCFACE((#16604));
#16606=IFCPOLYLOOP((#1026,#3312,#1027));
#16607=IFCFACEOUTERBOUND(#16606,.T.);
#16608=IFCFACE((#16607));
#16609=IFCPOLYLOOP((#2810,#2809,#3310));
#16610=IFCFACEOUTERBOUND(#16609,.T.);
#16611=IFCFACE((#16610));
#16612=IFCPOLYLOOP((#3307,#3312,#3311));
#16613=IFCFACEOUTERBOUND(#16612,.T.);
#16614=IFCFACE((#16613));
#16615=IFCPOLYLOOP((#3310,#2812,#2811));
#16616=IFCFACEOUTERBOUND(#16615,.T.);
#16617=IFCFACE((#16616));
#16618=IFCPOLYLOOP((#3315,#3332,#3313));
#16619=IFCFACEOUTERBOUND(#16618,.T.);
#16620=IFCFACE((#16619));
#16621=IFCPOLYLOOP((#3297,#3320,#3319));
#16622=IFCFACEOUTERBOUND(#16621,.T.);
#16623=IFCFACE((#16622));
#16624=IFCPOLYLOOP((#3328,#3329,#3330));
#16625=IFCFACEOUTERBOUND(#16624,.T.);
#16626=IFCFACE((#16625));
#16627=IFCPOLYLOOP((#3312,#1020,#3308));
#16628=IFCFACEOUTERBOUND(#16627,.T.);
#16629=IFCFACE((#16628));
#16630=IFCPOLYLOOP((#3312,#1021,#1020));
#16631=IFCFACEOUTERBOUND(#16630,.T.);
#16632=IFCFACE((#16631));
#16633=IFCPOLYLOOP((#3322,#3324,#3323));
#16634=IFCFACEOUTERBOUND(#16633,.T.);
#16635=IFCFACE((#16634));
#16636=IFCPOLYLOOP((#3311,#3308,#3306));
#16637=IFCFACEOUTERBOUND(#16636,.T.);
#16638=IFCFACE((#16637));
#16639=IFCPOLYLOOP((#3308,#3311,#3312));
#16640=IFCFACEOUTERBOUND(#16639,.T.);
#16641=IFCFACE((#16640));
#16642=IFCPOLYLOOP((#3324,#3321,#3293));
#16643=IFCFACEOUTERBOUND(#16642,.T.);
#16644=IFCFACE((#16643));
#16645=IFCPOLYLOOP((#3312,#1028,#1027));
#16646=IFCFACEOUTERBOUND(#16645,.T.);
#16647=IFCFACE((#16646));
#16648=IFCPOLYLOOP((#3314,#3318,#3295));
#16649=IFCFACEOUTERBOUND(#16648,.T.);
#16650=IFCFACE((#16649));
#16651=IFCPOLYLOOP((#1022,#3312,#1023));
#16652=IFCFACEOUTERBOUND(#16651,.T.);
#16653=IFCFACE((#16652));
#16654=IFCPOLYLOOP((#1022,#1021,#3312));
#16655=IFCFACEOUTERBOUND(#16654,.T.);
#16656=IFCFACE((#16655));
#16657=IFCPOLYLOOP((#3293,#3325,#3326));
#16658=IFCFACEOUTERBOUND(#16657,.T.);
#16659=IFCFACE((#16658));
#16660=IFCPOLYLOOP((#3313,#3332,#3306));
#16661=IFCFACEOUTERBOUND(#16660,.T.);
#16662=IFCFACE((#16661));
#16663=IFCPOLYLOOP((#3304,#3310,#2803));
#16664=IFCFACEOUTERBOUND(#16663,.T.);
#16665=IFCFACE((#16664));
#16666=IFCPOLYLOOP((#3307,#1030,#3312));
#16667=IFCFACEOUTERBOUND(#16666,.T.);
#16668=IFCFACE((#16667));
#16669=IFCPOLYLOOP((#3310,#3305,#2813));
#16670=IFCFACEOUTERBOUND(#16669,.T.);
#16671=IFCFACE((#16670));
#16672=IFCPOLYLOOP((#3328,#3315,#3300));
#16673=IFCFACEOUTERBOUND(#16672,.T.);
#16674=IFCFACE((#16673));
#16675=IFCPOLYLOOP((#3309,#3333,#3296));
#16676=IFCFACEOUTERBOUND(#16675,.T.);
#16677=IFCFACE((#16676));
#16678=IFCPOLYLOOP((#3303,#3299,#3315));
#16679=IFCFACEOUTERBOUND(#16678,.T.);
#16680=IFCFACE((#16679));
#16681=IFCPOLYLOOP((#3294,#3316,#3318));
#16682=IFCFACEOUTERBOUND(#16681,.T.);
#16683=IFCFACE((#16682));
#16684=IFCPOLYLOOP((#3320,#3317,#3319));
#16685=IFCFACEOUTERBOUND(#16684,.T.);
#16686=IFCFACE((#16685));
#16687=IFCPOLYLOOP((#3295,#3319,#3317));
#16688=IFCFACEOUTERBOUND(#16687,.T.);
#16689=IFCFACE((#16688));
#16690=IFCPOLYLOOP((#3319,#3318,#3316));
#16691=IFCFACEOUTERBOUND(#16690,.T.);
#16692=IFCFACE((#16691));
#16693=IFCPOLYLOOP((#3318,#3319,#3295));
#16694=IFCFACEOUTERBOUND(#16693,.T.);
#16695=IFCFACE((#16694));
#16696=IFCPOLYLOOP((#3297,#3319,#3316));
#16697=IFCFACEOUTERBOUND(#16696,.T.);
#16698=IFCFACE((#16697));
#16699=IFCPOLYLOOP((#3297,#3321,#3322));
#16700=IFCFACEOUTERBOUND(#16699,.T.);
#16701=IFCFACE((#16700));
#16702=IFCPOLYLOOP((#3298,#3317,#3320));
#16703=IFCFACEOUTERBOUND(#16702,.T.);
#16704=IFCFACE((#16703));
#16705=IFCPOLYLOOP((#3322,#3298,#3320));
#16706=IFCFACEOUTERBOUND(#16705,.T.);
#16707=IFCFACE((#16706));
#16708=IFCPOLYLOOP((#3322,#3320,#3297));
#16709=IFCFACEOUTERBOUND(#16708,.T.);
#16710=IFCFACE((#16709));
#16711=IFCPOLYLOOP((#3322,#3321,#3324));
#16712=IFCFACEOUTERBOUND(#16711,.T.);
#16713=IFCFACE((#16712));
#16714=IFCPOLYLOOP((#3323,#3324,#3292));
#16715=IFCFACEOUTERBOUND(#16714,.T.);
#16716=IFCFACE((#16715));
#16717=IFCPOLYLOOP((#3323,#3298,#3322));
#16718=IFCFACEOUTERBOUND(#16717,.T.);
#16719=IFCFACE((#16718));
#16720=IFCPOLYLOOP((#3331,#3327,#3326));
#16721=IFCFACEOUTERBOUND(#16720,.T.);
#16722=IFCFACE((#16721));
#16723=IFCPOLYLOOP((#3302,#3330,#3331));
#16724=IFCFACEOUTERBOUND(#16723,.T.);
#16725=IFCFACE((#16724));
#16726=IFCPOLYLOOP((#3324,#3326,#3292));
#16727=IFCFACEOUTERBOUND(#16726,.T.);
#16728=IFCFACE((#16727));
#16729=IFCPOLYLOOP((#3325,#3302,#3331));
#16730=IFCFACEOUTERBOUND(#16729,.T.);
#16731=IFCFACE((#16730));
#16732=IFCPOLYLOOP((#3329,#3301,#3330));
#16733=IFCFACEOUTERBOUND(#16732,.T.);
#16734=IFCFACE((#16733));
#16735=IFCPOLYLOOP((#3327,#3292,#3326));
#16736=IFCFACEOUTERBOUND(#16735,.T.);
#16737=IFCFACE((#16736));
#16738=IFCPOLYLOOP((#3302,#3303,#3328));
#16739=IFCFACEOUTERBOUND(#16738,.T.);
#16740=IFCFACE((#16739));
#16741=IFCPOLYLOOP((#3328,#3300,#3329));
#16742=IFCFACEOUTERBOUND(#16741,.T.);
#16743=IFCFACE((#16742));
#16744=IFCPOLYLOOP((#3330,#3301,#3331));
#16745=IFCFACEOUTERBOUND(#16744,.T.);
#16746=IFCFACE((#16745));
#16747=IFCPOLYLOOP((#3328,#3330,#3302));
#16748=IFCFACEOUTERBOUND(#16747,.T.);
#16749=IFCFACE((#16748));
#16750=IFCPOLYLOOP((#3327,#3331,#3301));
#16751=IFCFACEOUTERBOUND(#16750,.T.);
#16752=IFCFACE((#16751));
#16753=IFCPOLYLOOP((#3326,#3325,#3331));
#16754=IFCFACEOUTERBOUND(#16753,.T.);
#16755=IFCFACE((#16754));
#16756=IFCPOLYLOOP((#3307,#3332,#3299));
#16757=IFCFACEOUTERBOUND(#16756,.T.);
#16758=IFCFACE((#16757));
#16759=IFCPOLYLOOP((#3332,#3311,#3306));
#16760=IFCFACEOUTERBOUND(#16759,.T.);
#16761=IFCFACE((#16760));
#16762=IFCPOLYLOOP((#3296,#3333,#3314));
#16763=IFCFACEOUTERBOUND(#16762,.T.);
#16764=IFCFACE((#16763));
#16765=IFCPOLYLOOP((#3333,#3309,#3304));
#16766=IFCFACEOUTERBOUND(#16765,.T.);
#16767=IFCFACE((#16766));
#16768=IFCPOLYLOOP((#1135,#1031,#3307,#3299,#3303,#3302,#3325,#3293,#3321,#3297,#3316,#3294,#3304,#2801,#1136));
#16769=IFCFACEOUTERBOUND(#16768,.T.);
#16770=IFCFACE((#16769));
#16771=IFCCLOSEDSHELL((#3336,#3339,#3342,#3345,#3348,#3351,#3354,#3357,#3360,#3363,#3366,#3369,#3372,#3375,#3378,#3381,#3384,#3387,#3390,#3393,#3396,#3399,#3402,#3405,#3408,#3411,#3414,#3417,#3420,#3423,#3426,#3429,#3432,#3435,#3438,#3441,#3444,#3447,#3450,#3453,#3456,#3459,#3462,#3465,#3468,#3471,#3474,#3477,#3480,#3483,#3486,#3489,#3492,#3495,#3498,#3501,#3504,#3507,#3510,#3513,#3516,#3519,#3522,#3525,#3528,#3531,#3534,#3537,#3540,#3543,#3546,#3549,#3552,#3555,#3558,#3561,#3564,#3567,#3570,#3573,#3576,#3579,#3582,#3585,#3588,#3591,#3594,#3597,#3600,#3603,#3606,#3609,#3612,#3615,#3618,#3621,#3624,#3627,#3630,#3633,#3636,#3639,#3642,#3645,#3648,#3651,#3654,#3657,#3660,#3663,#3666,#3669,#3672,#3675,#3678,#3681,#3684,#3687,#3690,#3693,#3696,#3699,#3702,#3705,#3708,#3711,#3714,#3717,#3720,#3723,#3726,#3729,#3732,#3735,#3738,#3741,#3744,#3747,#3750,#3753,#3756,#3759,#3762,#3765,#3768,#3771,#3774,#3777,#3780,#3783,#3786,#3789,#3792,#3795,#3798,#3801,#3804,#3807,#3810,#3813,#3816,#3819,#3822,#3825,#3828,#3831,#3834,#3837,#3840,#3843,#3846,#3849,#3852,#3855,#3858,#3861,#3864,#3867,#3870,#3873,#3876,#3879,#3882,#3885,#3888,#3891,#3894,#3897,#3900,#3903,#3906,#3909,#3912,#3915,#3918,#3921,#3924,#3927,#3930,#3933,#3936,#3939,#3942,#3945,#3948,#3951,#3954,#3957,#3960,#3963,#3966,#3969,#3972,#3975,#3978,#3981,#3984,#3987,#3990,#3993,#3996,#3999,#4002,#4005,#4008,#4011,#4014,#4017,#4020,#4023,#4026,#4029,#4032,#4035,#4038,#4041,#4044,#4047,#4050,#4053,#4056,#4059,#4062,#4065,#4068,#4071,#4074,#4077,#4080,#4083,#4086,#4089,#4092,#4095,#4098,#4101,#4104,#4107,#4110,#4113,#4116,#4119,#4122,#4125,#4128,#4131,#4134,#4137,#4140,#4143,#4146,#4149,#4152,#4155,#4158,#4161,#4164,#4167,#4170,#4173,#4176,#4179,#4182,#4185,#4188,#4191,#4194,#4197,#4200,#4203,#4206,#4209,#4212,#4215,#4218,#4221,#4224,#4227,#4230,#4233,#4236,#4239,#4242,#4245,#4248,#4251,#4254,#4257,#4260,#4263,#4266,#4269,#4272,#4275,#4278,#4281,#4284,#4287,#4290,#4293,#4296,#4299,#4302,#4305,#4308,#4311,#4314,#4317,#4320,#4323,#4326,#4329,#4332,#4335,#4338,#4341,#4344,#4347,#4350,#4353,#4356,#4359,#4362,#4365,#4368,#4371,#4374,#4377,#4380,#4383,#4386,#4389,#4392,#4395,#4398,#4401,#4404,#4407,#4410,#4413,#4416,#4419,#4422,#4425,#4428,#4431,#4434,#4437,#4440,#4443,#4446,#4449,#4452,#4455,#4458,#4461,#4464,#4467,#4470,#4473,#4476,#4479,#4482,#4485,#4488,#4491,#4494,#4497,#4500,#4503,#4506,#4509,#4512,#4515,#4518,#4521,#4524,#4527,#4530,#4533,#4536,#4539,#4542,#4545,#4548,#4551,#4554,#4557,#4560,#4563,#4566,#4569,#4572,#4575,#4578,#4581,#4584,#4587,#4590,#4593,#4596,#4599,#4602,#4605,#4608,#4611,#4614,#4617,#4620,#4623,#4626,#4629,#4632,#4635,#4638,#4641,#4644,#4647,#4650,#4653,#4656,#4659,#4662,#4665,#4668,#4671,#4674,#4677,#4680,#4683,#4686,#4689,#4692,#4695,#4698,#4701,#4704,#4707,#4710,#4713,#4716,#4719,#4722,#4725,#4728,#4731,#4734,#4737,#4740,#4743,#4746,#4749,#4752,#4755,#4758,#4761,#4764,#4767,#4770,#4773,#4776,#4779,#4782,#4785,#4788,#4791,#4794,#4797,#4800,#4803,#4806,#4809,#4812,#4815,#4818,#4821,#4824,#4827,#4830,#4833,#4836,#4839,#4842,#4845,#4848,#4851,#4854,#4857,#4860,#4863,#4866,#4869,#4872,#4875,#4878,#4881,#4884,#4887,#4890,#4893,#4896,#4899,#4902,#4905,#4908,#4911,#4914,#4917,#4920,#4923,#4926,#4929,#4932,#4935,#4938,#4941,#4944,#4947,#4950,#4953,#4956,#4959,#4962,#4965,#4968,#4971,#4974,#4977,#4980,#4983,#4986,#4989,#4992,#4995,#4998,#5001,#5004,#5007,#5010,#5013,#5016,#5019,#5022,#5025,#5028,#5031,#5034,#5037,#5040,#5043,#5046,#5049,#5052,#5055,#5058,#5061,#5064,#5067,#5070,#5073,#5076,#5079,#5082,#5085,#5088,#5091,#5094,#5097,#5100,#5103,#5106,#5109,#5112,#5115,#5118,#5121,#5124,#5127,#5130,#5133,#5136,#5139,#5142,#5145,#5148,#5151,#5154,#5157,#5160,#5163,#5166,#5169,#5172,#5175,#5178,#5181,#5184,#5187,#5190,#5193,#5196,#5199,#5202,#5205,#5208,#5211,#5214,#5217,#5220,#5223,#5226,#5229,#5232,#5235,#5238,#5241,#5244,#5247,#5250,#5253,#5256,#5259,#5262,#5265,#5268,#5271,#5274,#5277,#5280,#5283,#5286,#5289,#5292,#5295,#5298,#5301,#5304,#5307,#5310,#5313,#5316,#5319,#5322,#5325,#5328,#5331,#5334,#5337,#5340,#5343,#5346,#5349,#5352,#5355,#5358,#5361,#5364,#5367,#5370,#5373,#5376,#5379,#5382,#5385,#5388,#5391,#5394,#5397,#5400,#5403,#5406,#5409,#5412,#5415,#5418,#5421,#5424,#5427,#5430,#5433,#5436,#5439,#5442,#5445,#5448,#5451,#5454,#5457,#5460,#5463,#5466,#5469,#5472,#5475,#5478,#5481,#5484,#5487,#5490,#5493,#5496,#5499,#5502,#5505,#5508,#5511,#5514,#5517,#5520,#5523,#5526,#5529,#5532,#5535,#5538,#5541,#5544,#5547,#5550,#5553,#5556,#5559,#5562,#5565,#5568,#5571,#5574,#5577,#5580,#5583,#5586,#5589,#5592,#5595,#5598,#5601,#5604,#5607,#5610,#5613,#5616,#5619,#5622,#5625,#5628,#5631,#5634,#5637,#5640,#5643,#5646,#5649,#5652,#5655,#5658,#5661,#5664,#5667,#5670,#5673,#5676,#5679,#5682,#5685,#5688,#5691,#5694,#5697,#5700,#5703,#5706,#5709,#5712,#5715,#5718,#5721,#5724,#5727,#5730,#5733,#5736,#5739,#5742,#5745,#5748,#5751,#5754,#5757,#5760,#5763,#5766,#5769,#5772,#5775,#5778,#5781,#5784,#5787,#5790,#5793,#5796,#5799,#5802,#5805,#5808,#5811,#5814,#5817,#5820,#5823,#5826,#5829,#5832,#5835,#5838,#5841,#5844,#5847,#5850,#5853,#5856,#5859,#5862,#5865,#5868,#5871,#5874,#5877,#5880,#5883,#5886,#5889,#5892,#5895,#5898,#5901,#5904,#5907,#5910,#5913,#5916,#5919,#5922,#5925,#5928,#5931,#5934,#5937,#5940,#5943,#5946,#5949,#5952,#5955,#5958,#5961,#5964,#5967,#5970,#5973,#5976,#5979,#5982,#5985,#5988,#5991,#5994,#5997,#6000,#6003,#6006,#6009,#6012,#6015,#6018,#6021,#6024,#6027,#6030,#6033,#6036,#6039,#6042,#6045,#6048,#6051,#6054,#6057,#6060,#6063,#6066,#6069,#6072,#6075,#6078,#6081,#6084,#6087,#6090,#6093,#6096,#6099,#6102,#6105,#6108,#6111,#6114,#6117,#6120,#6123,#6126,#6129,#6132,#6135,#6138,#6141,#6144,#6147,#6150,#6153,#6156,#6159,#6162,#6165,#6168,#6171,#6174,#6177,#6180,#6183,#6186,#6189,#6192,#6195,#6198,#6201,#6204,#6207,#6210,#6213,#6216,#6219,#6222,#6225,#6228,#6231,#6234,#6237,#6240,#6243,#6246,#6249,#6252,#6255,#6258,#6261,#6264,#6267,#6270,#6273,#6276,#6279,#6282,#6285,#6288,#6291,#6294,#6297,#6300,#6303,#6306,#6309,#6312,#6315,#6318,#6321,#6324,#6327,#6330,#6333,#6336,#6339,#6342,#6345,#6348,#6351,#6354,#6357,#6360,#6363,#6366,#6369,#6372,#6375,#6378,#6381,#6384,#6387,#6390,#6393,#6396,#6399,#6402,#6405,#6408,#6411,#6414,#6417,#6420,#6423,#6426,#6429,#6432,#6435,#6438,#6441,#6444,#6447,#6450,#6453,#6456,#6459,#6462,#6465,#6468,#6471,#6474,#6477,#6480,#6483,#6486,#6489,#6492,#6495,#6498,#6501,#6504,#6507,#6510,#6513,#6516,#6519,#6522,#6525,#6528,#6531,#6534,#6537,#6540,#6543,#6546,#6549,#6552,#6555,#6558,#6561,#6564,#6567,#6570,#6573,#6576,#6579,#6582,#6585,#6588,#6591,#6594,#6597,#6600,#6603,#6606,#6609,#6612,#6615,#6618,#6621,#6624,#6627,#6630,#6633,#6636,#6639,#6642,#6645,#6648,#6651,#6654,#6657,#6660,#6663,#6666,#6669,#6672,#6675,#6678,#6681,#6684,#6687,#6690,#6693,#6696,#6699,#6702,#6705,#6708,#6711,#6714,#6717,#6720,#6723,#6726,#6729,#6732,#6735,#6738,#6741,#6744,#6747,#6750,#6753,#6756,#6759,#6762,#6765,#6768,#6771,#6774,#6777,#6780,#6783,#6786,#6789,#6792,#6795,#6798,#6801,#6804,#6807,#6810,#6813,#6816,#6819,#6822,#6825,#6828,#6831,#6834,#6837,#6840,#6843,#6846,#6849,#6852,#6855,#6858,#6861,#6864,#6867,#6870,#6873,#6876,#6879,#6882,#6885,#6888,#6891,#6894,#6897,#6900,#6903,#6906,#6909,#6912,#6915,#6918,#6921,#6924,#6927,#6930,#6933,#6936,#6939,#6942,#6945,#6948,#6951,#6954,#6957,#6960,#6963,#6966,#6969,#6972,#6975,#6978,#6981,#6984,#6987,#6990,#6993,#6996,#6999,#7002,#7005,#7008,#7011,#7014,#7017,#7020,#7023,#7026,#7029,#7032,#7035,#7038,#7041,#7044,#7047,#7050,#7053,#7056,#7059,#7062,#7065,#7068,#7071,#7074,#7077,#7080,#7083,#7086,#7089,#7092,#7095,#7098,#7101,#7104,#7107,#7110,#7113,#7116,#7119,#7122,#7125,#7128,#7131,#7134,#7137,#7140,#7143,#7146,#7149,#7152,#7155,#7158,#7161,#7164,#7167,#7170,#7173,#7176,#7179,#7182,#7185,#7188,#7191,#7194,#7197,#7200,#7203,#7206,#7209,#7212,#7215,#7218,#7221,#7224,#7227,#7230,#7233,#7236,#7239,#7242,#7245,#7248,#7251,#7254,#7257,#7260,#7263,#7266,#7269,#7272,#7275,#7278,#7281,#7284,#7287,#7290,#7293,#7296,#7299,#7302,#7305,#7308,#7311,#7314,#7317,#7320,#7323,#7326,#7329,#7332,#7335,#7338,#7341,#7344,#7347,#7350,#7353,#7356,#7359,#7362,#7365,#7368,#7371,#7374,#7377,#7380,#7383,#7386,#7389,#7392,#7395,#7398,#7401,#7404,#7407,#7410,#7413,#7416,#7419,#7422,#7425,#7428,#7431,#7434,#7437,#7440,#7443,#7446,#7449,#7452,#7455,#7458,#7461,#7464,#7467,#7470,#7473,#7476,#7479,#7482,#7485,#7488,#7491,#7494,#7497,#7500,#7503,#7506,#7509,#7512,#7515,#7518,#7521,#7524,#7527,#7530,#7533,#7536,#7539,#7542,#7545,#7548,#7551,#7554,#7557,#7560,#7563,#7566,#7569,#7572,#7575,#7578,#7581,#7584,#7587,#7590,#7593,#7596,#7599,#7602,#7605,#7608,#7611,#7614,#7617,#7620,#7623,#7626,#7629,#7632,#7635,#7638,#7641,#7644,#7647,#7650,#7653,#7656,#7659,#7662,#7665,#7668,#7671,#7674,#7677,#7680,#7683,#7686,#7689,#7692,#7695,#7698,#7701,#7704,#7707,#7710,#7713,#7716,#7719,#7722,#7725,#7728,#7731,#7734,#7737,#7740,#7743,#7746,#7749,#7752,#7755,#7758,#7761,#7764,#7767,#7770,#7773,#7776,#7779,#7782,#7785,#7788,#7791,#7794,#7797,#7800,#7803,#7806,#7809,#7812,#7815,#7818,#7821,#7824,#7827,#7830,#7833,#7836,#7839,#7842,#7845,#7848,#7851,#7854,#7857,#7860,#7863,#7866,#7869,#7872,#7875,#7878,#7881,#7884,#7887,#7890,#7893,#7896,#7899,#7902,#7905,#7908,#7911,#7914,#7917,#7920,#7923,#7926,#7929,#7932,#7935,#7938,#7941,#7944,#7947,#7950,#7953,#7956,#7959,#7962,#7965,#7968,#7971,#7974,#7977,#7980,#7983,#7986,#7989,#7992,#7995,#7998,#8001,#8004,#8007,#8010,#8013,#8016,#8019,#8022,#8025,#8028,#8031,#8034,#8037,#8040,#8043,#8046,#8049,#8052,#8055,#8058,#8061,#8064,#8067,#8070,#8073,#8076,#8079,#8082,#8085,#8088,#8091,#8094,#8097,#8100,#8103,#8106,#8109,#8112,#8115,#8118,#8121,#8124,#8127,#8130,#8133,#8136,#8139,#8142,#8145,#8148,#8151,#8154,#8157,#8160,#8163,#8166,#8169,#8172,#8175,#8178,#8181,#8184,#8187,#8190,#8193,#8196,#8199,#8202,#8205,#8208,#8211,#8214,#8217,#8220,#8223,#8226,#8229,#8232,#8235,#8238,#8241,#8244,#8247,#8250,#8253,#8256,#8259,#8262,#8265,#8268,#8271,#8274,#8277,#8280,#8283,#8286,#8289,#8292,#8295,#8298,#8301,#8304,#8307,#8310,#8313,#8316,#8319,#8322,#8325,#8328,#8331,#8334,#8337,#8340,#8343,#8346,#8349,#8352,#8355,#8358,#8361,#8364,#8367,#8370,#8373,#8376,#8379,#8382,#8385,#8388,#8391,#8394,#8397,#8400,#8403,#8406,#8409,#8412,#8415,#8418,#8421,#8424,#8427,#8430,#8433,#8436,#8439,#8442,#8445,#8448,#8451,#8454,#8457,#8460,#8463,#8466,#8469,#8472,#8475,#8478,#8481,#8484,#8487,#8490,#8493,#8496,#8499,#8502,#8505,#8508,#8511,#8514,#8517,#8520,#8523,#8526,#8529,#8532,#8535,#8538,#8541,#8544,#8547,#8550,#8553,#8556,#8559,#8562,#8565,#8568,#8571,#8574,#8577,#8580,#8583,#8586,#8589,#8592,#8595,#8598,#8601,#8604,#8607,#8610,#8613,#8616,#8619,#8622,#8625,#8628,#8631,#8634,#8637,#8640,#8643,#8646,#8649,#8652,#8655,#8658,#8661,#8664,#8667,#8670,#8673,#8676,#8679,#8682,#8685,#8688,#8691,#8694,#8697,#8700,#8703,#8706,#8709,#8712,#8715,#8718,#8721,#8724,#8727,#8730,#8733,#8736,#8739,#8742,#8745,#8748,#8751,#8754,#8757,#8760,#8763,#8766,#8769,#8772,#8775,#8778,#8781,#8784,#8787,#8790,#8793,#8796,#8799,#8802,#8805,#8808,#8811,#8814,#8817,#8820,#8823,#8826,#8829,#8832,#8835,#8838,#8841,#8844,#8847,#8850,#8853,#8856,#8859,#8862,#8865,#8868,#8871,#8874,#8877,#8880,#8883,#8886,#8889,#8892,#8895,#8898,#8901,#8904,#8907,#8910,#8913,#8916,#8919,#8922,#8925,#8928,#8931,#8934,#8937,#8940,#8943,#8946,#8949,#8952,#8955,#8958,#8961,#8964,#8967,#8970,#8973,#8976,#8979,#8982,#8985,#8988,#8991,#8994,#8997,#9000,#9003,#9006,#9009,#9012,#9015,#9018,#9021,#9024,#9027,#9030,#9033,#9036,#9039,#9042,#9045,#9048,#9051,#9054,#9057,#9060,#9063,#9066,#9069,#9072,#9075,#9078,#9081,#9084,#9087,#9090,#9093,#9096,#9099,#9102,#9105,#9108,#9111,#9114,#9117,#9120,#9123,#9126,#9129,#9132,#9135,#9138,#9141,#9144,#9147,#9150,#9153,#9156,#9159,#9162,#9165,#9168,#9171,#9174,#9177,#9180,#9183,#9186,#9189,#9192,#9195,#9198,#9201,#9204,#9207,#9210,#9213,#9216,#9219,#9222,#9225,#9228,#9231,#9234,#9237,#9240,#9243,#9246,#9249,#9252,#9255,#9258,#9261,#9264,#9267,#9270,#9273,#9276,#9279,#9282,#9285,#9288,#9291,#9294,#9297,#9300,#9303,#9306,#9309,#9312,#9315,#9318,#9321,#9324,#9327,#9330,#9333,#9336,#9339,#9342,#9345,#9348,#9351,#9354,#9357,#9360,#9363,#9366,#9369,#9372,#9375,#9378,#9381,#9384,#9387,#9390,#9393,#9396,#9399,#9402,#9405,#9408,#9411,#9414,#9417,#9420,#9423,#9426,#9429,#9432,#9435,#9438,#9441,#9444,#9447,#9450,#9453,#9456,#9459,#9462,#9465,#9468,#9471,#9474,#9477,#9480,#9483,#9486,#9489,#9492,#9495,#9498,#9501,#9504,#9507,#9510,#9513,#9516,#9519,#9522,#9525,#9528,#9531,#9534,#9537,#9540,#9543,#9546,#9549,#9552,#9555,#9558,#9561,#9564,#9567,#9570,#9573,#9576,#9579,#9582,#9585,#9588,#9591,#9594,#9597,#9600,#9603,#9606,#9609,#9612,#9615,#9618,#9621,#9624,#9627,#9630,#9633,#9636,#9639,#9642,#9645,#9648,#9651,#9654,#9657,#9660,#9663,#9666,#9669,#9672,#9675,#9678,#9681,#9684,#9687,#9690,#9693,#9696,#9699,#9702,#9705,#9708,#9711,#9714,#9717,#9720,#9723,#9726,#9729,#9732,#9735,#9738,#9741,#9744,#9747,#9750,#9753,#9756,#9759,#9762,#9765,#9768,#9771,#9774,#9777,#9780,#9783,#9786,#9789,#9792,#9795,#9798,#9801,#9804,#9807,#9810,#9813,#9816,#9819,#9822,#9825,#9828,#9831,#9834,#9837,#9840,#9843,#9846,#9849,#9852,#9855,#9858,#9861,#9864,#9867,#9870,#9873,#9876,#9879,#9882,#9885,#9888,#9891,#9894,#9897,#9900,#9903,#9906,#9909,#9912,#9915,#9918,#9921,#9924,#9927,#9930,#9933,#9936,#9939,#9942,#9945,#9948,#9951,#9954,#9957,#9960,#9963,#9966,#9969,#9972,#9975,#9978,#9981,#9984,#9987,#9990,#9993,#9996,#9999,#10002,#10005,#10008,#10011,#10014,#10017,#10020,#10023,#10026,#10029,#10032,#10035,#10038,#10041,#10044,#10047,#10050,#10053,#10056,#10059,#10062,#10065,#10068,#10071,#10074,#10077,#10080,#10083,#10086,#10089,#10092,#10095,#10098,#10101,#10104,#10107,#10110,#10113,#10116,#10119,#10122,#10125,#10128,#10131,#10134,#10137,#10140,#10143,#10146,#10149,#10152,#10155,#10158,#10161,#10164,#10167,#10170,#10173,#10176,#10179,#10182,#10185,#10188,#10191,#10194,#10197,#10200,#10203,#10206,#10209,#10212,#10215,#10218,#10221,#10224,#10227,#10230,#10233,#10236,#10239,#10242,#10245,#10248,#10251,#10254,#10257,#10260,#10263,#10266,#10269,#10272,#10275,#10278,#10281,#10284,#10287,#10290,#10293,#10296,#10299,#10302,#10305,#10308,#10311,#10314,#10317,#10320,#10323,#10326,#10329,#10332,#10335,#10338,#10341,#10344,#10347,#10350,#10353,#10356,#10359,#10362,#10365,#10368,#10371,#10374,#10377,#10380,#10383,#10386,#10389,#10392,#10395,#10398,#10401,#10404,#10407,#10410,#10413,#10416,#10419,#10422,#10425,#10428,#10431,#10434,#10437,#10440,#10443,#10446,#10449,#10452,#10455,#10458,#10461,#10464,#10467,#10470,#10473,#10476,#10479,#10482,#10485,#10488,#10491,#10494,#10497,#10500,#10503,#10506,#10509,#10512,#10515,#10518,#10521,#10524,#10527,#10530,#10533,#10536,#10539,#10542,#10545,#10548,#10551,#10554,#10557,#10560,#10563,#10566,#10569,#10572,#10575,#10578,#10581,#10584,#10587,#10590,#10593,#10596,#10599,#10602,#10605,#10608,#10611,#10614,#10617,#10620,#10623,#10626,#10629,#10632,#10635,#10638,#10641,#10644,#10647,#10650,#10653,#10656,#10659,#10662,#10665,#10668,#10671,#10674,#10677,#10680,#10683,#10686,#10689,#10692,#10695,#10698,#10701,#10704,#10707,#10710,#10713,#10716,#10719,#10722,#10725,#10728,#10731,#10734,#10737,#10740,#10743,#10746,#10749,#10752,#10755,#10758,#10761,#10764,#10767,#10770,#10773,#10776,#10779,#10782,#10785,#10788,#10791,#10794,#10797,#10800,#10803,#10806,#10809,#10812,#10815,#10818,#10821,#10824,#10827,#10830,#10833,#10836,#10839,#10842,#10845,#10848,#10851,#10854,#10857,#10860,#10863,#10866,#10869,#10872,#10875,#10878,#10881,#10884,#10887,#10890,#10893,#10896,#10899,#10902,#10905,#10908,#10911,#10914,#10917,#10920,#10923,#10926,#10929,#10932,#10935,#10938,#10941,#10944,#10947,#10950,#10953,#10956,#10959,#10962,#10965,#10968,#10971,#10974,#10977,#10980,#10983,#10986,#10989,#10992,#10995,#10998,#11001,#11004,#11007,#11010,#11013,#11016,#11019,#11022,#11025,#11028,#11031,#11034,#11037,#11040,#11043,#11046,#11049,#11052,#11055,#11058,#11061,#11064,#11067,#11070,#11073,#11076,#11079,#11082,#11085,#11088,#11091,#11094,#11097,#11100,#11103,#11106,#11109,#11112,#11115,#11118,#11121,#11124,#11127,#11130,#11133,#11136,#11139,#11142,#11145,#11148,#11151,#11154,#11157,#11160,#11163,#11166,#11169,#11172,#11175,#11178,#11181,#11184,#11187,#11190,#11193,#11196,#11199,#11202,#11205,#11208,#11211,#11214,#11217,#11220,#11223,#11226,#11229,#11232,#11235,#11238,#11241,#11244,#11247,#11250,#11253,#11256,#11259,#11262,#11265,#11268,#11271,#11274,#11277,#11280,#11283,#11286,#11289,#11292,#11295,#11298,#11301,#11304,#11307,#11310,#11313,#11316,#11319,#11322,#11325,#11328,#11331,#11334,#11337,#11340,#11343,#11346,#11349,#11352,#11355,#11358,#11361,#11364,#11367,#11370,#11373,#11376,#11379,#11382,#11385,#11388,#11391,#11394,#11397,#11400,#11403,#11406,#11409,#11412,#11415,#11418,#11421,#11424,#11427,#11430,#11433,#11436,#11439,#11442,#11445,#11448,#11451,#11454,#11457,#11460,#11463,#11466,#11469,#11472,#11475,#11478,#11481,#11484,#11487,#11490,#11493,#11496,#11499,#11502,#11505,#11508,#11511,#11514,#11517,#11520,#11523,#11526,#11529,#11532,#11535,#11538,#11541,#11544,#11547,#11550,#11553,#11556,#11559,#11562,#11565,#11568,#11571,#11574,#11577,#11580,#11583,#11586,#11589,#11592,#11595,#11598,#11601,#11604,#11607,#11610,#11613,#11616,#11619,#11622,#11625,#11628,#11631,#11634,#11637,#11640,#11643,#11646,#11649,#11652,#11655,#11658,#11661,#11664,#11667,#11670,#11673,#11676,#11679,#11682,#11685,#11688,#11691,#11694,#11697,#11700,#11703,#11706,#11709,#11712,#11715,#11718,#11721,#11724,#11727,#11730,#11733,#11736,#11739,#11742,#11745,#11748,#11751,#11754,#11757,#11760,#11763,#11766,#11769,#11772,#11775,#11778,#11781,#11784,#11787,#11790,#11793,#11796,#11799,#11802,#11805,#11808,#11811,#11814,#11817,#11820,#11823,#11826,#11829,#11832,#11835,#11838,#11841,#11844,#11847,#11850,#11853,#11856,#11859,#11862,#11865,#11868,#11871,#11874,#11877,#11880,#11883,#11886,#11889,#11892,#11895,#11898,#11901,#11904,#11907,#11910,#11913,#11916,#11919,#11922,#11925,#11928,#11931,#11934,#11937,#11940,#11943,#11946,#11949,#11952,#11955,#11958,#11961,#11964,#11967,#11970,#11973,#11976,#11979,#11982,#11985,#11988,#11991,#11994,#11997,#12000,#12003,#12006,#12009,#12012,#12015,#12018,#12021,#12024,#12027,#12030,#12033,#12036,#12039,#12042,#12045,#12048,#12051,#12054,#12057,#12060,#12063,#12066,#12069,#12072,#12075,#12078,#12081,#12084,#12087,#12090,#12093,#12096,#12099,#12102,#12105,#12108,#12111,#12114,#12117,#12120,#12123,#12126,#12129,#12132,#12135,#12138,#12141,#12144,#12147,#12150,#12153,#12156,#12159,#12162,#12165,#12168,#12171,#12174,#12177,#12180,#12183,#12186,#12189,#12192,#12195,#12198,#12201,#12204,#12207,#12210,#12213,#12216,#12219,#12222,#12225,#12228,#12231,#12234,#12237,#12240,#12243,#12246,#12249,#12252,#12255,#12258,#12261,#12264,#12267,#12270,#12273,#12276,#12279,#12282,#12285,#12288,#12291,#12294,#12297,#12300,#12303,#12306,#12309,#12312,#12315,#12318,#12321,#12324,#12327,#12330,#12333,#12336,#12339,#12342,#12345,#12348,#12351,#12354,#12357,#12360,#12363,#12366,#12369,#12372,#12375,#12378,#12381,#12384,#12387,#12390,#12393,#12396,#12399,#12402,#12405,#12408,#12411,#12414,#12417,#12420,#12423,#12426,#12429,#12432,#12435,#12438,#12441,#12444,#12447,#12450,#12453,#12456,#12459,#12462,#12465,#12468,#12471,#12474,#12477,#12480,#12483,#12486,#12489,#12492,#12495,#12498,#12501,#12504,#12507,#12510,#12513,#12516,#12519,#12522,#12525,#12528,#12531,#12534,#12537,#12540,#12543,#12546,#12549,#12552,#12555,#12558,#12561,#12564,#12567,#12570,#12573,#12576,#12579,#12582,#12585,#12588,#12591,#12594,#12597,#12600,#12603,#12606,#12609,#12612,#12615,#12618,#12621,#12624,#12627,#12630,#12633,#12636,#12639,#12642,#12645,#12648,#12651,#12654,#12657,#12660,#12663,#12666,#12669,#12672,#12675,#12678,#12681,#12684,#12687,#12690,#12693,#12696,#12699,#12702,#12705,#12708,#12711,#12714,#12717,#12720,#12723,#12726,#12729,#12732,#12735,#12738,#12741,#12744,#12747,#12750,#12753,#12756,#12759,#12762,#12765,#12768,#12771,#12774,#12777,#12780,#12783,#12786,#12789,#12792,#12795,#12798,#12801,#12804,#12807,#12810,#12813,#12816,#12819,#12822,#12825,#12828,#12831,#12834,#12837,#12840,#12843,#12846,#12849,#12852,#12855,#12858,#12861,#12864,#12867,#12870,#12873,#12876,#12879,#12882,#12885,#12888,#12891,#12894,#12897,#12900,#12903,#12906,#12909,#12912,#12915,#12918,#12921,#12924,#12927,#12930,#12933,#12936,#12939,#12942,#12945,#12948,#12951,#12954,#12957,#12960,#12963,#12966,#12969,#12972,#12975,#12978,#12981,#12984,#12987,#12990,#12993,#12996,#12999,#13002,#13005,#13008,#13011,#13014,#13017,#13020,#13023,#13026,#13029,#13032,#13035,#13038,#13041,#13044,#13047,#13050,#13053,#13056,#13059,#13062,#13065,#13068,#13071,#13074,#13077,#13080,#13083,#13086,#13089,#13092,#13095,#13098,#13101,#13104,#13107,#13110,#13113,#13116,#13119,#13122,#13125,#13128,#13131,#13134,#13137,#13140,#13143,#13146,#13149,#13152,#13155,#13158,#13161,#13164,#13167,#13170,#13173,#13176,#13179,#13182,#13185,#13188,#13191,#13194,#13197,#13200,#13203,#13206,#13209,#13212,#13215,#13218,#13221,#13224,#13227,#13230,#13233,#13236,#13239,#13242,#13245,#13248,#13251,#13254,#13257,#13260,#13263,#13266,#13269,#13272,#13275,#13278,#13281,#13284,#13287,#13290,#13293,#13296,#13299,#13302,#13305,#13308,#13311,#13314,#13317,#13320,#13323,#13326,#13329,#13332,#13335,#13338,#13341,#13344,#13347,#13350,#13353,#13356,#13359,#13362,#13365,#13368,#13371,#13374,#13377,#13380,#13383,#13386,#13389,#13392,#13395,#13398,#13401,#13404,#13407,#13410,#13413,#13416,#13419,#13422,#13425,#13428,#13431,#13434,#13437,#13440,#13443,#13446,#13449,#13452,#13455,#13458,#13461,#13464,#13467,#13470,#13473,#13476,#13479,#13482,#13485,#13488,#13491,#13494,#13497,#13500,#13503,#13506,#13509,#13512,#13515,#13518,#13521,#13524,#13527,#13530,#13533,#13536,#13539,#13542,#13545,#13548,#13551,#13554,#13557,#13560,#13563,#13566,#13569,#13572,#13575,#13578,#13581,#13584,#13587,#13590,#13593,#13596,#13599,#13602,#13605,#13608,#13611,#13614,#13617,#13620,#13623,#13626,#13629,#13632,#13635,#13638,#13641,#13644,#13647,#13650,#13653,#13656,#13659,#13662,#13665,#13668,#13671,#13674,#13677,#13680,#13683,#13686,#13689,#13692,#13695,#13698,#13701,#13704,#13707,#13710,#13713,#13716,#13719,#13722,#13725,#13728,#13731,#13734,#13737,#13740,#13743,#13746,#13749,#13752,#13755,#13758,#13761,#13764,#13767,#13770,#13773,#13776,#13779,#13782,#13785,#13788,#13791,#13794,#13797,#13800,#13803,#13806,#13809,#13812,#13815,#13818,#13821,#13824,#13827,#13830,#13833,#13836,#13839,#13842,#13845,#13848,#13851,#13854,#13857,#13860,#13863,#13866,#13869,#13872,#13875,#13878,#13881,#13884,#13887,#13890,#13893,#13896,#13899,#13902,#13905,#13908,#13911,#13914,#13917,#13920,#13923,#13926,#13929,#13932,#13935,#13938,#13941,#13944,#13947,#13950,#13953,#13956,#13959,#13962,#13965,#13968,#13971,#13974,#13977,#13980,#13983,#13986,#13989,#13992,#13995,#13998,#14001,#14004,#14007,#14010,#14013,#14016,#14019,#14022,#14025,#14028,#14031,#14034,#14037,#14040,#14043,#14046,#14049,#14052,#14055,#14058,#14061,#14064,#14067,#14070,#14073,#14076,#14079,#14082,#14085,#14088,#14091,#14094,#14097,#14100,#14103,#14106,#14109,#14112,#14115,#14118,#14121,#14124,#14127,#14130,#14133,#14136,#14139,#14142,#14145,#14148,#14151,#14154,#14157,#14160,#14163,#14166,#14169,#14172,#14175,#14178,#14181,#14184,#14187,#14190,#14193,#14196,#14199,#14202,#14205,#14208,#14211,#14214,#14217,#14220,#14223,#14226,#14229,#14232,#14235,#14238,#14241,#14244,#14247,#14250,#14253,#14256,#14259,#14262,#14265,#14268,#14271,#14274,#14277,#14280,#14283,#14286,#14289,#14292,#14295,#14298,#14301,#14304,#14307,#14310,#14313,#14316,#14319,#14322,#14325,#14328,#14331,#14334,#14337,#14340,#14343,#14346,#14349,#14352,#14355,#14358,#14361,#14364,#14367,#14370,#14373,#14376,#14379,#14382,#14385,#14388,#14391,#14394,#14397,#14400,#14403,#14406,#14409,#14412,#14415,#14418,#14421,#14424,#14427,#14430,#14433,#14436,#14439,#14442,#14445,#14448,#14451,#14454,#14457,#14460,#14463,#14466,#14469,#14472,#14475,#14478,#14481,#14484,#14487,#14490,#14493,#14496,#14499,#14502,#14505,#14508,#14511,#14514,#14517,#14520,#14523,#14526,#14529,#14532,#14535,#14538,#14541,#14544,#14547,#14550,#14553,#14556,#14559,#14562,#14565,#14568,#14571,#14574,#14577,#14580,#14583,#14586,#14589,#14592,#14595,#14598,#14601,#14604,#14607,#14610,#14613,#14616,#14619,#14622,#14625,#14628,#14631,#14634,#14637,#14640,#14643,#14646,#14649,#14652,#14655,#14658,#14661,#14664,#14667,#14670,#14673,#14676,#14679,#14682,#14685,#14688,#14691,#14694,#14697,#14700,#14703,#14706,#14709,#14712,#14715,#14718,#14721,#14724,#14727,#14730,#14733,#14736,#14739,#14742,#14745,#14748,#14751,#14754,#14757,#14760,#14763,#14766,#14769,#14772,#14775,#14778,#14781,#14784,#14787,#14790,#14793,#14796,#14799,#14802,#14805,#14808,#14811,#14814,#14817,#14820,#14823,#14826,#14829,#14832,#14835,#14838,#14841,#14844,#14847,#14850,#14853,#14856,#14859,#14862,#14865,#14868,#14871,#14874,#14877,#14880,#14883,#14886,#14889,#14892,#14895,#14898,#14901,#14904,#14907,#14910,#14913,#14916,#14919,#14922,#14925,#14928,#14931,#14934,#14937,#14940,#14943,#14946,#14949,#14952,#14955,#14958,#14961,#14964,#14967,#14970,#14973,#14976,#14979,#14982,#14985,#14988,#14991,#14994,#14997,#15000,#15003,#15006,#15009,#15012,#15015,#15018,#15021,#15024,#15027,#15030,#15033,#15036,#15039,#15042,#15045,#15048,#15051,#15054,#15057,#15060,#15063,#15066,#15069,#15072,#15075,#15078,#15081,#15084,#15087,#15090,#15093,#15096,#15099,#15102,#15105,#15108,#15111,#15114,#15117,#15120,#15123,#15126,#15129,#15132,#15135,#15138,#15141,#15144,#15147,#15150,#15153,#15156,#15159,#15162,#15165,#15168,#15171,#15174,#15177,#15180,#15183,#15186,#15189,#15192,#15195,#15198,#15201,#15204,#15207,#15210,#15213,#15216,#15219,#15222,#15225,#15228,#15231,#15234,#15237,#15240,#15243,#15246,#15249,#15252,#15255,#15258,#15261,#15264,#15267,#15270,#15273,#15276,#15279,#15282,#15285,#15288,#15291,#15294,#15297,#15300,#15303,#15306,#15309,#15312,#15315,#15318,#15321,#15324,#15327,#15330,#15333,#15336,#15339,#15342,#15345,#15348,#15351,#15354,#15357,#15360,#15363,#15366,#15369,#15372,#15375,#15378,#15381,#15384,#15387,#15390,#15393,#15396,#15399,#15402,#15405,#15408,#15411,#15414,#15417,#15420,#15423,#15426,#15429,#15432,#15435,#15438,#15441,#15444,#15447,#15450,#15453,#15456,#15459,#15462,#15465,#15468,#15471,#15474,#15477,#15480,#15483,#15486,#15489,#15492,#15495,#15498,#15501,#15504,#15507,#15510,#15513,#15516,#15519,#15522,#15525,#15528,#15531,#15534,#15537,#15540,#15543,#15546,#15549,#15552,#15555,#15558,#15561,#15564,#15567,#15570,#15573,#15576,#15579,#15582,#15585,#15588,#15591,#15594,#15597,#15600,#15603,#15606,#15609,#15612,#15615,#15618,#15621,#15624,#15627,#15630,#15633,#15636,#15639,#15642,#15645,#15648,#15651,#15654,#15657,#15660,#15663,#15666,#15669,#15672,#15675,#15678,#15681,#15684,#15687,#15690,#15693,#15696,#15699,#15702,#15705,#15708,#15711,#15714,#15717,#15720,#15723,#15726,#15729,#15732,#15735,#15738,#15741,#15744,#15747,#15750,#15753,#15756,#15759,#15762,#15765,#15768,#15771,#15774,#15777,#15780,#15783,#15786,#15789,#15792,#15795,#15798,#15801,#15804,#15807,#15810,#15813,#15816,#15819,#15822,#15825,#15828,#15831,#15834,#15837,#15840,#15843,#15846,#15849,#15852,#15855,#15858,#15861,#15864,#15867,#15870,#15873,#15876,#15879,#15882,#15885,#15888,#15891,#15894,#15897,#15900,#15903,#15906,#15909,#15912,#15915,#15918,#15921,#15924,#15927,#15930,#15933,#15936,#15939,#15942,#15945,#15948,#15951,#15954,#15957,#15960,#15963,#15966,#15969,#15972,#15975,#15978,#15981,#15984,#15987,#15990,#15993,#15996,#15999,#16002,#16005,#16008,#16011,#16014,#16017,#16020,#16023,#16026,#16029,#16032,#16035,#16038,#16041,#16044,#16047,#16050,#16053,#16056,#16059,#16062,#16065,#16068,#16071,#16074,#16077,#16080,#16083,#16086,#16089,#16092,#16095,#16098,#16101,#16104,#16107,#16110,#16113,#16116,#16119,#16122,#16125,#16128,#16131,#16134,#16137,#16140,#16143,#16146,#16149,#16152,#16155,#16158,#16161,#16164,#16167,#16170,#16173,#16176,#16179,#16182,#16185,#16188,#16191,#16194,#16197,#16200,#16203,#16206,#16209,#16212,#16215,#16218,#16221,#16224,#16227,#16230,#16233,#16236,#16239,#16242,#16245,#16248,#16251,#16254,#16257,#16260,#16263,#16266,#16269,#16272,#16275,#16278,#16281,#16284,#16287,#16290,#16293,#16296,#16299,#16302,#16305,#16308,#16311,#16314,#16317,#16320,#16323,#16326,#16329,#16332,#16335,#16338,#16341,#16344,#16347,#16350,#16353,#16356,#16359,#16362,#16365,#16368,#16371,#16374,#16377,#16380,#16383,#16386,#16389,#16392,#16395,#16398,#16401,#16404,#16407,#16410,#16413,#16416,#16419,#16422,#16425,#16428,#16431,#16434,#16437,#16440,#16443,#16446,#16449,#16452,#16455,#16458,#16461,#16464,#16467,#16470,#16473,#16476,#16479,#16482,#16485,#16488,#16491,#16494,#16497,#16500,#16503,#16506,#16509,#16512,#16515,#16518,#16521,#16524,#16527,#16530,#16533,#16536,#16539,#16542,#16545,#16548,#16551,#16554,#16557,#16560,#16563,#16566,#16569,#16572,#16575,#16578,#16581,#16584,#16587,#16590,#16593,#16596,#16599,#16602,#16605,#16608,#16611,#16614,#16617,#16620,#16623,#16626,#16629,#16632,#16635,#16638,#16641,#16644,#16647,#16650,#16653,#16656,#16659,#16662,#16665,#16668,#16671,#16674,#16677,#16680,#16683,#16686,#16689,#16692,#16695,#16698,#16701,#16704,#16707,#16710,#16713,#16716,#16719,#16722,#16725,#16728,#16731,#16734,#16737,#16740,#16743,#16746,#16749,#16752,#16755,#16758,#16761,#16764,#16767,#16770));
#16772=IFCFACETEDBREP(#16771);
#16773=IFCCOLOURRGB($,0.50196078431372548,0.52549019607843139,0.54117647058823526);
#16774=IFCSURFACESTYLERENDERING(#16773,0.,$,$,$,$,IFCNORMALISEDRATIOMEASURE(0.5),IFCSPECULAREXPONENT(64.),.NOTDEFINED.);
#16775=IFCSURFACESTYLE('PET - Gianduia',.BOTH.,(#16774));
#16776=IFCPRESENTATIONSTYLEASSIGNMENT((#16775));
#16777=IFCSTYLEDITEM(#16772,(#16776),$);
#16778=IFCSHAPEREPRESENTATION(#15,'Body','Brep',(#16772));
#16779=IFCAXIS2PLACEMENT3D(#10,$,$);
#16780=IFCREPRESENTATIONMAP(#16779,#16778);
#16781=IFCDOORLININGPROPERTIES('1$NdPB55v7jwbPkpcL8H78',#6,'Multidoor_Design_PEM-C3_Maresias_Lisa com visor-2_Giro-1fl:800x2100 MARESIAS PEM-C3 MULTIDOOR:886148',$,$,$,$,$,$,$,$,$,$,$,$);
#16782=IFCDOORPANELPROPERTIES('1$NdPB55v7jwbPkpgL8H78',#6,'Multidoor_Design_PEM-C3_Maresias_Lisa com visor-2_Giro-1fl:800x2100 MARESIAS PEM-C3 MULTIDOOR:886148:1',$,$,.DOUBLE_ACTING.,$,.NOTDEFINED.,$);
#16783=IFCDOORSTYLE('1LZeh_kn6AgAKCmanBNVwk',#6,'Multidoor_Design_PEM-C3_Maresias_Lisa com visor-2_Giro-1fl:800x2100 MARESIAS PEM-C3 MULTIDOOR',$,$,(#16781,#16782,#16806,#16808),(#16780),'799929',.DOUBLE_DOOR_DOUBLE_SWING.,.USERDEFINED.,.F.,.F.);
#16784=IFCMATERIAL('PET - Gianduia');
#16785=IFCPRESENTATIONSTYLEASSIGNMENT((#16775));
#16786=IFCSTYLEDITEM($,(#16785),$);
#16787=IFCSTYLEDREPRESENTATION(#13,'Style','Material',(#16786));
#16788=IFCMATERIALDEFINITIONREPRESENTATION($,$,(#16787),#16784);
#16789=IFCCARTESIANTRANSFORMATIONOPERATOR3D($,$,#10,1.,$);
#16790=IFCMAPPEDITEM(#16780,#16789);
#16791=IFCSHAPEREPRESENTATION(#15,'Body','MappedRepresentation',(#16790));
#16792=IFCPRODUCTDEFINITIONSHAPE($,$,(#16791));
#16793=IFCCARTESIANPOINT((-14984.906586853749,-619.07376160537706,0.));
#16794=IFCAXIS2PLACEMENT3D(#16793,#254,#342);
#16796=IFCDOOR('1$NdPB55v7jwbPkpYL8H78',#6,'Multidoor_Design_PEM-C3_Maresias_Lisa com visor-2_Giro-1fl:800x2100 MARESIAS PEM-C3 MULTIDOOR:886148',$,$,#20875,#16792,'886148',2149.9999999999832,889.99999999999966);
#16797=IFCPROPERTYSINGLEVALUE('Reference',$,IFCIDENTIFIER('800x2100 MARESIAS PEM-C3 MULTIDOOR'),$);
#16798=IFCPROPERTYSINGLEVALUE('IsExternal',$,IFCBOOLEAN(.F.),$);
#16799=IFCPROPERTYSET('25wnB9y3m2A$rHdGiCTUY_',#6,'Pset_DoorCommon',$,(#16797,#16798));
#16800=IFCPROPERTYSET('2i7_HBsv0uTyE3Nv$15Yqg',#6,'Pset_QuantityTakeOff',$,(#16797));
#16801=IFCRELDEFINESBYPROPERTIES('0pkriL95kSQQyegQybQxSG',#6,$,$,(#16796),#16799);
#16802=IFCRELDEFINESBYPROPERTIES('1p_qKnyGPhttug26tvbzxP',#6,$,$,(#16796),#16800);
#16803=IFCCLASSIFICATION('CSI (Construction Specifications Institute)','1998',$,'Uniformat');
#16804=IFCCLASSIFICATIONREFERENCE('https://www.csiresources.org/standards/uniformat','A1G','',#16803);
#16805=IFCPROPERTYSINGLEVALUE('ConstructionType',$,IFCLABEL('Residencial - Corporativo - Hotelaria - Hospitalar - Educacional'),$);
#16806=IFCPROPERTYSET('1fG8fPV_2ueSHAmziINPNF',#6,'Pset_ConcreteElementGeneral',$,(#16805));
#16807=IFCPROPERTYSINGLEVALUE('Manufacturer',$,IFCLABEL('Multidoor'),$);
#16808=IFCPROPERTYSET('0Isa1mzeGsinw29cEy5bHP',#6,'Pset_ManufacturerTypeInformation',$,(#16807));
#16809=IFCCARTESIANPOINT((378.50000000003507,1671.5000000000634,-18.));
#16810=IFCCARTESIANPOINT((378.50000000003507,928.50000000005218,-18.));
#16811=IFCCARTESIANPOINT((571.50000000005582,928.50000000005218,-18.));
#16812=IFCCARTESIANPOINT((571.50000000005582,1671.5000000000634,-18.));
#16813=IFCPOLYLOOP((#16809,#16810,#16811,#16812));
#16814=IFCFACEOUTERBOUND(#16813,.T.);
#16815=IFCFACE((#16814));
#16816=IFCCARTESIANPOINT((378.50000000003507,1671.5000000000634,-22.));
#16817=IFCCARTESIANPOINT((571.50000000005582,1671.5000000000634,-22.));
#16818=IFCCARTESIANPOINT((571.50000000005582,928.50000000005218,-22.));
#16819=IFCCARTESIANPOINT((378.50000000003507,928.50000000005218,-22.));
#16820=IFCPOLYLOOP((#16816,#16817,#16818,#16819));
#16821=IFCFACEOUTERBOUND(#16820,.T.);
#16822=IFCFACE((#16821));
#16823=IFCPOLYLOOP((#16810,#16809,#16816,#16819));
#16824=IFCFACEOUTERBOUND(#16823,.T.);
#16825=IFCFACE((#16824));
#16826=IFCPOLYLOOP((#16811,#16810,#16819,#16818));
#16827=IFCFACEOUTERBOUND(#16826,.T.);
#16828=IFCFACE((#16827));
#16829=IFCPOLYLOOP((#16812,#16811,#16818,#16817));
#16830=IFCFACEOUTERBOUND(#16829,.T.);
#16831=IFCFACE((#16830));
#16832=IFCPOLYLOOP((#16809,#16812,#16817,#16816));
#16833=IFCFACEOUTERBOUND(#16832,.T.);
#16834=IFCFACE((#16833));
#16835=IFCCARTESIANPOINT((379.500000000022,929.49999999999648,-23.));
#16836=IFCCARTESIANPOINT((379.50000000002183,929.49999999999648,-40.));
#16837=IFCCARTESIANPOINT((570.50000000002308,929.49999999999648,-40.));
#16838=IFCCARTESIANPOINT((570.50000000002331,929.49999999999648,-23.));
#16839=IFCPOLYLOOP((#16835,#16836,#16837,#16838));
#16840=IFCFACEOUTERBOUND(#16839,.T.);
#16841=IFCFACE((#16840));
#16842=IFCCARTESIANPOINT((382.50000000002188,932.49999999999648,-43.));
#16843=IFCCARTESIANPOINT((382.50000000002183,932.49999999999648,-23.));
#16844=IFCCARTESIANPOINT((567.50000000002308,932.49999999999648,-23.));
#16845=IFCCARTESIANPOINT((567.50000000002331,932.49999999999648,-43.));
#16846=IFCPOLYLOOP((#16842,#16843,#16844,#16845));
#16847=IFCFACEOUTERBOUND(#16846,.T.);
#16848=IFCFACE((#16847));
#16849=IFCCARTESIANPOINT((352.50000000002166,902.49999999999636,-40.));
#16850=IFCCARTESIANPOINT((352.50000000002171,902.49999999999636,-43.));
#16851=IFCCARTESIANPOINT((597.50000000002319,902.49999999999636,-43.));
#16852=IFCCARTESIANPOINT((597.50000000002331,902.49999999999636,-40.));
#16853=IFCPOLYLOOP((#16849,#16850,#16851,#16852));
#16854=IFCFACEOUTERBOUND(#16853,.T.);
#16855=IFCFACE((#16854));
#16856=IFCCARTESIANPOINT((570.50000000002308,1670.4999999999923,-40.));
#16857=IFCCARTESIANPOINT((570.50000000002308,1670.4999999999923,-23.));
#16858=IFCPOLYLOOP((#16838,#16837,#16856,#16857));
#16859=IFCFACEOUTERBOUND(#16858,.T.);
#16860=IFCFACE((#16859));
#16861=IFCCARTESIANPOINT((567.50000000002308,1667.4999999999923,-23.));
#16862=IFCCARTESIANPOINT((567.50000000002308,1667.4999999999923,-43.));
#16863=IFCPOLYLOOP((#16845,#16844,#16861,#16862));
#16864=IFCFACEOUTERBOUND(#16863,.T.);
#16865=IFCFACE((#16864));
#16866=IFCCARTESIANPOINT((597.50000000002331,1697.4999999999925,-43.));
#16867=IFCCARTESIANPOINT((597.50000000002331,1697.4999999999925,-40.));
#16868=IFCPOLYLOOP((#16852,#16851,#16866,#16867));
#16869=IFCFACEOUTERBOUND(#16868,.T.);
#16870=IFCFACE((#16869));
#16871=IFCCARTESIANPOINT((379.500000000022,1670.4999999999923,-40.));
#16872=IFCCARTESIANPOINT((379.50000000002206,1670.4999999999923,-23.));
#16873=IFCPOLYLOOP((#16857,#16856,#16871,#16872));
#16874=IFCFACEOUTERBOUND(#16873,.T.);
#16875=IFCFACE((#16874));
#16876=IFCCARTESIANPOINT((382.50000000002188,1667.4999999999923,-23.));
#16877=IFCCARTESIANPOINT((382.50000000002194,1667.4999999999923,-43.));
#16878=IFCPOLYLOOP((#16862,#16861,#16876,#16877));
#16879=IFCFACEOUTERBOUND(#16878,.T.);
#16880=IFCFACE((#16879));
#16881=IFCCARTESIANPOINT((352.50000000002171,1697.4999999999925,-43.));
#16882=IFCCARTESIANPOINT((352.50000000002171,1697.4999999999925,-40.));
#16883=IFCPOLYLOOP((#16867,#16866,#16881,#16882));
#16884=IFCFACEOUTERBOUND(#16883,.T.);
#16885=IFCFACE((#16884));
#16886=IFCPOLYLOOP((#16872,#16871,#16836,#16835));
#16887=IFCFACEOUTERBOUND(#16886,.T.);
#16888=IFCFACE((#16887));
#16889=IFCPOLYLOOP((#16838,#16857,#16872,#16835));
#16890=IFCFACEOUTERBOUND(#16889,.T.);
#16891=IFCPOLYLOOP((#16843,#16876,#16861,#16844));
#16892=IFCFACEBOUND(#16891,.T.);
#16893=IFCFACE((#16890,#16892));
#16894=IFCPOLYLOOP((#16877,#16876,#16843,#16842));
#16895=IFCFACEOUTERBOUND(#16894,.T.);
#16896=IFCFACE((#16895));
#16897=IFCPOLYLOOP((#16845,#16862,#16877,#16842));
#16898=IFCFACEBOUND(#16897,.T.);
#16899=IFCPOLYLOOP((#16850,#16881,#16866,#16851));
#16900=IFCFACEOUTERBOUND(#16899,.T.);
#16901=IFCFACE((#16898,#16900));
#16902=IFCPOLYLOOP((#16882,#16881,#16850,#16849));
#16903=IFCFACEOUTERBOUND(#16902,.T.);
#16904=IFCFACE((#16903));
#16905=IFCPOLYLOOP((#16852,#16867,#16882,#16849));
#16906=IFCFACEOUTERBOUND(#16905,.T.);
#16907=IFCPOLYLOOP((#16836,#16871,#16856,#16837));
#16908=IFCFACEBOUND(#16907,.T.);
#16909=IFCFACE((#16906,#16908));
#16910=IFCCARTESIANPOINT((352.50000000002166,902.49999999999636,3.));
#16911=IFCCARTESIANPOINT((352.50000000002171,902.49999999999636,-0.));
#16912=IFCCARTESIANPOINT((597.50000000002319,902.49999999999636,-0.));
#16913=IFCCARTESIANPOINT((597.50000000002331,902.49999999999636,3.));
#16914=IFCPOLYLOOP((#16910,#16911,#16912,#16913));
#16915=IFCFACEOUTERBOUND(#16914,.T.);
#16916=IFCFACE((#16915));
#16917=IFCCARTESIANPOINT((382.50000000002188,932.49999999999648,-17.));
#16918=IFCCARTESIANPOINT((382.50000000002183,932.49999999999648,3.));
#16919=IFCCARTESIANPOINT((567.50000000002308,932.49999999999648,3.));
#16920=IFCCARTESIANPOINT((567.50000000002331,932.49999999999648,-17.));
#16921=IFCPOLYLOOP((#16917,#16918,#16919,#16920));
#16922=IFCFACEOUTERBOUND(#16921,.T.);
#16923=IFCFACE((#16922));
#16924=IFCCARTESIANPOINT((379.500000000022,929.49999999999648,-0.));
#16925=IFCCARTESIANPOINT((379.50000000002183,929.49999999999648,-17.));
#16926=IFCCARTESIANPOINT((570.50000000002308,929.49999999999648,-17.));
#16927=IFCCARTESIANPOINT((570.50000000002331,929.49999999999648,-0.));
#16928=IFCPOLYLOOP((#16924,#16925,#16926,#16927));
#16929=IFCFACEOUTERBOUND(#16928,.T.);
#16930=IFCFACE((#16929));
#16931=IFCCARTESIANPOINT((597.50000000002331,1697.4999999999925,-0.));
#16932=IFCCARTESIANPOINT((597.50000000002331,1697.4999999999925,3.));
#16933=IFCPOLYLOOP((#16913,#16912,#16931,#16932));
#16934=IFCFACEOUTERBOUND(#16933,.T.);
#16935=IFCFACE((#16934));
#16936=IFCCARTESIANPOINT((567.50000000002308,1667.4999999999923,3.));
#16937=IFCCARTESIANPOINT((567.50000000002308,1667.4999999999923,-17.));
#16938=IFCPOLYLOOP((#16920,#16919,#16936,#16937));
#16939=IFCFACEOUTERBOUND(#16938,.T.);
#16940=IFCFACE((#16939));
#16941=IFCCARTESIANPOINT((570.50000000002308,1670.4999999999923,-17.));
#16942=IFCCARTESIANPOINT((570.50000000002308,1670.4999999999923,-0.));
#16943=IFCPOLYLOOP((#16927,#16926,#16941,#16942));
#16944=IFCFACEOUTERBOUND(#16943,.T.);
#16945=IFCFACE((#16944));
#16946=IFCCARTESIANPOINT((352.50000000002171,1697.4999999999925,-0.));
#16947=IFCCARTESIANPOINT((352.50000000002171,1697.4999999999925,3.));
#16948=IFCPOLYLOOP((#16932,#16931,#16946,#16947));
#16949=IFCFACEOUTERBOUND(#16948,.T.);
#16950=IFCFACE((#16949));
#16951=IFCCARTESIANPOINT((382.50000000002188,1667.4999999999923,3.));
#16952=IFCCARTESIANPOINT((382.50000000002194,1667.4999999999923,-17.));
#16953=IFCPOLYLOOP((#16937,#16936,#16951,#16952));
#16954=IFCFACEOUTERBOUND(#16953,.T.);
#16955=IFCFACE((#16954));
#16956=IFCCARTESIANPOINT((379.500000000022,1670.4999999999923,-17.));
#16957=IFCCARTESIANPOINT((379.50000000002206,1670.4999999999923,-0.));
#16958=IFCPOLYLOOP((#16942,#16941,#16956,#16957));
#16959=IFCFACEOUTERBOUND(#16958,.T.);
#16960=IFCFACE((#16959));
#16961=IFCPOLYLOOP((#16927,#16942,#16957,#16924));
#16962=IFCFACEBOUND(#16961,.T.);
#16963=IFCPOLYLOOP((#16911,#16946,#16931,#16912));
#16964=IFCFACEOUTERBOUND(#16963,.T.);
#16965=IFCFACE((#16962,#16964));
#16966=IFCPOLYLOOP((#16947,#16946,#16911,#16910));
#16967=IFCFACEOUTERBOUND(#16966,.T.);
#16968=IFCFACE((#16967));
#16969=IFCPOLYLOOP((#16913,#16932,#16947,#16910));
#16970=IFCFACEOUTERBOUND(#16969,.T.);
#16971=IFCPOLYLOOP((#16918,#16951,#16936,#16919));
#16972=IFCFACEBOUND(#16971,.T.);
#16973=IFCFACE((#16970,#16972));
#16974=IFCPOLYLOOP((#16952,#16951,#16918,#16917));
#16975=IFCFACEOUTERBOUND(#16974,.T.);
#16976=IFCFACE((#16975));
#16977=IFCPOLYLOOP((#16920,#16937,#16952,#16917));
#16978=IFCFACEBOUND(#16977,.T.);
#16979=IFCPOLYLOOP((#16925,#16956,#16941,#16926));
#16980=IFCFACEOUTERBOUND(#16979,.T.);
#16981=IFCFACE((#16978,#16980));
#16982=IFCPOLYLOOP((#16957,#16956,#16925,#16924));
#16983=IFCFACEOUTERBOUND(#16982,.T.);
#16984=IFCFACE((#16983));
#16985=IFCCARTESIANPOINT((800.,2100.,-0.));
#16986=IFCCARTESIANPOINT((-0.,2100.,-0.));
#16987=IFCCARTESIANPOINT((800.,-0.,-0.));
#16988=IFCCARTESIANPOINT((376.,1674.,-0.));
#16989=IFCCARTESIANPOINT((574.,1674.,-0.));
#16990=IFCCARTESIANPOINT((574.,926.,-0.));
#16991=IFCCARTESIANPOINT((376.,926.,-0.));
#16992=IFCPOLYLOOP((#16985,#16986,#10,#16987));
#16993=IFCFACEOUTERBOUND(#16992,.T.);
#16994=IFCPOLYLOOP((#16988,#16989,#16990,#16991));
#16995=IFCFACEBOUND(#16994,.T.);
#16996=IFCFACE((#16993,#16995));
#16997=IFCCARTESIANPOINT((800.,2100.,-40.));
#16998=IFCCARTESIANPOINT((800.,-0.,-40.));
#16999=IFCCARTESIANPOINT((0.,-0.,-40.));
#17000=IFCCARTESIANPOINT((-0.,2100.,-40.));
#17001=IFCCARTESIANPOINT((574.,1674.,-40.));
#17002=IFCCARTESIANPOINT((376.,1674.,-40.));
#17003=IFCCARTESIANPOINT((376.,926.,-40.));
#17004=IFCCARTESIANPOINT((574.,926.,-40.));
#17005=IFCPOLYLOOP((#16997,#16998,#16999,#17000));
#17006=IFCFACEOUTERBOUND(#17005,.T.);
#17007=IFCPOLYLOOP((#17001,#17002,#17003,#17004));
#17008=IFCFACEBOUND(#17007,.T.);
#17009=IFCFACE((#17006,#17008));
#17010=IFCPOLYLOOP((#16986,#16985,#16997,#17000));
#17011=IFCFACEOUTERBOUND(#17010,.T.);
#17012=IFCFACE((#17011));
#17013=IFCPOLYLOOP((#10,#16986,#17000,#16999));
#17014=IFCFACEOUTERBOUND(#17013,.T.);
#17015=IFCFACE((#17014));
#17016=IFCPOLYLOOP((#16987,#10,#16999,#16998));
#17017=IFCFACEOUTERBOUND(#17016,.T.);
#17018=IFCFACE((#17017));
#17019=IFCPOLYLOOP((#16985,#16987,#16998,#16997));
#17020=IFCFACEOUTERBOUND(#17019,.T.);
#17021=IFCFACE((#17020));
#17022=IFCPOLYLOOP((#16988,#17002,#17001,#16989));
#17023=IFCFACEOUTERBOUND(#17022,.T.);
#17024=IFCFACE((#17023));
#17025=IFCPOLYLOOP((#17002,#16988,#16991,#17003));
#17026=IFCFACEOUTERBOUND(#17025,.T.);
#17027=IFCFACE((#17026));
#17028=IFCPOLYLOOP((#17003,#16991,#16990,#17004));
#17029=IFCFACEOUTERBOUND(#17028,.T.);
#17030=IFCFACE((#17029));
#17031=IFCPOLYLOOP((#16989,#17001,#17004,#16990));
#17032=IFCFACEOUTERBOUND(#17031,.T.);
#17033=IFCFACE((#17032));
#17034=IFCCLOSEDSHELL((#16815,#16822,#16825,#16828,#16831,#16834));
#17035=IFCFACETEDBREP(#17034);
#17036=IFCCOLOURRGB($,0.98039215686274506,0.98039215686274506,0.98039215686274506);
#17037=IFCSURFACESTYLERENDERING(#17036,0.80000000000000004,$,$,$,$,IFCNORMALISEDRATIOMEASURE(0.5),IFCSPECULAREXPONENT(64.),.NOTDEFINED.);
#17038=IFCSURFACESTYLE('Multidoor - Vidroo',.BOTH.,(#17037));
#17039=IFCPRESENTATIONSTYLEASSIGNMENT((#17038));
#17040=IFCSTYLEDITEM(#17035,(#17039),$);
#17041=IFCCLOSEDSHELL((#16841,#16848,#16855,#16860,#16865,#16870,#16875,#16880,#16885,#16888,#16893,#16896,#16901,#16904,#16909));
#17042=IFCFACETEDBREP(#17041);
#17043=IFCCOLOURRGB($,0.93725490196078431,0.93725490196078431,0.93725490196078431);
#17044=IFCSURFACESTYLERENDERING(#17043,0.,$,$,$,$,IFCNORMALISEDRATIOMEASURE(0.5),IFCSPECULAREXPONENT(64.),.NOTDEFINED.);
#17045=IFCSURFACESTYLE('A\X\E7o Inox AISI 304',.BOTH.,(#17044));
#17046=IFCPRESENTATIONSTYLEASSIGNMENT((#17045));
#17047=IFCSTYLEDITEM(#17042,(#17046),$);
#17048=IFCCLOSEDSHELL((#16916,#16923,#16930,#16935,#16940,#16945,#16950,#16955,#16960,#16965,#16968,#16973,#16976,#16981,#16984));
#17049=IFCFACETEDBREP(#17048);
#17050=IFCSTYLEDITEM(#17049,(#17046),$);
#17051=IFCCLOSEDSHELL((#16996,#17009,#17012,#17015,#17018,#17021,#17024,#17027,#17030,#17033));
#17052=IFCFACETEDBREP(#17051);
#17053=IFCCOLOURRGB($,0.50196078431372548,0.52549019607843139,0.54117647058823526);
#17054=IFCSURFACESTYLERENDERING(#17053,0.,$,$,$,$,IFCNORMALISEDRATIOMEASURE(0.5),IFCSPECULAREXPONENT(64.),.NOTDEFINED.);
#17055=IFCSURFACESTYLE('BP Gianduia',.BOTH.,(#17054));
#17056=IFCPRESENTATIONSTYLEASSIGNMENT((#17055));
#17057=IFCSTYLEDITEM(#17052,(#17056),$);
#17058=IFCSHAPEREPRESENTATION(#15,'Body','Brep',(#17035,#17042,#17049,#17052));
#17059=IFCAXIS2PLACEMENT3D(#10,$,$);
#17060=IFCREPRESENTATIONMAP(#17059,#17058);
#17061=IFCBUILDINGELEMENTPROXYTYPE('1$NdPB55v7jwbPkpYL8H6u',#6,'MULTIDOOR_FOLHA_MARESIAS_COM_MA\X\C7ANETA:MARESIAS 900X2100',$,$,$,(#17060),'620781',$,.NOTDEFINED.);
#17062=IFCMATERIAL('Multidoor - Vidroo');
#17063=IFCPRESENTATIONSTYLEASSIGNMENT((#17038));
#17064=IFCSTYLEDITEM($,(#17063),$);
#17065=IFCSTYLEDREPRESENTATION(#13,'Style','Material',(#17064));
#17066=IFCMATERIALDEFINITIONREPRESENTATION($,$,(#17065),#17062);
#17067=IFCMATERIAL('A\X\E7o Inox AISI 304');
#17068=IFCPRESENTATIONSTYLEASSIGNMENT((#17045));
#17069=IFCSTYLEDITEM($,(#17068),$);
#17070=IFCSTYLEDREPRESENTATION(#13,'Style','Material',(#17069));
#17071=IFCMATERIALDEFINITIONREPRESENTATION($,$,(#17070),#17067);
#17072=IFCMATERIAL('BP Gianduia');
#17073=IFCPRESENTATIONSTYLEASSIGNMENT((#17055));
#17074=IFCSTYLEDITEM($,(#17073),$);
#17075=IFCSTYLEDREPRESENTATION(#13,'Style','Material',(#17074));
#17076=IFCMATERIALDEFINITIONREPRESENTATION($,$,(#17075),#17072);
#17077=IFCMATERIALLIST((#17062,#17067,#17072));
#17078=IFCMAPPEDITEM(#17060,#16789);
#17079=IFCSHAPEREPRESENTATION(#15,'Body','MappedRepresentation',(#17078));
#17080=IFCPRODUCTDEFINITIONSHAPE($,$,(#17079));
#17081=IFCCARTESIANPOINT((-14987.906586853749,-574.07376160537569,7.));
#17082=IFCDIRECTION((1.,0.,0.));
#17083=IFCAXIS2PLACEMENT3D(#17081,#17082,#342);
#17084=IFCLOCALPLACEMENT(#24,#17083);
#17085=IFCBUILDINGELEMENTPROXY('1$NdPB55v7jwbPkpYL8H7B',#6,'MULTIDOOR_FOLHA_MARESIAS_COM_MA\X\C7ANETA:MARESIAS 900X2100:886151',$,$,#17084,#17080,'886151',$);
#17086=IFCPROPERTYSINGLEVALUE('Reference',$,IFCIDENTIFIER('MARESIAS 900X2100'),$);
#17087=IFCPROPERTYSET('2cXUdFVT5DCglXyAl97_9T',#6,'Pset_BuildingElementProxyCommon',$,(#17086));
#17088=IFCPROPERTYSET('1a8PrAw35xmGHovx81NN80',#6,'Pset_QuantityTakeOff',$,(#17086));
#17089=IFCRELDEFINESBYPROPERTIES('3G4ngXYsVRjzvSepim470Y',#6,$,$,(#17085),#17087);
#17090=IFCRELDEFINESBYPROPERTIES('33j90G1LZJEMicb3XbzHkh',#6,$,$,(#17085),#17088);
#17091=IFCCARTESIANPOINT((74.507518290146763,8.5000000000195879,-80.249999999998138));
#17092=IFCCARTESIANPOINT((67.778223117481218,8.5000000000195897,-79.364071483513939));
#17093=IFCCARTESIANPOINT((61.507518290146756,8.5000000000196199,-76.766660498393605));
#17094=IFCCARTESIANPOINT((56.122741979296492,8.5000000000196767,-72.634776310848466));
#17095=IFCCARTESIANPOINT((51.990857791751296,8.5000000000197566,-67.249999999998252));
#17096=IFCCARTESIANPOINT((49.393446806630891,8.5000000000198526,-60.979295172663818));
#17097=IFCCARTESIANPOINT((48.507518290146621,8.5000000000199591,-54.249999999998295));
#17098=IFCCARTESIANPOINT((49.393446806630806,8.5000000000200693,-47.52070482733275));
#17099=IFCCARTESIANPOINT((51.990857791751125,8.5000000000201741,-41.249999999998288));
#17100=IFCCARTESIANPOINT((56.122741979296251,8.5000000000202682,-35.865223689148024));
#17101=IFCCARTESIANPOINT((61.50751829014645,8.5000000000203446,-31.733339501602817));
#17102=IFCCARTESIANPOINT((67.778223117480877,8.5000000000203979,-29.135928516482402));
#17103=IFCCARTESIANPOINT((74.507518290146578,8.5000000000204246,-28.249999999998121));
#17104=IFCCARTESIANPOINT((81.236813462812108,8.500000000020421,-29.135928516482331));
#17105=IFCCARTESIANPOINT((87.507518290146578,8.5000000000203908,-31.733339501602682));
#17106=IFCCARTESIANPOINT((92.89229460099682,8.500000000020334,-35.86522368914784));
#17107=IFCCARTESIANPOINT((97.024178788542002,8.500000000020254,-41.24999999999806));
#17108=IFCCARTESIANPOINT((99.621589773662379,8.5000000000201581,-47.520704827332509));
#17109=IFCCARTESIANPOINT((100.50751829014663,8.5000000000200515,-54.249999999998039));
#17110=IFCCARTESIANPOINT((99.621589773662436,8.5000000000199414,-60.979295172663569));
#17111=IFCCARTESIANPOINT((97.024178788542088,8.5000000000198366,-67.249999999998039));
#17112=IFCCARTESIANPOINT((92.892294600996934,8.5000000000197424,-72.634776310848281));
#17113=IFCCARTESIANPOINT((87.50751829014672,8.500000000019666,-76.766660498393477));
#17114=IFCCARTESIANPOINT((81.236813462812293,8.5000000000196145,-79.364071483513868));
#17115=IFCCARTESIANPOINT((63.902941804047721,8.5000000000199094,-59.));
#17116=IFCCARTESIANPOINT((75.723896425486828,8.5000000000199307,-59.));
#17117=IFCCARTESIANPOINT((76.909785752012453,8.500000000019913,-60.312108579585292));
#17118=IFCCARTESIANPOINT((78.386682401545926,8.5000000000198987,-61.285113567245162));
#17119=IFCCARTESIANPOINT((80.060307247207675,8.5000000000198934,-61.856902247963745));
#17120=IFCCARTESIANPOINT((81.823822827335903,8.5000000000198934,-61.990973937962778));
#17121=IFCCARTESIANPOINT((83.564653418243012,8.5000000000199023,-61.678770041164199));
#17122=IFCCARTESIANPOINT((85.171671414481551,8.5000000000199183,-60.940220395453366));
#17123=IFCCARTESIANPOINT((86.542291267081026,8.5000000000199378,-59.822471032190556));
#17124=IFCCARTESIANPOINT((87.589018131342741,8.5000000000199627,-58.39687456367394));
#17125=IFCCARTESIANPOINT((88.245033184923827,8.5000000000199893,-56.754435320082507));
#17126=IFCCARTESIANPOINT((88.468459072024828,8.5000000000200195,-55.));
#17127=IFCCARTESIANPOINT((88.245033184923798,8.5000000000200462,-53.245564679897939));
#17128=IFCCARTESIANPOINT((87.589018131342726,8.5000000000200711,-51.603125436306499));
#17129=IFCCARTESIANPOINT((86.542291267081012,8.5000000000200924,-50.177528967789904));
#17130=IFCCARTESIANPOINT((85.171671414481537,8.5000000000201084,-49.059779604527094));
#17131=IFCCARTESIANPOINT((83.564653418242983,8.5000000000201172,-48.321229958816254));
#17132=IFCCARTESIANPOINT((81.823822827335874,8.500000000020119,-48.009026062017696));
#17133=IFCCARTESIANPOINT((80.060307247207632,8.5000000000201137,-48.143097752016743));
#17134=IFCCARTESIANPOINT((78.386682401545897,8.5000000000201013,-48.714886432735319));
#17135=IFCCARTESIANPOINT((76.909785752012439,8.5000000000200835,-49.687891420395204));
#17136=IFCCARTESIANPOINT((75.723896425486799,8.5000000000200604,-51.));
#17137=IFCCARTESIANPOINT((63.902941804047806,8.5000000000200391,-51.));
#17138=IFCCARTESIANPOINT((62.867665623637727,8.5000000000200355,-51.136296694833931));
#17139=IFCCARTESIANPOINT((61.902941804047799,8.5000000000200266,-51.53589838485243));
#17140=IFCCARTESIANPOINT((61.074514679301586,8.500000000020016,-52.171572875243989));
#17141=IFCCARTESIANPOINT((60.438840188910014,8.5000000000200018,-53.));
#17142=IFCCARTESIANPOINT((60.039238498891478,8.5000000000199858,-53.96472381958008));
#17143=IFCCARTESIANPOINT((59.902941804047742,8.500000000019968,-55.));
#17144=IFCCARTESIANPOINT((60.03923849889145,8.500000000019952,-56.035276180400253));
#17145=IFCCARTESIANPOINT((60.438840188909957,8.5000000000199361,-57.));
#17146=IFCCARTESIANPOINT((61.074514679301522,8.5000000000199236,-57.828427124736379));
#17147=IFCCARTESIANPOINT((61.9029418040477,8.5000000000199147,-58.464101615127952));
#17148=IFCCARTESIANPOINT((62.867665623637613,8.5000000000199112,-58.86370330514648));
#17149=IFCCARTESIANPOINT((74.507518290146763,0.,-80.249999999997996));
#17150=IFCCARTESIANPOINT((81.236813462812307,0.,-79.36407148351374));
#17151=IFCCARTESIANPOINT((87.507518290146734,0.,-76.766660498393335));
#17152=IFCCARTESIANPOINT((92.892294600996962,0.,-72.634776310848153));
#17153=IFCCARTESIANPOINT((97.024178788542102,0.,-67.249999999997897));
#17154=IFCCARTESIANPOINT((99.62158977366245,0.,-60.979295172663434));
#17155=IFCCARTESIANPOINT((100.50751829014665,0.,-54.249999999997904));
#17156=IFCCARTESIANPOINT((99.621589773662393,0.,-47.520704827332374));
#17157=IFCCARTESIANPOINT((97.024178788542017,0.,-41.249999999997925));
#17158=IFCCARTESIANPOINT((92.892294600996834,0.,-35.865223689147705));
#17159=IFCCARTESIANPOINT((87.507518290146592,0.,-31.733339501602547));
#17160=IFCCARTESIANPOINT((81.236813462812123,0.,-29.135928516482196));
#17161=IFCCARTESIANPOINT((74.50751829014645,0.,-28.249999999997986));
#17162=IFCCARTESIANPOINT((67.778223117480891,0.,-29.135928516482267));
#17163=IFCCARTESIANPOINT((61.507518290146464,0.,-31.733339501602682));
#17164=IFCCARTESIANPOINT((56.122741979296272,0.,-35.865223689147882));
#17165=IFCCARTESIANPOINT((51.990857791751147,0.,-41.249999999998153));
#17166=IFCCARTESIANPOINT((49.39344680663082,0.,-47.520704827332615));
#17167=IFCCARTESIANPOINT((48.507518290146642,0.,-54.24999999999816));
#17168=IFCCARTESIANPOINT((49.393446806630905,0.,-60.979295172663683));
#17169=IFCCARTESIANPOINT((51.99085779175131,0.,-67.249999999998124));
#17170=IFCCARTESIANPOINT((56.122741979296507,0.,-72.634776310848324));
#17171=IFCCARTESIANPOINT((61.50751829014677,0.,-76.766660498393477));
#17172=IFCCARTESIANPOINT((67.778223117481232,0.,-79.364071483513797));
#17173=IFCCARTESIANPOINT((75.723896425486856,0.,-59.));
#17174=IFCCARTESIANPOINT((63.902941804047757,0.,-59.));
#17175=IFCCARTESIANPOINT((62.86766562363767,0.,-58.863703305146359));
#17176=IFCCARTESIANPOINT((61.902941804047757,0.,-58.464101615127838));
#17177=IFCCARTESIANPOINT((61.074514679301565,0.,-57.82842712473628));
#17178=IFCCARTESIANPOINT((60.43884018891,0.,-57.));
#17179=IFCCARTESIANPOINT((60.039238498891478,0.,-56.03527618040016));
#17180=IFCCARTESIANPOINT((59.902941804047757,0.,-55.));
#17181=IFCCARTESIANPOINT((60.039238498891478,0.,-53.964723819579994));
#17182=IFCCARTESIANPOINT((60.438840188910014,0.,-53.));
#17183=IFCCARTESIANPOINT((61.074514679301572,0.,-52.171572875243882));
#17184=IFCCARTESIANPOINT((61.902941804047771,0.,-51.535898384852324));
#17185=IFCCARTESIANPOINT((62.867665623637691,0.,-51.13629669483381));
#17186=IFCCARTESIANPOINT((63.902941804047799,0.,-51.));
#17187=IFCCARTESIANPOINT((75.723896425486757,0.,-51.));
#17188=IFCCARTESIANPOINT((76.909785752012354,0.,-49.687891420395161));
#17189=IFCCARTESIANPOINT((78.386682401545798,0.,-48.714886432735241));
#17190=IFCCARTESIANPOINT((80.060307247207533,0.,-48.143097752016629));
#17191=IFCCARTESIANPOINT((81.823822827335746,0.,-48.009026062017554));
#17192=IFCCARTESIANPOINT((83.564653418242855,0.,-48.321229958816083));
#17193=IFCCARTESIANPOINT((85.171671414481438,0.,-49.059779604526888));
#17194=IFCCARTESIANPOINT((86.542291267080927,0.,-50.177528967789662));
#17195=IFCCARTESIANPOINT((87.589018131342669,0.,-51.603125436306243));
#17196=IFCCARTESIANPOINT((88.245033184923784,0.,-53.245564679897669));
#17197=IFCCARTESIANPOINT((88.468459072024842,0.,-55.));
#17198=IFCCARTESIANPOINT((88.245033184923869,0.,-56.754435320082237));
#17199=IFCCARTESIANPOINT((87.589018131342826,0.,-58.396874563673684));
#17200=IFCCARTESIANPOINT((86.542291267081126,0.,-59.822471032190322));
#17201=IFCCARTESIANPOINT((85.171671414481693,0.,-60.940220395453153));
#17202=IFCCARTESIANPOINT((83.564653418243154,0.,-61.678770041164036));
#17203=IFCCARTESIANPOINT((81.823822827336059,0.,-61.990973937962629));
#17204=IFCCARTESIANPOINT((80.060307247207817,0.,-61.856902247963632));
#17205=IFCCARTESIANPOINT((78.386682401546068,0.,-61.285113567245091));
#17206=IFCCARTESIANPOINT((76.909785752012567,0.,-60.312108579585242));
#17207=IFCPOLYLOOP((#17139,#17140,#17099));
#17208=IFCFACEOUTERBOUND(#17207,.T.);
#17209=IFCFACE((#17208));
#17210=IFCPOLYLOOP((#17139,#17099,#17138));
#17211=IFCFACEOUTERBOUND(#17210,.T.);
#17212=IFCFACE((#17211));
#17213=IFCPOLYLOOP((#17098,#17099,#17140));
#17214=IFCFACEOUTERBOUND(#17213,.T.);
#17215=IFCFACE((#17214));
#17216=IFCPOLYLOOP((#17140,#17141,#17098));
#17217=IFCFACEOUTERBOUND(#17216,.T.);
#17218=IFCFACE((#17217));
#17219=IFCPOLYLOOP((#17142,#17098,#17141));
#17220=IFCFACEOUTERBOUND(#17219,.T.);
#17221=IFCFACE((#17220));
#17222=IFCPOLYLOOP((#17098,#17142,#17097));
#17223=IFCFACEOUTERBOUND(#17222,.T.);
#17224=IFCFACE((#17223));
#17225=IFCPOLYLOOP((#17143,#17097,#17142));
#17226=IFCFACEOUTERBOUND(#17225,.T.);
#17227=IFCFACE((#17226));
#17228=IFCPOLYLOOP((#17097,#17143,#17144));
#17229=IFCFACEOUTERBOUND(#17228,.T.);
#17230=IFCFACE((#17229));
#17231=IFCPOLYLOOP((#17097,#17144,#17096));
#17232=IFCFACEOUTERBOUND(#17231,.T.);
#17233=IFCFACE((#17232));
#17234=IFCPOLYLOOP((#17096,#17144,#17145));
#17235=IFCFACEOUTERBOUND(#17234,.T.);
#17236=IFCFACE((#17235));
#17237=IFCPOLYLOOP((#17145,#17146,#17096));
#17238=IFCFACEOUTERBOUND(#17237,.T.);
#17239=IFCFACE((#17238));
#17240=IFCPOLYLOOP((#17146,#17095,#17096));
#17241=IFCFACEOUTERBOUND(#17240,.T.);
#17242=IFCFACE((#17241));
#17243=IFCPOLYLOOP((#17147,#17095,#17146));
#17244=IFCFACEOUTERBOUND(#17243,.T.);
#17245=IFCFACE((#17244));
#17246=IFCPOLYLOOP((#17148,#17095,#17147));
#17247=IFCFACEOUTERBOUND(#17246,.T.);
#17248=IFCFACE((#17247));
#17249=IFCPOLYLOOP((#17095,#17148,#17094));
#17250=IFCFACEOUTERBOUND(#17249,.T.);
#17251=IFCFACE((#17250));
#17252=IFCPOLYLOOP((#17115,#17094,#17148));
#17253=IFCFACEOUTERBOUND(#17252,.T.);
#17254=IFCFACE((#17253));
#17255=IFCPOLYLOOP((#17093,#17094,#17115));
#17256=IFCFACEOUTERBOUND(#17255,.T.);
#17257=IFCFACE((#17256));
#17258=IFCPOLYLOOP((#17093,#17115,#17092));
#17259=IFCFACEOUTERBOUND(#17258,.T.);
#17260=IFCFACE((#17259));
#17261=IFCPOLYLOOP((#17117,#17092,#17115));
#17262=IFCFACEOUTERBOUND(#17261,.T.);
#17263=IFCFACE((#17262));
#17264=IFCPOLYLOOP((#17116,#17117,#17115));
#17265=IFCFACEOUTERBOUND(#17264,.T.);
#17266=IFCFACE((#17265));
#17267=IFCPOLYLOOP((#17118,#17092,#17117));
#17268=IFCFACEOUTERBOUND(#17267,.T.);
#17269=IFCFACE((#17268));
#17270=IFCPOLYLOOP((#17092,#17118,#17091));
#17271=IFCFACEOUTERBOUND(#17270,.T.);
#17272=IFCFACE((#17271));
#17273=IFCPOLYLOOP((#17119,#17091,#17118));
#17274=IFCFACEOUTERBOUND(#17273,.T.);
#17275=IFCFACE((#17274));
#17276=IFCPOLYLOOP((#17114,#17091,#17119));
#17277=IFCFACEOUTERBOUND(#17276,.T.);
#17278=IFCFACE((#17277));
#17279=IFCPOLYLOOP((#17114,#17119,#17120));
#17280=IFCFACEOUTERBOUND(#17279,.T.);
#17281=IFCFACE((#17280));
#17282=IFCPOLYLOOP((#17114,#17120,#17113));
#17283=IFCFACEOUTERBOUND(#17282,.T.);
#17284=IFCFACE((#17283));
#17285=IFCPOLYLOOP((#17121,#17113,#17120));
#17286=IFCFACEOUTERBOUND(#17285,.T.);
#17287=IFCFACE((#17286));
#17288=IFCPOLYLOOP((#17121,#17112,#17113));
#17289=IFCFACEOUTERBOUND(#17288,.T.);
#17290=IFCFACE((#17289));
#17291=IFCPOLYLOOP((#17121,#17122,#17112));
#17292=IFCFACEOUTERBOUND(#17291,.T.);
#17293=IFCFACE((#17292));
#17294=IFCPOLYLOOP((#17112,#17122,#17111));
#17295=IFCFACEOUTERBOUND(#17294,.T.);
#17296=IFCFACE((#17295));
#17297=IFCPOLYLOOP((#17122,#17123,#17111));
#17298=IFCFACEOUTERBOUND(#17297,.T.);
#17299=IFCFACE((#17298));
#17300=IFCPOLYLOOP((#17123,#17124,#17111));
#17301=IFCFACEOUTERBOUND(#17300,.T.);
#17302=IFCFACE((#17301));
#17303=IFCPOLYLOOP((#17110,#17111,#17124));
#17304=IFCFACEOUTERBOUND(#17303,.T.);
#17305=IFCFACE((#17304));
#17306=IFCPOLYLOOP((#17124,#17125,#17110));
#17307=IFCFACEOUTERBOUND(#17306,.T.);
#17308=IFCFACE((#17307));
#17309=IFCPOLYLOOP((#17109,#17110,#17125));
#17310=IFCFACEOUTERBOUND(#17309,.T.);
#17311=IFCFACE((#17310));
#17312=IFCPOLYLOOP((#17126,#17109,#17125));
#17313=IFCFACEOUTERBOUND(#17312,.T.);
#17314=IFCFACE((#17313));
#17315=IFCPOLYLOOP((#17127,#17109,#17126));
#17316=IFCFACEOUTERBOUND(#17315,.T.);
#17317=IFCFACE((#17316));
#17318=IFCPOLYLOOP((#17108,#17109,#17127));
#17319=IFCFACEOUTERBOUND(#17318,.T.);
#17320=IFCFACE((#17319));
#17321=IFCPOLYLOOP((#17127,#17128,#17108));
#17322=IFCFACEOUTERBOUND(#17321,.T.);
#17323=IFCFACE((#17322));
#17324=IFCPOLYLOOP((#17129,#17108,#17128));
#17325=IFCFACEOUTERBOUND(#17324,.T.);
#17326=IFCFACE((#17325));
#17327=IFCPOLYLOOP((#17107,#17108,#17129));
#17328=IFCFACEOUTERBOUND(#17327,.T.);
#17329=IFCFACE((#17328));
#17330=IFCPOLYLOOP((#17107,#17129,#17130));
#17331=IFCFACEOUTERBOUND(#17330,.T.);
#17332=IFCFACE((#17331));
#17333=IFCPOLYLOOP((#17106,#17107,#17130));
#17334=IFCFACEOUTERBOUND(#17333,.T.);
#17335=IFCFACE((#17334));
#17336=IFCPOLYLOOP((#17130,#17131,#17106));
#17337=IFCFACEOUTERBOUND(#17336,.T.);
#17338=IFCFACE((#17337));
#17339=IFCPOLYLOOP((#17106,#17131,#17105));
#17340=IFCFACEOUTERBOUND(#17339,.T.);
#17341=IFCFACE((#17340));
#17342=IFCPOLYLOOP((#17131,#17132,#17105));
#17343=IFCFACEOUTERBOUND(#17342,.T.);
#17344=IFCFACE((#17343));
#17345=IFCPOLYLOOP((#17104,#17105,#17132));
#17346=IFCFACEOUTERBOUND(#17345,.T.);
#17347=IFCFACE((#17346));
#17348=IFCPOLYLOOP((#17133,#17104,#17132));
#17349=IFCFACEOUTERBOUND(#17348,.T.);
#17350=IFCFACE((#17349));
#17351=IFCPOLYLOOP((#17133,#17103,#17104));
#17352=IFCFACEOUTERBOUND(#17351,.T.);
#17353=IFCFACE((#17352));
#17354=IFCPOLYLOOP((#17133,#17134,#17103));
#17355=IFCFACEOUTERBOUND(#17354,.T.);
#17356=IFCFACE((#17355));
#17357=IFCPOLYLOOP((#17134,#17102,#17103));
#17358=IFCFACEOUTERBOUND(#17357,.T.);
#17359=IFCFACE((#17358));
#17360=IFCPOLYLOOP((#17135,#17102,#17134));
#17361=IFCFACEOUTERBOUND(#17360,.T.);
#17362=IFCFACE((#17361));
#17363=IFCPOLYLOOP((#17102,#17135,#17137));
#17364=IFCFACEOUTERBOUND(#17363,.T.);
#17365=IFCFACE((#17364));
#17366=IFCPOLYLOOP((#17136,#17137,#17135));
#17367=IFCFACEOUTERBOUND(#17366,.T.);
#17368=IFCFACE((#17367));
#17369=IFCPOLYLOOP((#17100,#17137,#17138));
#17370=IFCFACEOUTERBOUND(#17369,.T.);
#17371=IFCFACE((#17370));
#17372=IFCPOLYLOOP((#17100,#17101,#17137));
#17373=IFCFACEOUTERBOUND(#17372,.T.);
#17374=IFCFACE((#17373));
#17375=IFCPOLYLOOP((#17101,#17102,#17137));
#17376=IFCFACEOUTERBOUND(#17375,.T.);
#17377=IFCFACE((#17376));
#17378=IFCPOLYLOOP((#17100,#17138,#17099));
#17379=IFCFACEOUTERBOUND(#17378,.T.);
#17380=IFCFACE((#17379));
#17381=IFCPOLYLOOP((#17157,#17194,#17156));
#17382=IFCFACEOUTERBOUND(#17381,.T.);
#17383=IFCFACE((#17382));
#17384=IFCPOLYLOOP((#17194,#17157,#17193));
#17385=IFCFACEOUTERBOUND(#17384,.T.);
#17386=IFCFACE((#17385));
#17387=IFCPOLYLOOP((#17158,#17193,#17157));
#17388=IFCFACEOUTERBOUND(#17387,.T.);
#17389=IFCFACE((#17388));
#17390=IFCPOLYLOOP((#17158,#17192,#17193));
#17391=IFCFACEOUTERBOUND(#17390,.T.);
#17392=IFCFACE((#17391));
#17393=IFCPOLYLOOP((#17158,#17159,#17192));
#17394=IFCFACEOUTERBOUND(#17393,.T.);
#17395=IFCFACE((#17394));
#17396=IFCPOLYLOOP((#17191,#17192,#17159));
#17397=IFCFACEOUTERBOUND(#17396,.T.);
#17398=IFCFACE((#17397));
#17399=IFCPOLYLOOP((#17160,#17191,#17159));
#17400=IFCFACEOUTERBOUND(#17399,.T.);
#17401=IFCFACE((#17400));
#17402=IFCPOLYLOOP((#17191,#17160,#17190));
#17403=IFCFACEOUTERBOUND(#17402,.T.);
#17404=IFCFACE((#17403));
#17405=IFCPOLYLOOP((#17190,#17160,#17161));
#17406=IFCFACEOUTERBOUND(#17405,.T.);
#17407=IFCFACE((#17406));
#17408=IFCPOLYLOOP((#17189,#17190,#17161));
#17409=IFCFACEOUTERBOUND(#17408,.T.);
#17410=IFCFACE((#17409));
#17411=IFCPOLYLOOP((#17162,#17189,#17161));
#17412=IFCFACEOUTERBOUND(#17411,.T.);
#17413=IFCFACE((#17412));
#17414=IFCPOLYLOOP((#17189,#17162,#17188));
#17415=IFCFACEOUTERBOUND(#17414,.T.);
#17416=IFCFACE((#17415));
#17417=IFCPOLYLOOP((#17188,#17162,#17186));
#17418=IFCFACEOUTERBOUND(#17417,.T.);
#17419=IFCFACE((#17418));
#17420=IFCPOLYLOOP((#17163,#17186,#17162));
#17421=IFCFACEOUTERBOUND(#17420,.T.);
#17422=IFCFACE((#17421));
#17423=IFCPOLYLOOP((#17164,#17186,#17163));
#17424=IFCFACEOUTERBOUND(#17423,.T.);
#17425=IFCFACE((#17424));
#17426=IFCPOLYLOOP((#17185,#17186,#17164));
#17427=IFCFACEOUTERBOUND(#17426,.T.);
#17428=IFCFACE((#17427));
#17429=IFCPOLYLOOP((#17164,#17165,#17185));
#17430=IFCFACEOUTERBOUND(#17429,.T.);
#17431=IFCFACE((#17430));
#17432=IFCPOLYLOOP((#17165,#17184,#17185));
#17433=IFCFACEOUTERBOUND(#17432,.T.);
#17434=IFCFACE((#17433));
#17435=IFCPOLYLOOP((#17184,#17165,#17183));
#17436=IFCFACEOUTERBOUND(#17435,.T.);
#17437=IFCFACE((#17436));
#17438=IFCPOLYLOOP((#17183,#17165,#17166));
#17439=IFCFACEOUTERBOUND(#17438,.T.);
#17440=IFCFACE((#17439));
#17441=IFCPOLYLOOP((#17182,#17183,#17166));
#17442=IFCFACEOUTERBOUND(#17441,.T.);
#17443=IFCFACE((#17442));
#17444=IFCPOLYLOOP((#17166,#17181,#17182));
#17445=IFCFACEOUTERBOUND(#17444,.T.);
#17446=IFCFACE((#17445));
#17447=IFCPOLYLOOP((#17181,#17166,#17167));
#17448=IFCFACEOUTERBOUND(#17447,.T.);
#17449=IFCFACE((#17448));
#17450=IFCPOLYLOOP((#17167,#17180,#17181));
#17451=IFCFACEOUTERBOUND(#17450,.T.);
#17452=IFCFACE((#17451));
#17453=IFCPOLYLOOP((#17180,#17167,#17179));
#17454=IFCFACEOUTERBOUND(#17453,.T.);
#17455=IFCFACE((#17454));
#17456=IFCPOLYLOOP((#17168,#17179,#17167));
#17457=IFCFACEOUTERBOUND(#17456,.T.);
#17458=IFCFACE((#17457));
#17459=IFCPOLYLOOP((#17168,#17178,#17179));
#17460=IFCFACEOUTERBOUND(#17459,.T.);
#17461=IFCFACE((#17460));
#17462=IFCPOLYLOOP((#17177,#17178,#17168));
#17463=IFCFACEOUTERBOUND(#17462,.T.);
#17464=IFCFACE((#17463));
#17465=IFCPOLYLOOP((#17168,#17169,#17177));
#17466=IFCFACEOUTERBOUND(#17465,.T.);
#17467=IFCFACE((#17466));
#17468=IFCPOLYLOOP((#17169,#17176,#17177));
#17469=IFCFACEOUTERBOUND(#17468,.T.);
#17470=IFCFACE((#17469));
#17471=IFCPOLYLOOP((#17175,#17176,#17169));
#17472=IFCFACEOUTERBOUND(#17471,.T.);
#17473=IFCFACE((#17472));
#17474=IFCPOLYLOOP((#17175,#17169,#17170));
#17475=IFCFACEOUTERBOUND(#17474,.T.);
#17476=IFCFACE((#17475));
#17477=IFCPOLYLOOP((#17170,#17174,#17175));
#17478=IFCFACEOUTERBOUND(#17477,.T.);
#17479=IFCFACE((#17478));
#17480=IFCPOLYLOOP((#17170,#17171,#17174));
#17481=IFCFACEOUTERBOUND(#17480,.T.);
#17482=IFCFACE((#17481));
#17483=IFCPOLYLOOP((#17174,#17171,#17172));
#17484=IFCFACEOUTERBOUND(#17483,.T.);
#17485=IFCFACE((#17484));
#17486=IFCPOLYLOOP((#17174,#17172,#17206));
#17487=IFCFACEOUTERBOUND(#17486,.T.);
#17488=IFCFACE((#17487));
#17489=IFCPOLYLOOP((#17205,#17206,#17172));
#17490=IFCFACEOUTERBOUND(#17489,.T.);
#17491=IFCFACE((#17490));
#17492=IFCPOLYLOOP((#17205,#17172,#17149));
#17493=IFCFACEOUTERBOUND(#17492,.T.);
#17494=IFCFACE((#17493));
#17495=IFCPOLYLOOP((#17149,#17204,#17205));
#17496=IFCFACEOUTERBOUND(#17495,.T.);
#17497=IFCFACE((#17496));
#17498=IFCPOLYLOOP((#17149,#17150,#17204));
#17499=IFCFACEOUTERBOUND(#17498,.T.);
#17500=IFCFACE((#17499));
#17501=IFCPOLYLOOP((#17204,#17150,#17203));
#17502=IFCFACEOUTERBOUND(#17501,.T.);
#17503=IFCFACE((#17502));
#17504=IFCPOLYLOOP((#17203,#17150,#17151));
#17505=IFCFACEOUTERBOUND(#17504,.T.);
#17506=IFCFACE((#17505));
#17507=IFCPOLYLOOP((#17151,#17202,#17203));
#17508=IFCFACEOUTERBOUND(#17507,.T.);
#17509=IFCFACE((#17508));
#17510=IFCPOLYLOOP((#17152,#17202,#17151));
#17511=IFCFACEOUTERBOUND(#17510,.T.);
#17512=IFCFACE((#17511));
#17513=IFCPOLYLOOP((#17202,#17152,#17201));
#17514=IFCFACEOUTERBOUND(#17513,.T.);
#17515=IFCFACE((#17514));
#17516=IFCPOLYLOOP((#17152,#17153,#17201));
#17517=IFCFACEOUTERBOUND(#17516,.T.);
#17518=IFCFACE((#17517));
#17519=IFCPOLYLOOP((#17201,#17153,#17200));
#17520=IFCFACEOUTERBOUND(#17519,.T.);
#17521=IFCFACE((#17520));
#17522=IFCPOLYLOOP((#17200,#17153,#17199));
#17523=IFCFACEOUTERBOUND(#17522,.T.);
#17524=IFCFACE((#17523));
#17525=IFCPOLYLOOP((#17154,#17199,#17153));
#17526=IFCFACEOUTERBOUND(#17525,.T.);
#17527=IFCFACE((#17526));
#17528=IFCPOLYLOOP((#17198,#17199,#17154));
#17529=IFCFACEOUTERBOUND(#17528,.T.);
#17530=IFCFACE((#17529));
#17531=IFCPOLYLOOP((#17198,#17154,#17155));
#17532=IFCFACEOUTERBOUND(#17531,.T.);
#17533=IFCFACE((#17532));
#17534=IFCPOLYLOOP((#17155,#17156,#17196));
#17535=IFCFACEOUTERBOUND(#17534,.T.);
#17536=IFCFACE((#17535));
#17537=IFCPOLYLOOP((#17155,#17196,#17197));
#17538=IFCFACEOUTERBOUND(#17537,.T.);
#17539=IFCFACE((#17538));
#17540=IFCPOLYLOOP((#17198,#17155,#17197));
#17541=IFCFACEOUTERBOUND(#17540,.T.);
#17542=IFCFACE((#17541));
#17543=IFCPOLYLOOP((#17173,#17174,#17206));
#17544=IFCFACEOUTERBOUND(#17543,.T.);
#17545=IFCFACE((#17544));
#17546=IFCPOLYLOOP((#17186,#17187,#17188));
#17547=IFCFACEOUTERBOUND(#17546,.T.);
#17548=IFCFACE((#17547));
#17549=IFCPOLYLOOP((#17195,#17156,#17194));
#17550=IFCFACEOUTERBOUND(#17549,.T.);
#17551=IFCFACE((#17550));
#17552=IFCPOLYLOOP((#17195,#17196,#17156));
#17553=IFCFACEOUTERBOUND(#17552,.T.);
#17554=IFCFACE((#17553));
#17555=IFCPOLYLOOP((#17172,#17092,#17091,#17149));
#17556=IFCFACEOUTERBOUND(#17555,.T.);
#17557=IFCFACE((#17556));
#17558=IFCPOLYLOOP((#17171,#17093,#17092,#17172));
#17559=IFCFACEOUTERBOUND(#17558,.T.);
#17560=IFCFACE((#17559));
#17561=IFCPOLYLOOP((#17095,#17094,#17170,#17169));
#17562=IFCFACEOUTERBOUND(#17561,.T.);
#17563=IFCFACE((#17562));
#17564=IFCPOLYLOOP((#17171,#17170,#17094,#17093));
#17565=IFCFACEOUTERBOUND(#17564,.T.);
#17566=IFCFACE((#17565));
#17567=IFCPOLYLOOP((#17096,#17095,#17169,#17168));
#17568=IFCFACEOUTERBOUND(#17567,.T.);
#17569=IFCFACE((#17568));
#17570=IFCPOLYLOOP((#17097,#17096,#17168,#17167));
#17571=IFCFACEOUTERBOUND(#17570,.T.);
#17572=IFCFACE((#17571));
#17573=IFCPOLYLOOP((#17166,#17098,#17097,#17167));
#17574=IFCFACEOUTERBOUND(#17573,.T.);
#17575=IFCFACE((#17574));
#17576=IFCPOLYLOOP((#17165,#17099,#17098,#17166));
#17577=IFCFACEOUTERBOUND(#17576,.T.);
#17578=IFCFACE((#17577));
#17579=IFCPOLYLOOP((#17101,#17100,#17164,#17163));
#17580=IFCFACEOUTERBOUND(#17579,.T.);
#17581=IFCFACE((#17580));
#17582=IFCPOLYLOOP((#17165,#17164,#17100,#17099));
#17583=IFCFACEOUTERBOUND(#17582,.T.);
#17584=IFCFACE((#17583));
#17585=IFCPOLYLOOP((#17102,#17101,#17163,#17162));
#17586=IFCFACEOUTERBOUND(#17585,.T.);
#17587=IFCFACE((#17586));
#17588=IFCPOLYLOOP((#17103,#17102,#17162,#17161));
#17589=IFCFACEOUTERBOUND(#17588,.T.);
#17590=IFCFACE((#17589));
#17591=IFCPOLYLOOP((#17160,#17104,#17103,#17161));
#17592=IFCFACEOUTERBOUND(#17591,.T.);
#17593=IFCFACE((#17592));
#17594=IFCPOLYLOOP((#17159,#17105,#17104,#17160));
#17595=IFCFACEOUTERBOUND(#17594,.T.);
#17596=IFCFACE((#17595));
#17597=IFCPOLYLOOP((#17107,#17106,#17158,#17157));
#17598=IFCFACEOUTERBOUND(#17597,.T.);
#17599=IFCFACE((#17598));
#17600=IFCPOLYLOOP((#17159,#17158,#17106,#17105));
#17601=IFCFACEOUTERBOUND(#17600,.T.);
#17602=IFCFACE((#17601));
#17603=IFCPOLYLOOP((#17108,#17107,#17157,#17156));
#17604=IFCFACEOUTERBOUND(#17603,.T.);
#17605=IFCFACE((#17604));
#17606=IFCPOLYLOOP((#17109,#17108,#17156,#17155));
#17607=IFCFACEOUTERBOUND(#17606,.T.);
#17608=IFCFACE((#17607));
#17609=IFCPOLYLOOP((#17154,#17110,#17109,#17155));
#17610=IFCFACEOUTERBOUND(#17609,.T.);
#17611=IFCFACE((#17610));
#17612=IFCPOLYLOOP((#17153,#17111,#17110,#17154));
#17613=IFCFACEOUTERBOUND(#17612,.T.);
#17614=IFCFACE((#17613));
#17615=IFCPOLYLOOP((#17113,#17112,#17152,#17151));
#17616=IFCFACEOUTERBOUND(#17615,.T.);
#17617=IFCFACE((#17616));
#17618=IFCPOLYLOOP((#17153,#17152,#17112,#17111));
#17619=IFCFACEOUTERBOUND(#17618,.T.);
#17620=IFCFACE((#17619));
#17621=IFCPOLYLOOP((#17114,#17113,#17151,#17150));
#17622=IFCFACEOUTERBOUND(#17621,.T.);
#17623=IFCFACE((#17622));
#17624=IFCPOLYLOOP((#17091,#17114,#17150,#17149));
#17625=IFCFACEOUTERBOUND(#17624,.T.);
#17626=IFCFACE((#17625));
#17627=IFCPOLYLOOP((#17116,#17115,#17174,#17173));
#17628=IFCFACEOUTERBOUND(#17627,.T.);
#17629=IFCFACE((#17628));
#17630=IFCPOLYLOOP((#17137,#17186,#17185,#17138));
#17631=IFCFACEOUTERBOUND(#17630,.T.);
#17632=IFCFACE((#17631));
#17633=IFCPOLYLOOP((#17138,#17185,#17184,#17139));
#17634=IFCFACEOUTERBOUND(#17633,.T.);
#17635=IFCFACE((#17634));
#17636=IFCPOLYLOOP((#17141,#17140,#17183,#17182));
#17637=IFCFACEOUTERBOUND(#17636,.T.);
#17638=IFCFACE((#17637));
#17639=IFCPOLYLOOP((#17183,#17140,#17139,#17184));
#17640=IFCFACEOUTERBOUND(#17639,.T.);
#17641=IFCFACE((#17640));
#17642=IFCPOLYLOOP((#17142,#17141,#17182,#17181));
#17643=IFCFACEOUTERBOUND(#17642,.T.);
#17644=IFCFACE((#17643));
#17645=IFCPOLYLOOP((#17142,#17181,#17180,#17143));
#17646=IFCFACEOUTERBOUND(#17645,.T.);
#17647=IFCFACE((#17646));
#17648=IFCPOLYLOOP((#17143,#17180,#17179,#17144));
#17649=IFCFACEOUTERBOUND(#17648,.T.);
#17650=IFCFACE((#17649));
#17651=IFCPOLYLOOP((#17144,#17179,#17178,#17145));
#17652=IFCFACEOUTERBOUND(#17651,.T.);
#17653=IFCFACE((#17652));
#17654=IFCPOLYLOOP((#17147,#17146,#17177,#17176));
#17655=IFCFACEOUTERBOUND(#17654,.T.);
#17656=IFCFACE((#17655));
#17657=IFCPOLYLOOP((#17177,#17146,#17145,#17178));
#17658=IFCFACEOUTERBOUND(#17657,.T.);
#17659=IFCFACE((#17658));
#17660=IFCPOLYLOOP((#17148,#17147,#17176,#17175));
#17661=IFCFACEOUTERBOUND(#17660,.T.);
#17662=IFCFACE((#17661));
#17663=IFCPOLYLOOP((#17148,#17175,#17174,#17115));
#17664=IFCFACEOUTERBOUND(#17663,.T.);
#17665=IFCFACE((#17664));
#17666=IFCPOLYLOOP((#17137,#17136,#17187,#17186));
#17667=IFCFACEOUTERBOUND(#17666,.T.);
#17668=IFCFACE((#17667));
#17669=IFCPOLYLOOP((#17116,#17173,#17206,#17117));
#17670=IFCFACEOUTERBOUND(#17669,.T.);
#17671=IFCFACE((#17670));
#17672=IFCPOLYLOOP((#17118,#17205,#17204,#17119));
#17673=IFCFACEOUTERBOUND(#17672,.T.);
#17674=IFCFACE((#17673));
#17675=IFCPOLYLOOP((#17118,#17117,#17206,#17205));
#17676=IFCFACEOUTERBOUND(#17675,.T.);
#17677=IFCFACE((#17676));
#17678=IFCPOLYLOOP((#17120,#17119,#17204,#17203));
#17679=IFCFACEOUTERBOUND(#17678,.T.);
#17680=IFCFACE((#17679));
#17681=IFCPOLYLOOP((#17122,#17121,#17202,#17201));
#17682=IFCFACEOUTERBOUND(#17681,.T.);
#17683=IFCFACE((#17682));
#17684=IFCPOLYLOOP((#17124,#17123,#17200,#17199));
#17685=IFCFACEOUTERBOUND(#17684,.T.);
#17686=IFCFACE((#17685));
#17687=IFCPOLYLOOP((#17200,#17123,#17122,#17201));
#17688=IFCFACEOUTERBOUND(#17687,.T.);
#17689=IFCFACE((#17688));
#17690=IFCPOLYLOOP((#17202,#17121,#17120,#17203));
#17691=IFCFACEOUTERBOUND(#17690,.T.);
#17692=IFCFACE((#17691));
#17693=IFCPOLYLOOP((#17124,#17199,#17198,#17125));
#17694=IFCFACEOUTERBOUND(#17693,.T.);
#17695=IFCFACE((#17694));
#17696=IFCPOLYLOOP((#17197,#17126,#17125,#17198));
#17697=IFCFACEOUTERBOUND(#17696,.T.);
#17698=IFCFACE((#17697));
#17699=IFCPOLYLOOP((#17126,#17197,#17196,#17127));
#17700=IFCFACEOUTERBOUND(#17699,.T.);
#17701=IFCFACE((#17700));
#17702=IFCPOLYLOOP((#17128,#17195,#17194,#17129));
#17703=IFCFACEOUTERBOUND(#17702,.T.);
#17704=IFCFACE((#17703));
#17705=IFCPOLYLOOP((#17128,#17127,#17196,#17195));
#17706=IFCFACEOUTERBOUND(#17705,.T.);
#17707=IFCFACE((#17706));
#17708=IFCPOLYLOOP((#17130,#17129,#17194,#17193));
#17709=IFCFACEOUTERBOUND(#17708,.T.);
#17710=IFCFACE((#17709));
#17711=IFCPOLYLOOP((#17132,#17131,#17192,#17191));
#17712=IFCFACEOUTERBOUND(#17711,.T.);
#17713=IFCFACE((#17712));
#17714=IFCPOLYLOOP((#17134,#17133,#17190,#17189));
#17715=IFCFACEOUTERBOUND(#17714,.T.);
#17716=IFCFACE((#17715));
#17717=IFCPOLYLOOP((#17190,#17133,#17132,#17191));
#17718=IFCFACEOUTERBOUND(#17717,.T.);
#17719=IFCFACE((#17718));
#17720=IFCPOLYLOOP((#17192,#17131,#17130,#17193));
#17721=IFCFACEOUTERBOUND(#17720,.T.);
#17722=IFCFACE((#17721));
#17723=IFCPOLYLOOP((#17134,#17189,#17188,#17135));
#17724=IFCFACEOUTERBOUND(#17723,.T.);
#17725=IFCFACE((#17724));
#17726=IFCPOLYLOOP((#17188,#17187,#17136,#17135));
#17727=IFCFACEOUTERBOUND(#17726,.T.);
#17728=IFCFACE((#17727));
#17729=IFCCARTESIANPOINT((74.507518290146763,-39.499999999980282,-80.249999999997982));
#17730=IFCCARTESIANPOINT((67.778223117481232,-39.499999999980282,-79.364071483513783));
#17731=IFCCARTESIANPOINT((61.507518290146763,-39.499999999980254,-76.766660498393449));
#17732=IFCCARTESIANPOINT((56.122741979296499,-39.49999999998019,-72.634776310848324));
#17733=IFCCARTESIANPOINT((51.990857791751303,-39.499999999980112,-67.24999999999811));
#17734=IFCCARTESIANPOINT((49.393446806630898,-39.49999999998002,-60.979295172663676));
#17735=IFCCARTESIANPOINT((48.507518290146635,-39.499999999979913,-54.249999999998145));
#17736=IFCCARTESIANPOINT((49.393446806630813,-39.499999999979799,-47.520704827332608));
#17737=IFCCARTESIANPOINT((51.990857791751132,-39.499999999979693,-41.249999999998131));
#17738=IFCCARTESIANPOINT((56.122741979296258,-39.4999999999796,-35.865223689147875));
#17739=IFCCARTESIANPOINT((61.507518290146457,-39.499999999979522,-31.733339501602675));
#17740=IFCCARTESIANPOINT((67.778223117480891,-39.499999999979472,-29.135928516482259));
#17741=IFCCARTESIANPOINT((74.507518290146578,-39.499999999979444,-28.249999999997979));
#17742=IFCCARTESIANPOINT((81.236813462812123,-39.499999999979444,-29.135928516482188));
#17743=IFCCARTESIANPOINT((87.507518290146592,-39.49999999997948,-31.73333950160254));
#17744=IFCCARTESIANPOINT((92.89229460099682,-39.499999999979543,-35.865223689147697));
#17745=IFCCARTESIANPOINT((97.024178788542002,-39.499999999979615,-41.249999999997918));
#17746=IFCCARTESIANPOINT((99.621589773662393,-39.499999999979707,-47.520704827332359));
#17747=IFCCARTESIANPOINT((100.50751829014663,-39.499999999979821,-54.249999999997897));
#17748=IFCCARTESIANPOINT((99.621589773662436,-39.499999999979927,-60.979295172663427));
#17749=IFCCARTESIANPOINT((97.024178788542102,-39.499999999980034,-67.249999999997897));
#17750=IFCCARTESIANPOINT((92.892294600996934,-39.499999999980133,-72.634776310848139));
#17751=IFCCARTESIANPOINT((87.507518290146734,-39.499999999980211,-76.766660498393321));
#17752=IFCCARTESIANPOINT((81.236813462812293,-39.499999999980261,-79.364071483513712));
#17753=IFCCARTESIANPOINT((63.902941804047721,-39.499999999979963,-59.));
#17754=IFCCARTESIANPOINT((75.723896425486828,-39.499999999979934,-59.));
#17755=IFCCARTESIANPOINT((76.909785752012453,-39.499999999979956,-60.312108579585214));
#17756=IFCCARTESIANPOINT((78.386682401545926,-39.49999999997997,-61.285113567245091));
#17757=IFCCARTESIANPOINT((80.060307247207675,-39.499999999979977,-61.856902247963667));
#17758=IFCCARTESIANPOINT((81.823822827335903,-39.499999999979977,-61.9909739379627));
#17759=IFCCARTESIANPOINT((83.564653418243012,-39.49999999997997,-61.678770041164135));
#17760=IFCCARTESIANPOINT((85.171671414481551,-39.499999999979956,-60.940220395453288));
#17761=IFCCARTESIANPOINT((86.542291267081026,-39.499999999979934,-59.822471032190478));
#17762=IFCCARTESIANPOINT((87.589018131342741,-39.499999999979913,-58.396874563673876));
#17763=IFCCARTESIANPOINT((88.245033184923827,-39.499999999979877,-56.754435320082436));
#17764=IFCCARTESIANPOINT((88.468459072024828,-39.499999999979856,-55.));
#17765=IFCCARTESIANPOINT((88.245033184923798,-39.499999999979828,-53.245564679897861));
#17766=IFCCARTESIANPOINT((87.589018131342726,-39.499999999979799,-51.603125436306421));
#17767=IFCCARTESIANPOINT((86.542291267081012,-39.499999999979778,-50.177528967789826));
#17768=IFCCARTESIANPOINT((85.171671414481537,-39.499999999979757,-49.059779604527016));
#17769=IFCCARTESIANPOINT((83.564653418242983,-39.49999999997975,-48.32122995881619));
#17770=IFCCARTESIANPOINT((81.823822827335874,-39.49999999997975,-48.009026062017625));
#17771=IFCCARTESIANPOINT((80.060307247207632,-39.499999999979757,-48.143097752016665));
#17772=IFCCARTESIANPOINT((78.386682401545897,-39.499999999979771,-48.714886432735241));
#17773=IFCCARTESIANPOINT((76.909785752012439,-39.499999999979785,-49.687891420395125));
#17774=IFCCARTESIANPOINT((75.723896425486799,-39.499999999979813,-51.));
#17775=IFCCARTESIANPOINT((63.902941804047806,-39.499999999979828,-51.));
#17776=IFCCARTESIANPOINT((62.867665623637727,-39.499999999979835,-51.136296694833852));
#17777=IFCCARTESIANPOINT((61.902941804047799,-39.499999999979842,-51.535898384852359));
#17778=IFCCARTESIANPOINT((61.074514679301586,-39.499999999979856,-52.171572875243911));
#17779=IFCCARTESIANPOINT((60.438840188910014,-39.49999999997987,-53.));
#17780=IFCCARTESIANPOINT((60.039238498891478,-39.499999999979885,-53.964723819580001));
#17781=IFCCARTESIANPOINT((59.902941804047742,-39.499999999979906,-55.));
#17782=IFCCARTESIANPOINT((60.03923849889145,-39.49999999997992,-56.035276180400174));
#17783=IFCCARTESIANPOINT((60.438840188909957,-39.499999999979934,-57.));
#17784=IFCCARTESIANPOINT((61.074514679301522,-39.499999999979948,-57.828427124736301));
#17785=IFCCARTESIANPOINT((61.9029418040477,-39.499999999979956,-58.464101615127873));
#17786=IFCCARTESIANPOINT((62.867665623637613,-39.499999999979963,-58.863703305146402));
#17787=IFCCARTESIANPOINT((74.507518290146763,-48.,-80.24999999999784));
#17788=IFCCARTESIANPOINT((81.236813462812307,-48.,-79.364071483513584));
#17789=IFCCARTESIANPOINT((87.507518290146763,-48.,-76.766660498393179));
#17790=IFCCARTESIANPOINT((92.892294600996962,-48.,-72.634776310848011));
#17791=IFCCARTESIANPOINT((97.024178788542116,-48.,-67.249999999997755));
#17792=IFCCARTESIANPOINT((99.62158977366245,-48.,-60.979295172663292));
#17793=IFCCARTESIANPOINT((100.50751829014665,-48.,-54.249999999997762));
#17794=IFCCARTESIANPOINT((99.621589773662407,-48.,-47.520704827332224));
#17795=IFCCARTESIANPOINT((97.024178788542017,-48.,-41.249999999997776));
#17796=IFCCARTESIANPOINT((92.892294600996834,-48.,-35.865223689147562));
#17797=IFCCARTESIANPOINT((87.507518290146606,-48.,-31.733339501602405));
#17798=IFCCARTESIANPOINT((81.236813462812137,-48.,-29.135928516482053));
#17799=IFCCARTESIANPOINT((74.50751829014645,-48.,-28.24999999999784));
#17800=IFCCARTESIANPOINT((67.778223117480906,-48.,-29.135928516482124));
#17801=IFCCARTESIANPOINT((61.507518290146479,-48.,-31.73333950160254));
#17802=IFCCARTESIANPOINT((56.122741979296279,-48.,-35.86522368914774));
#17803=IFCCARTESIANPOINT((51.990857791751154,-48.,-41.249999999997996));
#17804=IFCCARTESIANPOINT((49.393446806630827,-48.,-47.520704827332473));
#17805=IFCCARTESIANPOINT((48.507518290146649,-48.,-54.24999999999801));
#17806=IFCCARTESIANPOINT((49.393446806630912,-48.,-60.979295172663541));
#17807=IFCCARTESIANPOINT((51.990857791751324,-48.,-67.249999999997982));
#17808=IFCCARTESIANPOINT((56.122741979296514,-48.,-72.634776310848181));
#17809=IFCCARTESIANPOINT((61.507518290146784,-48.,-76.766660498393321));
#17810=IFCCARTESIANPOINT((67.778223117481247,-48.,-79.364071483513655));
#17811=IFCCARTESIANPOINT((75.723896425486856,-48.,-59.));
#17812=IFCCARTESIANPOINT((63.902941804047757,-48.,-59.));
#17813=IFCCARTESIANPOINT((62.86766562363767,-48.,-58.863703305146281));
#17814=IFCCARTESIANPOINT((61.902941804047757,-48.,-58.464101615127767));
#17815=IFCCARTESIANPOINT((61.074514679301565,-48.,-57.828427124736194));
#17816=IFCCARTESIANPOINT((60.43884018891,-48.,-57.));
#17817=IFCCARTESIANPOINT((60.039238498891478,-48.,-56.035276180400082));
#17818=IFCCARTESIANPOINT((59.902941804047757,-48.,-55.));
#17819=IFCCARTESIANPOINT((60.039238498891478,-48.,-53.964723819579916));
#17820=IFCCARTESIANPOINT((60.438840188910014,-48.,-53.));
#17821=IFCCARTESIANPOINT((61.074514679301572,-48.,-52.171572875243811));
#17822=IFCCARTESIANPOINT((61.902941804047771,-48.,-51.535898384852246));
#17823=IFCCARTESIANPOINT((62.867665623637691,-48.,-51.136296694833732));
#17824=IFCCARTESIANPOINT((63.902941804047799,-48.,-51.));
#17825=IFCCARTESIANPOINT((75.723896425486743,-48.,-51.));
#17826=IFCCARTESIANPOINT((76.90978575201234,-48.,-49.687891420395083));
#17827=IFCCARTESIANPOINT((78.386682401545798,-48.,-48.714886432735177));
#17828=IFCCARTESIANPOINT((80.060307247207518,-48.,-48.143097752016551));
#17829=IFCCARTESIANPOINT((81.823822827335746,-48.,-48.009026062017476));
#17830=IFCCARTESIANPOINT((83.564653418242855,-48.,-48.321229958816005));
#17831=IFCCARTESIANPOINT((85.171671414481438,-48.,-49.059779604526803));
#17832=IFCCARTESIANPOINT((86.542291267080927,-48.,-50.177528967789591));
#17833=IFCCARTESIANPOINT((87.589018131342669,-48.,-51.603125436306172));
#17834=IFCCARTESIANPOINT((88.245033184923784,-48.,-53.245564679897591));
#17835=IFCCARTESIANPOINT((88.468459072024842,-48.,-55.));
#17836=IFCCARTESIANPOINT((88.245033184923869,-48.,-56.754435320082166));
#17837=IFCCARTESIANPOINT((87.589018131342826,-48.,-58.396874563673613));
#17838=IFCCARTESIANPOINT((86.54229126708114,-48.,-59.822471032190236));
#17839=IFCCARTESIANPOINT((85.171671414481693,-48.,-60.940220395453075));
#17840=IFCCARTESIANPOINT((83.564653418243154,-48.,-61.678770041163958));
#17841=IFCCARTESIANPOINT((81.823822827336059,-48.,-61.990973937962558));
#17842=IFCCARTESIANPOINT((80.060307247207817,-48.,-61.856902247963561));
#17843=IFCCARTESIANPOINT((78.386682401546068,-48.,-61.285113567245013));
#17844=IFCCARTESIANPOINT((76.909785752012567,-48.,-60.312108579585164));
#17845=IFCPOLYLOOP((#17777,#17778,#17737));
#17846=IFCFACEOUTERBOUND(#17845,.T.);
#17847=IFCFACE((#17846));
#17848=IFCPOLYLOOP((#17777,#17737,#17776));
#17849=IFCFACEOUTERBOUND(#17848,.T.);
#17850=IFCFACE((#17849));
#17851=IFCPOLYLOOP((#17736,#17737,#17778));
#17852=IFCFACEOUTERBOUND(#17851,.T.);
#17853=IFCFACE((#17852));
#17854=IFCPOLYLOOP((#17778,#17779,#17736));
#17855=IFCFACEOUTERBOUND(#17854,.T.);
#17856=IFCFACE((#17855));
#17857=IFCPOLYLOOP((#17780,#17736,#17779));
#17858=IFCFACEOUTERBOUND(#17857,.T.);
#17859=IFCFACE((#17858));
#17860=IFCPOLYLOOP((#17736,#17780,#17735));
#17861=IFCFACEOUTERBOUND(#17860,.T.);
#17862=IFCFACE((#17861));
#17863=IFCPOLYLOOP((#17781,#17735,#17780));
#17864=IFCFACEOUTERBOUND(#17863,.T.);
#17865=IFCFACE((#17864));
#17866=IFCPOLYLOOP((#17735,#17781,#17782));
#17867=IFCFACEOUTERBOUND(#17866,.T.);
#17868=IFCFACE((#17867));
#17869=IFCPOLYLOOP((#17735,#17782,#17734));
#17870=IFCFACEOUTERBOUND(#17869,.T.);
#17871=IFCFACE((#17870));
#17872=IFCPOLYLOOP((#17734,#17782,#17783));
#17873=IFCFACEOUTERBOUND(#17872,.T.);
#17874=IFCFACE((#17873));
#17875=IFCPOLYLOOP((#17783,#17784,#17734));
#17876=IFCFACEOUTERBOUND(#17875,.T.);
#17877=IFCFACE((#17876));
#17878=IFCPOLYLOOP((#17784,#17733,#17734));
#17879=IFCFACEOUTERBOUND(#17878,.T.);
#17880=IFCFACE((#17879));
#17881=IFCPOLYLOOP((#17785,#17733,#17784));
#17882=IFCFACEOUTERBOUND(#17881,.T.);
#17883=IFCFACE((#17882));
#17884=IFCPOLYLOOP((#17786,#17733,#17785));
#17885=IFCFACEOUTERBOUND(#17884,.T.);
#17886=IFCFACE((#17885));
#17887=IFCPOLYLOOP((#17733,#17786,#17732));
#17888=IFCFACEOUTERBOUND(#17887,.T.);
#17889=IFCFACE((#17888));
#17890=IFCPOLYLOOP((#17753,#17732,#17786));
#17891=IFCFACEOUTERBOUND(#17890,.T.);
#17892=IFCFACE((#17891));
#17893=IFCPOLYLOOP((#17731,#17732,#17753));
#17894=IFCFACEOUTERBOUND(#17893,.T.);
#17895=IFCFACE((#17894));
#17896=IFCPOLYLOOP((#17731,#17753,#17730));
#17897=IFCFACEOUTERBOUND(#17896,.T.);
#17898=IFCFACE((#17897));
#17899=IFCPOLYLOOP((#17755,#17730,#17753));
#17900=IFCFACEOUTERBOUND(#17899,.T.);
#17901=IFCFACE((#17900));
#17902=IFCPOLYLOOP((#17754,#17755,#17753));
#17903=IFCFACEOUTERBOUND(#17902,.T.);
#17904=IFCFACE((#17903));
#17905=IFCPOLYLOOP((#17756,#17730,#17755));
#17906=IFCFACEOUTERBOUND(#17905,.T.);
#17907=IFCFACE((#17906));
#17908=IFCPOLYLOOP((#17730,#17756,#17729));
#17909=IFCFACEOUTERBOUND(#17908,.T.);
#17910=IFCFACE((#17909));
#17911=IFCPOLYLOOP((#17757,#17729,#17756));
#17912=IFCFACEOUTERBOUND(#17911,.T.);
#17913=IFCFACE((#17912));
#17914=IFCPOLYLOOP((#17752,#17729,#17757));
#17915=IFCFACEOUTERBOUND(#17914,.T.);
#17916=IFCFACE((#17915));
#17917=IFCPOLYLOOP((#17752,#17757,#17758));
#17918=IFCFACEOUTERBOUND(#17917,.T.);
#17919=IFCFACE((#17918));
#17920=IFCPOLYLOOP((#17752,#17758,#17751));
#17921=IFCFACEOUTERBOUND(#17920,.T.);
#17922=IFCFACE((#17921));
#17923=IFCPOLYLOOP((#17759,#17751,#17758));
#17924=IFCFACEOUTERBOUND(#17923,.T.);
#17925=IFCFACE((#17924));
#17926=IFCPOLYLOOP((#17759,#17750,#17751));
#17927=IFCFACEOUTERBOUND(#17926,.T.);
#17928=IFCFACE((#17927));
#17929=IFCPOLYLOOP((#17759,#17760,#17750));
#17930=IFCFACEOUTERBOUND(#17929,.T.);
#17931=IFCFACE((#17930));
#17932=IFCPOLYLOOP((#17750,#17760,#17749));
#17933=IFCFACEOUTERBOUND(#17932,.T.);
#17934=IFCFACE((#17933));
#17935=IFCPOLYLOOP((#17760,#17761,#17749));
#17936=IFCFACEOUTERBOUND(#17935,.T.);
#17937=IFCFACE((#17936));
#17938=IFCPOLYLOOP((#17761,#17762,#17749));
#17939=IFCFACEOUTERBOUND(#17938,.T.);
#17940=IFCFACE((#17939));
#17941=IFCPOLYLOOP((#17748,#17749,#17762));
#17942=IFCFACEOUTERBOUND(#17941,.T.);
#17943=IFCFACE((#17942));
#17944=IFCPOLYLOOP((#17762,#17763,#17748));
#17945=IFCFACEOUTERBOUND(#17944,.T.);
#17946=IFCFACE((#17945));
#17947=IFCPOLYLOOP((#17747,#17748,#17763));
#17948=IFCFACEOUTERBOUND(#17947,.T.);
#17949=IFCFACE((#17948));
#17950=IFCPOLYLOOP((#17764,#17747,#17763));
#17951=IFCFACEOUTERBOUND(#17950,.T.);
#17952=IFCFACE((#17951));
#17953=IFCPOLYLOOP((#17765,#17747,#17764));
#17954=IFCFACEOUTERBOUND(#17953,.T.);
#17955=IFCFACE((#17954));
#17956=IFCPOLYLOOP((#17746,#17747,#17765));
#17957=IFCFACEOUTERBOUND(#17956,.T.);
#17958=IFCFACE((#17957));
#17959=IFCPOLYLOOP((#17765,#17766,#17746));
#17960=IFCFACEOUTERBOUND(#17959,.T.);
#17961=IFCFACE((#17960));
#17962=IFCPOLYLOOP((#17767,#17746,#17766));
#17963=IFCFACEOUTERBOUND(#17962,.T.);
#17964=IFCFACE((#17963));
#17965=IFCPOLYLOOP((#17745,#17746,#17767));
#17966=IFCFACEOUTERBOUND(#17965,.T.);
#17967=IFCFACE((#17966));
#17968=IFCPOLYLOOP((#17745,#17767,#17768));
#17969=IFCFACEOUTERBOUND(#17968,.T.);
#17970=IFCFACE((#17969));
#17971=IFCPOLYLOOP((#17744,#17745,#17768));
#17972=IFCFACEOUTERBOUND(#17971,.T.);
#17973=IFCFACE((#17972));
#17974=IFCPOLYLOOP((#17768,#17769,#17744));
#17975=IFCFACEOUTERBOUND(#17974,.T.);
#17976=IFCFACE((#17975));
#17977=IFCPOLYLOOP((#17744,#17769,#17743));
#17978=IFCFACEOUTERBOUND(#17977,.T.);
#17979=IFCFACE((#17978));
#17980=IFCPOLYLOOP((#17769,#17770,#17743));
#17981=IFCFACEOUTERBOUND(#17980,.T.);
#17982=IFCFACE((#17981));
#17983=IFCPOLYLOOP((#17742,#17743,#17770));
#17984=IFCFACEOUTERBOUND(#17983,.T.);
#17985=IFCFACE((#17984));
#17986=IFCPOLYLOOP((#17771,#17742,#17770));
#17987=IFCFACEOUTERBOUND(#17986,.T.);
#17988=IFCFACE((#17987));
#17989=IFCPOLYLOOP((#17771,#17741,#17742));
#17990=IFCFACEOUTERBOUND(#17989,.T.);
#17991=IFCFACE((#17990));
#17992=IFCPOLYLOOP((#17771,#17772,#17741));
#17993=IFCFACEOUTERBOUND(#17992,.T.);
#17994=IFCFACE((#17993));
#17995=IFCPOLYLOOP((#17772,#17740,#17741));
#17996=IFCFACEOUTERBOUND(#17995,.T.);
#17997=IFCFACE((#17996));
#17998=IFCPOLYLOOP((#17773,#17740,#17772));
#17999=IFCFACEOUTERBOUND(#17998,.T.);
#18000=IFCFACE((#17999));
#18001=IFCPOLYLOOP((#17740,#17773,#17775));
#18002=IFCFACEOUTERBOUND(#18001,.T.);
#18003=IFCFACE((#18002));
#18004=IFCPOLYLOOP((#17774,#17775,#17773));
#18005=IFCFACEOUTERBOUND(#18004,.T.);
#18006=IFCFACE((#18005));
#18007=IFCPOLYLOOP((#17738,#17775,#17776));
#18008=IFCFACEOUTERBOUND(#18007,.T.);
#18009=IFCFACE((#18008));
#18010=IFCPOLYLOOP((#17738,#17739,#17775));
#18011=IFCFACEOUTERBOUND(#18010,.T.);
#18012=IFCFACE((#18011));
#18013=IFCPOLYLOOP((#17739,#17740,#17775));
#18014=IFCFACEOUTERBOUND(#18013,.T.);
#18015=IFCFACE((#18014));
#18016=IFCPOLYLOOP((#17738,#17776,#17737));
#18017=IFCFACEOUTERBOUND(#18016,.T.);
#18018=IFCFACE((#18017));
#18019=IFCPOLYLOOP((#17795,#17832,#17794));
#18020=IFCFACEOUTERBOUND(#18019,.T.);
#18021=IFCFACE((#18020));
#18022=IFCPOLYLOOP((#17832,#17795,#17831));
#18023=IFCFACEOUTERBOUND(#18022,.T.);
#18024=IFCFACE((#18023));
#18025=IFCPOLYLOOP((#17796,#17831,#17795));
#18026=IFCFACEOUTERBOUND(#18025,.T.);
#18027=IFCFACE((#18026));
#18028=IFCPOLYLOOP((#17796,#17830,#17831));
#18029=IFCFACEOUTERBOUND(#18028,.T.);
#18030=IFCFACE((#18029));
#18031=IFCPOLYLOOP((#17796,#17797,#17830));
#18032=IFCFACEOUTERBOUND(#18031,.T.);
#18033=IFCFACE((#18032));
#18034=IFCPOLYLOOP((#17829,#17830,#17797));
#18035=IFCFACEOUTERBOUND(#18034,.T.);
#18036=IFCFACE((#18035));
#18037=IFCPOLYLOOP((#17798,#17829,#17797));
#18038=IFCFACEOUTERBOUND(#18037,.T.);
#18039=IFCFACE((#18038));
#18040=IFCPOLYLOOP((#17829,#17798,#17828));
#18041=IFCFACEOUTERBOUND(#18040,.T.);
#18042=IFCFACE((#18041));
#18043=IFCPOLYLOOP((#17828,#17798,#17799));
#18044=IFCFACEOUTERBOUND(#18043,.T.);
#18045=IFCFACE((#18044));
#18046=IFCPOLYLOOP((#17827,#17828,#17799));
#18047=IFCFACEOUTERBOUND(#18046,.T.);
#18048=IFCFACE((#18047));
#18049=IFCPOLYLOOP((#17800,#17827,#17799));
#18050=IFCFACEOUTERBOUND(#18049,.T.);
#18051=IFCFACE((#18050));
#18052=IFCPOLYLOOP((#17827,#17800,#17826));
#18053=IFCFACEOUTERBOUND(#18052,.T.);
#18054=IFCFACE((#18053));
#18055=IFCPOLYLOOP((#17826,#17800,#17824));
#18056=IFCFACEOUTERBOUND(#18055,.T.);
#18057=IFCFACE((#18056));
#18058=IFCPOLYLOOP((#17801,#17824,#17800));
#18059=IFCFACEOUTERBOUND(#18058,.T.);
#18060=IFCFACE((#18059));
#18061=IFCPOLYLOOP((#17802,#17824,#17801));
#18062=IFCFACEOUTERBOUND(#18061,.T.);
#18063=IFCFACE((#18062));
#18064=IFCPOLYLOOP((#17823,#17824,#17802));
#18065=IFCFACEOUTERBOUND(#18064,.T.);
#18066=IFCFACE((#18065));
#18067=IFCPOLYLOOP((#17802,#17803,#17823));
#18068=IFCFACEOUTERBOUND(#18067,.T.);
#18069=IFCFACE((#18068));
#18070=IFCPOLYLOOP((#17803,#17822,#17823));
#18071=IFCFACEOUTERBOUND(#18070,.T.);
#18072=IFCFACE((#18071));
#18073=IFCPOLYLOOP((#17822,#17803,#17821));
#18074=IFCFACEOUTERBOUND(#18073,.T.);
#18075=IFCFACE((#18074));
#18076=IFCPOLYLOOP((#17821,#17803,#17804));
#18077=IFCFACEOUTERBOUND(#18076,.T.);
#18078=IFCFACE((#18077));
#18079=IFCPOLYLOOP((#17820,#17821,#17804));
#18080=IFCFACEOUTERBOUND(#18079,.T.);
#18081=IFCFACE((#18080));
#18082=IFCPOLYLOOP((#17804,#17819,#17820));
#18083=IFCFACEOUTERBOUND(#18082,.T.);
#18084=IFCFACE((#18083));
#18085=IFCPOLYLOOP((#17819,#17804,#17805));
#18086=IFCFACEOUTERBOUND(#18085,.T.);
#18087=IFCFACE((#18086));
#18088=IFCPOLYLOOP((#17805,#17818,#17819));
#18089=IFCFACEOUTERBOUND(#18088,.T.);
#18090=IFCFACE((#18089));
#18091=IFCPOLYLOOP((#17818,#17805,#17817));
#18092=IFCFACEOUTERBOUND(#18091,.T.);
#18093=IFCFACE((#18092));
#18094=IFCPOLYLOOP((#17806,#17817,#17805));
#18095=IFCFACEOUTERBOUND(#18094,.T.);
#18096=IFCFACE((#18095));
#18097=IFCPOLYLOOP((#17806,#17816,#17817));
#18098=IFCFACEOUTERBOUND(#18097,.T.);
#18099=IFCFACE((#18098));
#18100=IFCPOLYLOOP((#17815,#17816,#17806));
#18101=IFCFACEOUTERBOUND(#18100,.T.);
#18102=IFCFACE((#18101));
#18103=IFCPOLYLOOP((#17806,#17807,#17815));
#18104=IFCFACEOUTERBOUND(#18103,.T.);
#18105=IFCFACE((#18104));
#18106=IFCPOLYLOOP((#17807,#17814,#17815));
#18107=IFCFACEOUTERBOUND(#18106,.T.);
#18108=IFCFACE((#18107));
#18109=IFCPOLYLOOP((#17813,#17814,#17807));
#18110=IFCFACEOUTERBOUND(#18109,.T.);
#18111=IFCFACE((#18110));
#18112=IFCPOLYLOOP((#17813,#17807,#17808));
#18113=IFCFACEOUTERBOUND(#18112,.T.);
#18114=IFCFACE((#18113));
#18115=IFCPOLYLOOP((#17808,#17812,#17813));
#18116=IFCFACEOUTERBOUND(#18115,.T.);
#18117=IFCFACE((#18116));
#18118=IFCPOLYLOOP((#17808,#17809,#17812));
#18119=IFCFACEOUTERBOUND(#18118,.T.);
#18120=IFCFACE((#18119));
#18121=IFCPOLYLOOP((#17812,#17809,#17810));
#18122=IFCFACEOUTERBOUND(#18121,.T.);
#18123=IFCFACE((#18122));
#18124=IFCPOLYLOOP((#17812,#17810,#17844));
#18125=IFCFACEOUTERBOUND(#18124,.T.);
#18126=IFCFACE((#18125));
#18127=IFCPOLYLOOP((#17843,#17844,#17810));
#18128=IFCFACEOUTERBOUND(#18127,.T.);
#18129=IFCFACE((#18128));
#18130=IFCPOLYLOOP((#17843,#17810,#17787));
#18131=IFCFACEOUTERBOUND(#18130,.T.);
#18132=IFCFACE((#18131));
#18133=IFCPOLYLOOP((#17787,#17842,#17843));
#18134=IFCFACEOUTERBOUND(#18133,.T.);
#18135=IFCFACE((#18134));
#18136=IFCPOLYLOOP((#17787,#17788,#17842));
#18137=IFCFACEOUTERBOUND(#18136,.T.);
#18138=IFCFACE((#18137));
#18139=IFCPOLYLOOP((#17842,#17788,#17841));
#18140=IFCFACEOUTERBOUND(#18139,.T.);
#18141=IFCFACE((#18140));
#18142=IFCPOLYLOOP((#17841,#17788,#17789));
#18143=IFCFACEOUTERBOUND(#18142,.T.);
#18144=IFCFACE((#18143));
#18145=IFCPOLYLOOP((#17789,#17840,#17841));
#18146=IFCFACEOUTERBOUND(#18145,.T.);
#18147=IFCFACE((#18146));
#18148=IFCPOLYLOOP((#17790,#17840,#17789));
#18149=IFCFACEOUTERBOUND(#18148,.T.);
#18150=IFCFACE((#18149));
#18151=IFCPOLYLOOP((#17840,#17790,#17839));
#18152=IFCFACEOUTERBOUND(#18151,.T.);
#18153=IFCFACE((#18152));
#18154=IFCPOLYLOOP((#17790,#17791,#17839));
#18155=IFCFACEOUTERBOUND(#18154,.T.);
#18156=IFCFACE((#18155));
#18157=IFCPOLYLOOP((#17839,#17791,#17838));
#18158=IFCFACEOUTERBOUND(#18157,.T.);
#18159=IFCFACE((#18158));
#18160=IFCPOLYLOOP((#17838,#17791,#17837));
#18161=IFCFACEOUTERBOUND(#18160,.T.);
#18162=IFCFACE((#18161));
#18163=IFCPOLYLOOP((#17792,#17837,#17791));
#18164=IFCFACEOUTERBOUND(#18163,.T.);
#18165=IFCFACE((#18164));
#18166=IFCPOLYLOOP((#17836,#17837,#17792));
#18167=IFCFACEOUTERBOUND(#18166,.T.);
#18168=IFCFACE((#18167));
#18169=IFCPOLYLOOP((#17836,#17792,#17793));
#18170=IFCFACEOUTERBOUND(#18169,.T.);
#18171=IFCFACE((#18170));
#18172=IFCPOLYLOOP((#17793,#17794,#17834));
#18173=IFCFACEOUTERBOUND(#18172,.T.);
#18174=IFCFACE((#18173));
#18175=IFCPOLYLOOP((#17793,#17834,#17835));
#18176=IFCFACEOUTERBOUND(#18175,.T.);
#18177=IFCFACE((#18176));
#18178=IFCPOLYLOOP((#17836,#17793,#17835));
#18179=IFCFACEOUTERBOUND(#18178,.T.);
#18180=IFCFACE((#18179));
#18181=IFCPOLYLOOP((#17811,#17812,#17844));
#18182=IFCFACEOUTERBOUND(#18181,.T.);
#18183=IFCFACE((#18182));
#18184=IFCPOLYLOOP((#17824,#17825,#17826));
#18185=IFCFACEOUTERBOUND(#18184,.T.);
#18186=IFCFACE((#18185));
#18187=IFCPOLYLOOP((#17833,#17794,#17832));
#18188=IFCFACEOUTERBOUND(#18187,.T.);
#18189=IFCFACE((#18188));
#18190=IFCPOLYLOOP((#17833,#17834,#17794));
#18191=IFCFACEOUTERBOUND(#18190,.T.);
#18192=IFCFACE((#18191));
#18193=IFCPOLYLOOP((#17810,#17730,#17729,#17787));
#18194=IFCFACEOUTERBOUND(#18193,.T.);
#18195=IFCFACE((#18194));
#18196=IFCPOLYLOOP((#17809,#17731,#17730,#17810));
#18197=IFCFACEOUTERBOUND(#18196,.T.);
#18198=IFCFACE((#18197));
#18199=IFCPOLYLOOP((#17733,#17732,#17808,#17807));
#18200=IFCFACEOUTERBOUND(#18199,.T.);
#18201=IFCFACE((#18200));
#18202=IFCPOLYLOOP((#17809,#17808,#17732,#17731));
#18203=IFCFACEOUTERBOUND(#18202,.T.);
#18204=IFCFACE((#18203));
#18205=IFCPOLYLOOP((#17734,#17733,#17807,#17806));
#18206=IFCFACEOUTERBOUND(#18205,.T.);
#18207=IFCFACE((#18206));
#18208=IFCPOLYLOOP((#17735,#17734,#17806,#17805));
#18209=IFCFACEOUTERBOUND(#18208,.T.);
#18210=IFCFACE((#18209));
#18211=IFCPOLYLOOP((#17804,#17736,#17735,#17805));
#18212=IFCFACEOUTERBOUND(#18211,.T.);
#18213=IFCFACE((#18212));
#18214=IFCPOLYLOOP((#17803,#17737,#17736,#17804));
#18215=IFCFACEOUTERBOUND(#18214,.T.);
#18216=IFCFACE((#18215));
#18217=IFCPOLYLOOP((#17739,#17738,#17802,#17801));
#18218=IFCFACEOUTERBOUND(#18217,.T.);
#18219=IFCFACE((#18218));
#18220=IFCPOLYLOOP((#17803,#17802,#17738,#17737));
#18221=IFCFACEOUTERBOUND(#18220,.T.);
#18222=IFCFACE((#18221));
#18223=IFCPOLYLOOP((#17740,#17739,#17801,#17800));
#18224=IFCFACEOUTERBOUND(#18223,.T.);
#18225=IFCFACE((#18224));
#18226=IFCPOLYLOOP((#17741,#17740,#17800,#17799));
#18227=IFCFACEOUTERBOUND(#18226,.T.);
#18228=IFCFACE((#18227));
#18229=IFCPOLYLOOP((#17798,#17742,#17741,#17799));
#18230=IFCFACEOUTERBOUND(#18229,.T.);
#18231=IFCFACE((#18230));
#18232=IFCPOLYLOOP((#17797,#17743,#17742,#17798));
#18233=IFCFACEOUTERBOUND(#18232,.T.);
#18234=IFCFACE((#18233));
#18235=IFCPOLYLOOP((#17745,#17744,#17796,#17795));
#18236=IFCFACEOUTERBOUND(#18235,.T.);
#18237=IFCFACE((#18236));
#18238=IFCPOLYLOOP((#17797,#17796,#17744,#17743));
#18239=IFCFACEOUTERBOUND(#18238,.T.);
#18240=IFCFACE((#18239));
#18241=IFCPOLYLOOP((#17746,#17745,#17795,#17794));
#18242=IFCFACEOUTERBOUND(#18241,.T.);
#18243=IFCFACE((#18242));
#18244=IFCPOLYLOOP((#17747,#17746,#17794,#17793));
#18245=IFCFACEOUTERBOUND(#18244,.T.);
#18246=IFCFACE((#18245));
#18247=IFCPOLYLOOP((#17792,#17748,#17747,#17793));
#18248=IFCFACEOUTERBOUND(#18247,.T.);
#18249=IFCFACE((#18248));
#18250=IFCPOLYLOOP((#17791,#17749,#17748,#17792));
#18251=IFCFACEOUTERBOUND(#18250,.T.);
#18252=IFCFACE((#18251));
#18253=IFCPOLYLOOP((#17751,#17750,#17790,#17789));
#18254=IFCFACEOUTERBOUND(#18253,.T.);
#18255=IFCFACE((#18254));
#18256=IFCPOLYLOOP((#17791,#17790,#17750,#17749));
#18257=IFCFACEOUTERBOUND(#18256,.T.);
#18258=IFCFACE((#18257));
#18259=IFCPOLYLOOP((#17752,#17751,#17789,#17788));
#18260=IFCFACEOUTERBOUND(#18259,.T.);
#18261=IFCFACE((#18260));
#18262=IFCPOLYLOOP((#17729,#17752,#17788,#17787));
#18263=IFCFACEOUTERBOUND(#18262,.T.);
#18264=IFCFACE((#18263));
#18265=IFCPOLYLOOP((#17754,#17753,#17812,#17811));
#18266=IFCFACEOUTERBOUND(#18265,.T.);
#18267=IFCFACE((#18266));
#18268=IFCPOLYLOOP((#17775,#17824,#17823,#17776));
#18269=IFCFACEOUTERBOUND(#18268,.T.);
#18270=IFCFACE((#18269));
#18271=IFCPOLYLOOP((#17776,#17823,#17822,#17777));
#18272=IFCFACEOUTERBOUND(#18271,.T.);
#18273=IFCFACE((#18272));
#18274=IFCPOLYLOOP((#17779,#17778,#17821,#17820));
#18275=IFCFACEOUTERBOUND(#18274,.T.);
#18276=IFCFACE((#18275));
#18277=IFCPOLYLOOP((#17777,#17822,#17821,#17778));
#18278=IFCFACEOUTERBOUND(#18277,.T.);
#18279=IFCFACE((#18278));
#18280=IFCPOLYLOOP((#17819,#17780,#17779,#17820));
#18281=IFCFACEOUTERBOUND(#18280,.T.);
#18282=IFCFACE((#18281));
#18283=IFCPOLYLOOP((#17780,#17819,#17818,#17781));
#18284=IFCFACEOUTERBOUND(#18283,.T.);
#18285=IFCFACE((#18284));
#18286=IFCPOLYLOOP((#17781,#17818,#17817,#17782));
#18287=IFCFACEOUTERBOUND(#18286,.T.);
#18288=IFCFACE((#18287));
#18289=IFCPOLYLOOP((#17782,#17817,#17816,#17783));
#18290=IFCFACEOUTERBOUND(#18289,.T.);
#18291=IFCFACE((#18290));
#18292=IFCPOLYLOOP((#17785,#17784,#17815,#17814));
#18293=IFCFACEOUTERBOUND(#18292,.T.);
#18294=IFCFACE((#18293));
#18295=IFCPOLYLOOP((#17815,#17784,#17783,#17816));
#18296=IFCFACEOUTERBOUND(#18295,.T.);
#18297=IFCFACE((#18296));
#18298=IFCPOLYLOOP((#17786,#17785,#17814,#17813));
#18299=IFCFACEOUTERBOUND(#18298,.T.);
#18300=IFCFACE((#18299));
#18301=IFCPOLYLOOP((#17786,#17813,#17812,#17753));
#18302=IFCFACEOUTERBOUND(#18301,.T.);
#18303=IFCFACE((#18302));
#18304=IFCPOLYLOOP((#17775,#17774,#17825,#17824));
#18305=IFCFACEOUTERBOUND(#18304,.T.);
#18306=IFCFACE((#18305));
#18307=IFCPOLYLOOP((#17754,#17811,#17844,#17755));
#18308=IFCFACEOUTERBOUND(#18307,.T.);
#18309=IFCFACE((#18308));
#18310=IFCPOLYLOOP((#17756,#17843,#17842,#17757));
#18311=IFCFACEOUTERBOUND(#18310,.T.);
#18312=IFCFACE((#18311));
#18313=IFCPOLYLOOP((#17756,#17755,#17844,#17843));
#18314=IFCFACEOUTERBOUND(#18313,.T.);
#18315=IFCFACE((#18314));
#18316=IFCPOLYLOOP((#17758,#17757,#17842,#17841));
#18317=IFCFACEOUTERBOUND(#18316,.T.);
#18318=IFCFACE((#18317));
#18319=IFCPOLYLOOP((#17760,#17759,#17840,#17839));
#18320=IFCFACEOUTERBOUND(#18319,.T.);
#18321=IFCFACE((#18320));
#18322=IFCPOLYLOOP((#17762,#17761,#17838,#17837));
#18323=IFCFACEOUTERBOUND(#18322,.T.);
#18324=IFCFACE((#18323));
#18325=IFCPOLYLOOP((#17838,#17761,#17760,#17839));
#18326=IFCFACEOUTERBOUND(#18325,.T.);
#18327=IFCFACE((#18326));
#18328=IFCPOLYLOOP((#17840,#17759,#17758,#17841));
#18329=IFCFACEOUTERBOUND(#18328,.T.);
#18330=IFCFACE((#18329));
#18331=IFCPOLYLOOP((#17762,#17837,#17836,#17763));
#18332=IFCFACEOUTERBOUND(#18331,.T.);
#18333=IFCFACE((#18332));
#18334=IFCPOLYLOOP((#17835,#17764,#17763,#17836));
#18335=IFCFACEOUTERBOUND(#18334,.T.);
#18336=IFCFACE((#18335));
#18337=IFCPOLYLOOP((#17764,#17835,#17834,#17765));
#18338=IFCFACEOUTERBOUND(#18337,.T.);
#18339=IFCFACE((#18338));
#18340=IFCPOLYLOOP((#17766,#17833,#17832,#17767));
#18341=IFCFACEOUTERBOUND(#18340,.T.);
#18342=IFCFACE((#18341));
#18343=IFCPOLYLOOP((#17766,#17765,#17834,#17833));
#18344=IFCFACEOUTERBOUND(#18343,.T.);
#18345=IFCFACE((#18344));
#18346=IFCPOLYLOOP((#17768,#17767,#17832,#17831));
#18347=IFCFACEOUTERBOUND(#18346,.T.);
#18348=IFCFACE((#18347));
#18349=IFCPOLYLOOP((#17770,#17769,#17830,#17829));
#18350=IFCFACEOUTERBOUND(#18349,.T.);
#18351=IFCFACE((#18350));
#18352=IFCPOLYLOOP((#17772,#17771,#17828,#17827));
#18353=IFCFACEOUTERBOUND(#18352,.T.);
#18354=IFCFACE((#18353));
#18355=IFCPOLYLOOP((#17828,#17771,#17770,#17829));
#18356=IFCFACEOUTERBOUND(#18355,.T.);
#18357=IFCFACE((#18356));
#18358=IFCPOLYLOOP((#17830,#17769,#17768,#17831));
#18359=IFCFACEOUTERBOUND(#18358,.T.);
#18360=IFCFACE((#18359));
#18361=IFCPOLYLOOP((#17772,#17827,#17826,#17773));
#18362=IFCFACEOUTERBOUND(#18361,.T.);
#18363=IFCFACE((#18362));
#18364=IFCPOLYLOOP((#17826,#17825,#17774,#17773));
#18365=IFCFACEOUTERBOUND(#18364,.T.);
#18366=IFCFACE((#18365));
#18367=IFCCARTESIANPOINT((144.50751829013819,-58.,-179.74999999999062));
#18368=IFCCARTESIANPOINT((142.04873736166431,-58.,-179.42629534973679));
#18369=IFCCARTESIANPOINT((139.75751829013825,-58.,-178.47724133594284));
#18370=IFCCARTESIANPOINT((137.79000386886602,-58.,-176.96751442126288));
#18371=IFCCARTESIANPOINT((136.28027695418604,-58.,-175.));
#18372=IFCCARTESIANPOINT((135.33122294039202,-58.,-172.70878092846468));
#18373=IFCCARTESIANPOINT((135.00751829013814,-58.,-170.24999999999073));
#18374=IFCCARTESIANPOINT((135.33122294039197,-58.,-167.79121907151679));
#18375=IFCCARTESIANPOINT((136.28027695418589,-58.,-165.49999999999073));
#18376=IFCCARTESIANPOINT((137.79000386886585,-58.,-163.53248557871851));
#18377=IFCCARTESIANPOINT((139.75751829013802,-58.,-162.02275866403849));
#18378=IFCCARTESIANPOINT((142.04873736166405,-58.,-161.07370465024448));
#18379=IFCCARTESIANPOINT((144.50751829013814,-58.,-160.74999999999059));
#18380=IFCCARTESIANPOINT((146.96629921861208,-58.,-161.07370465024445));
#18381=IFCCARTESIANPOINT((149.25751829013814,-58.,-162.02275866403843));
#18382=IFCCARTESIANPOINT((151.22503271141034,-58.,-163.53248557871839));
#18383=IFCCARTESIANPOINT((152.73475962609029,-58.,-165.49999999999056));
#18384=IFCCARTESIANPOINT((153.68381363988428,-58.,-167.79121907151662));
#18385=IFCCARTESIANPOINT((154.00751829013814,-58.,-170.24999999999056));
#18386=IFCCARTESIANPOINT((153.68381363988433,-58.,-172.70878092846451));
#18387=IFCCARTESIANPOINT((152.73475962609035,-58.,-175.));
#18388=IFCCARTESIANPOINT((151.22503271141039,-58.,-176.96751442126276));
#18389=IFCCARTESIANPOINT((149.25751829013819,-58.,-178.47724133594275));
#18390=IFCCARTESIANPOINT((146.96629921861214,-58.,-179.42629534973676));
#18391=IFCCARTESIANPOINT((144.50751829013782,-83.,-160.74999999999017));
#18392=IFCCARTESIANPOINT((146.96629921861179,-83.,-161.073704650244));
#18393=IFCCARTESIANPOINT((149.25751829013785,-83.,-162.02275866403798));
#18394=IFCCARTESIANPOINT((151.22503271141005,-83.,-163.53248557871797));
#18395=IFCCARTESIANPOINT((152.73475962609001,-83.,-165.49999999999017));
#18396=IFCCARTESIANPOINT((153.68381363988402,-83.,-167.79121907151622));
#18397=IFCCARTESIANPOINT((154.00751829013788,-83.,-170.24999999999017));
#18398=IFCCARTESIANPOINT((153.68381363988402,-83.,-172.70878092846411));
#18399=IFCCARTESIANPOINT((152.73475962609004,-83.,-175.));
#18400=IFCCARTESIANPOINT((151.22503271141008,-83.,-176.96751442126236));
#18401=IFCCARTESIANPOINT((149.25751829013788,-83.,-178.4772413359423));
#18402=IFCCARTESIANPOINT((146.96629921861182,-83.,-179.42629534973631));
#18403=IFCCARTESIANPOINT((144.50751829013788,-83.,-179.74999999999017));
#18404=IFCCARTESIANPOINT((142.04873736166402,-83.,-179.42629534973636));
#18405=IFCCARTESIANPOINT((139.75751829013797,-83.,-178.47724133594241));
#18406=IFCCARTESIANPOINT((137.79000386886574,-83.,-176.96751442126248));
#18407=IFCCARTESIANPOINT((136.28027695418575,-83.,-175.));
#18408=IFCCARTESIANPOINT((135.33122294039174,-83.,-172.70878092846428));
#18409=IFCCARTESIANPOINT((135.00751829013782,-83.,-170.24999999999034));
#18410=IFCCARTESIANPOINT((135.33122294039165,-83.,-167.79121907151639));
#18411=IFCCARTESIANPOINT((136.28027695418558,-83.,-165.49999999999028));
#18412=IFCCARTESIANPOINT((137.79000386886554,-83.,-163.53248557871805));
#18413=IFCCARTESIANPOINT((139.75751829013771,-83.,-162.02275866403807));
#18414=IFCCARTESIANPOINT((142.04873736166377,-83.,-161.07370465024403));
#18415=IFCCARTESIANPOINT((144.5075182901374,-117.49999999998181,-145.24999999998937));
#18416=IFCCARTESIANPOINT((146.96629921861134,-117.17629534972798,-145.24999999998937));
#18417=IFCCARTESIANPOINT((149.25751829013743,-116.22724133593402,-145.24999999998937));
#18418=IFCCARTESIANPOINT((151.22503271140963,-114.71751442125408,-145.24999999998943));
#18419=IFCCARTESIANPOINT((152.73475962608958,-112.7499999999819,-145.24999999998946));
#18420=IFCCARTESIANPOINT((153.68381363988362,-110.45878092845587,-145.24999999998948));
#18421=IFCCARTESIANPOINT((154.00751829013748,-108.,-145.24999999998954));
#18422=IFCCARTESIANPOINT((153.68381363988368,-105.54121907150797,-145.2499999999896));
#18423=IFCCARTESIANPOINT((152.7347596260897,-103.2499999999819,-145.24999999998963));
#18424=IFCCARTESIANPOINT((151.22503271140977,-101.28248557870968,-145.24999999998968));
#18425=IFCCARTESIANPOINT((149.2575182901376,-99.772758664029681,-145.24999999998971));
#18426=IFCCARTESIANPOINT((146.96629921861154,-98.823704650235683,-145.24999999998971));
#18427=IFCCARTESIANPOINT((144.5075182901376,-98.49999999998181,-145.24999999998974));
#18428=IFCCARTESIANPOINT((144.50751829013745,-98.499999999980062,-79.24999999999001));
#18429=IFCCARTESIANPOINT((146.96629921861143,-98.82370465023395,-79.249999999989981));
#18430=IFCCARTESIANPOINT((149.25751829013745,-99.772758664027947,-79.249999999989967));
#18431=IFCCARTESIANPOINT((151.22503271140965,-101.28248557870795,-79.249999999989925));
#18432=IFCCARTESIANPOINT((152.73475962608958,-103.24999999998018,-79.249999999989868));
#18433=IFCCARTESIANPOINT((153.68381363988354,-105.54121907150623,-79.249999999989797));
#18434=IFCCARTESIANPOINT((154.00751829013737,-108.,-79.24999999998974));
#18435=IFCCARTESIANPOINT((153.68381363988348,-110.45878092845413,-79.249999999989669));
#18436=IFCCARTESIANPOINT((152.7347596260895,-112.74999999998018,-79.249999999989612));
#18437=IFCCARTESIANPOINT((151.22503271140948,-114.71751442125236,-79.249999999989569));
#18438=IFCCARTESIANPOINT((149.25751829013728,-116.22724133593229,-79.249999999989527));
#18439=IFCCARTESIANPOINT((146.9662992186112,-117.17629534972625,-79.249999999989498));
#18440=IFCCARTESIANPOINT((144.50751829013728,-117.49999999998008,-79.249999999989498));
#18441=IFCCARTESIANPOINT((142.04873736166351,-98.823704650235655,-145.24999999998974));
#18442=IFCCARTESIANPOINT((139.75751829013748,-99.772758664029638,-145.24999999998971));
#18443=IFCCARTESIANPOINT((137.79000386886528,-101.2824855787096,-145.24999999998968));
#18444=IFCCARTESIANPOINT((136.28027695418533,-103.24999999998181,-145.24999999998965));
#18445=IFCCARTESIANPOINT((135.33122294039134,-105.54121907150785,-145.24999999998963));
#18446=IFCCARTESIANPOINT((135.00751829013748,-108.,-145.24999999998957));
#18447=IFCCARTESIANPOINT((135.33122294039134,-110.45878092845575,-145.24999999998951));
#18448=IFCCARTESIANPOINT((136.28027695418533,-112.7499999999818,-145.24999999998946));
#18449=IFCCARTESIANPOINT((137.79000386886528,-114.71751442125399,-145.24999999998943));
#18450=IFCCARTESIANPOINT((139.75751829013745,-116.22724133593398,-145.2499999999894));
#18451=IFCCARTESIANPOINT((142.04873736166351,-117.17629534972795,-145.24999999998937));
#18452=IFCCARTESIANPOINT((142.0487373616634,-117.1762953497262,-79.249999999989512));
#18453=IFCCARTESIANPOINT((139.75751829013734,-116.22724133593222,-79.249999999989541));
#18454=IFCCARTESIANPOINT((137.79000386886514,-114.71751442125226,-79.249999999989598));
#18455=IFCCARTESIANPOINT((136.28027695418518,-112.74999999998008,-79.249999999989654));
#18456=IFCCARTESIANPOINT((135.3312229403912,-110.45878092845402,-79.249999999989697));
#18457=IFCCARTESIANPOINT((135.00751829013737,-108.,-79.249999999989768));
#18458=IFCCARTESIANPOINT((135.3312229403912,-105.54121907150613,-79.249999999989839));
#18459=IFCCARTESIANPOINT((136.28027695418518,-103.24999999998008,-79.249999999989896));
#18460=IFCCARTESIANPOINT((137.79000386886514,-101.28248557870788,-79.249999999989939));
#18461=IFCCARTESIANPOINT((139.75751829013734,-99.772758664027904,-79.249999999989967));
#18462=IFCCARTESIANPOINT((142.0487373616634,-98.823704650233907,-79.24999999999001));
#18463=IFCCARTESIANPOINT((144.50751829013814,-48.,-44.749999999991374));
#18464=IFCCARTESIANPOINT((146.96629921861205,-48.,-45.073704650245247));
#18465=IFCCARTESIANPOINT((149.25751829013811,-48.,-46.022758664039237));
#18466=IFCCARTESIANPOINT((151.22503271141028,-48.,-47.532485578719218));
#18467=IFCCARTESIANPOINT((152.73475962609024,-48.,-49.499999999991431));
#18468=IFCCARTESIANPOINT((153.68381363988422,-48.,-51.791219071517489));
#18469=IFCCARTESIANPOINT((154.00751829013802,-48.,-54.249999999991431));
#18470=IFCCARTESIANPOINT((153.68381363988419,-48.,-56.708780928465387));
#18471=IFCCARTESIANPOINT((152.73475962609018,-48.,-59.));
#18472=IFCCARTESIANPOINT((151.22503271141022,-48.,-60.967514421263623));
#18473=IFCCARTESIANPOINT((149.25751829013802,-48.,-62.477241335943575));
#18474=IFCCARTESIANPOINT((146.96629921861194,-48.,-63.426295349737543));
#18475=IFCCARTESIANPOINT((144.50751829013794,-48.,-63.749999999991388));
#18476=IFCCARTESIANPOINT((142.048737361664,-48.,-63.426295349737515));
#18477=IFCCARTESIANPOINT((139.75751829013797,-48.,-62.477241335943503));
#18478=IFCCARTESIANPOINT((137.79000386886577,-48.,-60.967514421263523));
#18479=IFCCARTESIANPOINT((136.28027695418581,-48.,-59.));
#18480=IFCCARTESIANPOINT((135.33122294039188,-48.,-56.708780928465245));
#18481=IFCCARTESIANPOINT((135.00751829013805,-48.,-54.249999999991296));
#18482=IFCCARTESIANPOINT((135.33122294039191,-48.,-51.791219071517354));
#18483=IFCCARTESIANPOINT((136.28027695418592,-48.,-49.49999999999131));
#18484=IFCCARTESIANPOINT((137.79000386886588,-48.,-47.532485578719125));
#18485=IFCCARTESIANPOINT((139.75751829013811,-48.,-46.022758664039173));
#18486=IFCCARTESIANPOINT((142.04873736166419,-48.,-45.073704650245205));
#18487=IFCCARTESIANPOINT((144.50751829013771,-83.,-44.74999999999045));
#18488=IFCCARTESIANPOINT((146.96629921861165,-83.,-45.073704650244316));
#18489=IFCCARTESIANPOINT((149.25751829013768,-83.,-46.022758664038314));
#18490=IFCCARTESIANPOINT((151.22503271140985,-83.,-47.532485578718294));
#18491=IFCCARTESIANPOINT((152.73475962608984,-83.,-49.499999999990507));
#18492=IFCCARTESIANPOINT((153.68381363988379,-83.,-51.791219071516558));
#18493=IFCCARTESIANPOINT((154.00751829013763,-83.,-54.2499999999905));
#18494=IFCCARTESIANPOINT((153.68381363988379,-83.,-56.708780928464456));
#18495=IFCCARTESIANPOINT((152.73475962608975,-83.,-59.));
#18496=IFCCARTESIANPOINT((151.2250327114098,-83.,-60.967514421262699));
#18497=IFCCARTESIANPOINT((149.2575182901376,-83.,-62.477241335942651));
#18498=IFCCARTESIANPOINT((146.96629921861151,-83.,-63.426295349736627));
#18499=IFCCARTESIANPOINT((144.50751829013757,-83.,-63.749999999990465));
#18500=IFCCARTESIANPOINT((142.04873736166357,-83.,-63.426295349736591));
#18501=IFCCARTESIANPOINT((139.75751829013754,-83.,-62.477241335942587));
#18502=IFCCARTESIANPOINT((137.79000386886534,-83.,-60.967514421262599));
#18503=IFCCARTESIANPOINT((136.28027695418541,-83.,-59.));
#18504=IFCCARTESIANPOINT((135.33122294039146,-83.,-56.708780928464321));
#18505=IFCCARTESIANPOINT((135.00751829013763,-83.,-54.249999999990372));
#18506=IFCCARTESIANPOINT((135.33122294039148,-83.,-51.79121907151643));
#18507=IFCCARTESIANPOINT((136.2802769541855,-83.,-49.499999999990386));
#18508=IFCCARTESIANPOINT((137.79000386886545,-83.,-47.532485578718202));
#18509=IFCCARTESIANPOINT((139.75751829013768,-83.,-46.02275866403825));
#18510=IFCCARTESIANPOINT((142.04873736166377,-83.,-45.073704650244288));
#18511=IFCCARTESIANPOINT((144.50751829013751,-112.87787643054529,-162.49999999998971));
#18512=IFCCARTESIANPOINT((144.50751829013768,-100.24999999998231,-175.12787643055307));
#18513=IFCCARTESIANPOINT((144.50751829013768,-93.960155108373513,-156.21015510838151));
#18514=IFCCARTESIANPOINT((144.50751829013745,-114.65697072807335,-155.86032969015849));
#18515=IFCCARTESIANPOINT((144.50751829013777,-93.610329580480212,-176.9069707574676));
#18516=IFCCARTESIANPOINT((144.50751829013743,-116.07848536402761,-150.55516484507405));
#18517=IFCCARTESIANPOINT((144.50751829013782,-88.305164790231245,-178.32848537872889));
#18518=IFCCARTESIANPOINT((144.50751829013743,-116.78924268200474,-147.90258242253179));
#18519=IFCCARTESIANPOINT((144.50751829013785,-85.652582395106762,-179.03924268935955));
#18520=IFCCARTESIANPOINT((153.97581406735608,-94.682203724945111,-166.47152922815215));
#18521=IFCCARTESIANPOINT((153.22982519410138,-101.47794950033776,-155.71481701703127));
#18522=IFCCARTESIANPOINT((153.12079296108124,-110.37507983572711,-154.84429550836055));
#18523=IFCCARTESIANPOINT((153.41376003221188,-91.633281050179164,-172.20717776830918));
#18524=IFCCARTESIANPOINT((144.5075182901376,-106.5639382152638,-168.81393821527141));
#18525=IFCCARTESIANPOINT((152.22959506840519,-109.00734027690842,-161.24726120972019));
#18526=IFCCARTESIANPOINT((153.74105828986691,-102.22729931237528,-164.5376566993499));
#18527=IFCCARTESIANPOINT((144.50751829013765,-103.40696910762304,-171.97090732291224));
#18528=IFCCARTESIANPOINT((151.16479169666982,-99.828737938703355,-172.20524605103734));
#18529=IFCCARTESIANPOINT((144.50751829013754,-109.72090732290454,-165.65696910763057));
#18530=IFCCARTESIANPOINT((144.50751829013777,-88.480077554177782,-158.48007755418587));
#18531=IFCCARTESIANPOINT((144.50751829013765,-96.230077554177683,-150.73007755418561));
#18532=IFCCARTESIANPOINT((151.97831945390624,-97.240929555388774,-158.0256513294004));
#18533=IFCCARTESIANPOINT((135.78521111401588,-93.464817441404136,-163.7279499846974));
#18534=IFCCARTESIANPOINT((135.78521138626138,-101.4779495000698,-155.71481701709237));
#18535=IFCCARTESIANPOINT((135.89424358465902,-92.594295596200425,-172.62507972629794));
#18536=IFCCARTESIANPOINT((135.89424361913987,-110.37507983564662,-154.84429550823972));
#18537=IFCCARTESIANPOINT((136.78544134413852,-98.997261024324942,-171.2573401161408));
#18538=IFCCARTESIANPOINT((135.27211231244027,-102.25203838908858,-164.50203896581823));
#18539=IFCCARTESIANPOINT((137.11514891442008,-108.64397975459023,-162.60885656516069));
#18540=IFCCARTESIANPOINT((137.04421850441344,-97.238673219189579,-158.01388222616893));
#18541=IFCCARTESIANPOINT((144.50751829013743,-100.24999999997934,-49.37212356942689));
#18542=IFCCARTESIANPOINT((144.50751829013731,-112.87787643054277,-62.));
#18543=IFCCARTESIANPOINT((144.50751829013751,-93.960155108371296,-68.289844891598705));
#18544=IFCCARTESIANPOINT((144.50751829013748,-93.610329690148177,-47.593029271898921));
#18545=IFCCARTESIANPOINT((144.50751829013728,-114.65697075745732,-68.639670419491637));
#18546=IFCCARTESIANPOINT((144.50751829013757,-88.305164845063729,-46.171514635944703));
#18547=IFCCARTESIANPOINT((144.50751829013728,-116.07848537871872,-73.944835209740575));
#18548=IFCCARTESIANPOINT((144.5075182901376,-85.65258242252149,-45.460757317967598));
#18549=IFCCARTESIANPOINT((144.50751829013728,-116.78924268934939,-76.597417604865029));
#18550=IFCCARTESIANPOINT((153.97581406735574,-104.22152922814197,-67.567796275027035));
#18551=IFCCARTESIANPOINT((153.22982519410115,-93.464817017021034,-60.772050499634851));
#18552=IFCCARTESIANPOINT((153.12079296108129,-92.594295508350513,-51.874920164245417));
#18553=IFCCARTESIANPOINT((153.41376003221148,-109.95717776829902,-70.616718949792897));
#18554=IFCCARTESIANPOINT((144.50751829013734,-106.56393821526106,-55.686061784708286));
#18555=IFCCARTESIANPOINT((152.22959506840508,-98.997261209710345,-53.242659723064065));
#18556=IFCCARTESIANPOINT((153.74105828986683,-102.28765669933929,-60.022700687597457));
#18557=IFCCARTESIANPOINT((144.50751829013731,-109.72090732290191,-58.843030892348985));
#18558=IFCCARTESIANPOINT((151.16479169666948,-109.95524605102707,-62.42126206126872));
#18559=IFCCARTESIANPOINT((144.5075182901374,-103.4069691076202,-52.529092677067588));
#18560=IFCCARTESIANPOINT((144.50751829013748,-96.230077554175679,-73.76992244579435));
#18561=IFCCARTESIANPOINT((144.50751829013754,-88.480077554175509,-66.019922445794606));
#18562=IFCCARTESIANPOINT((151.97831945390587,-95.775651329390044,-65.009070444583656));
#18563=IFCCARTESIANPOINT((135.78521111401565,-101.47794998468694,-68.785182558567982));
#18564=IFCCARTESIANPOINT((135.78521138626195,-93.464817017081046,-60.772050499903571));
#18565=IFCCARTESIANPOINT((135.8942435846586,-110.37507972628755,-69.655704403771423));
#18566=IFCCARTESIANPOINT((135.89424361913987,-92.594295508229408,-51.874920164325623));
#18567=IFCCARTESIANPOINT((136.78544134413815,-109.00734011613029,-63.252738975646913));
#18568=IFCCARTESIANPOINT((135.27211231243996,-102.25203896580737,-59.997961610883621));
#18569=IFCCARTESIANPOINT((137.11514891441922,-100.35885656514908,-53.606020245382176));
#18570=IFCCARTESIANPOINT((137.04421850441344,-95.763882226158486,-65.011326780782781));
#18571=IFCPOLYLOOP((#18384,#18385,#18386,#18387,#18388,#18389,#18390,#18367,#18368,#18369,#18370,#18371,#18372,#18373,#18374,#18375,#18376,#18377,#18378,#18379,#18380,#18381,#18382,#18383));
#18572=IFCFACEOUTERBOUND(#18571,.T.);
#18573=IFCFACE((#18572));
#18574=IFCPOLYLOOP((#18392,#18380,#18379,#18391));
#18575=IFCFACEOUTERBOUND(#18574,.T.);
#18576=IFCFACE((#18575));
#18577=IFCPOLYLOOP((#18393,#18381,#18380,#18392));
#18578=IFCFACEOUTERBOUND(#18577,.T.);
#18579=IFCFACE((#18578));
#18580=IFCPOLYLOOP((#18382,#18394,#18395,#18383));
#18581=IFCFACEOUTERBOUND(#18580,.T.);
#18582=IFCFACE((#18581));
#18583=IFCPOLYLOOP((#18393,#18394,#18382,#18381));
#18584=IFCFACEOUTERBOUND(#18583,.T.);
#18585=IFCFACE((#18584));
#18586=IFCPOLYLOOP((#18383,#18395,#18396,#18384));
#18587=IFCFACEOUTERBOUND(#18586,.T.);
#18588=IFCFACE((#18587));
#18589=IFCPOLYLOOP((#18384,#18396,#18397,#18385));
#18590=IFCFACEOUTERBOUND(#18589,.T.);
#18591=IFCFACE((#18590));
#18592=IFCPOLYLOOP((#18399,#18387,#18386,#18398));
#18593=IFCFACEOUTERBOUND(#18592,.T.);
#18594=IFCFACE((#18593));
#18595=IFCPOLYLOOP((#18400,#18388,#18387,#18399));
#18596=IFCFACEOUTERBOUND(#18595,.T.);
#18597=IFCFACE((#18596));
#18598=IFCPOLYLOOP((#18389,#18401,#18402,#18390));
#18599=IFCFACEOUTERBOUND(#18598,.T.);
#18600=IFCFACE((#18599));
#18601=IFCPOLYLOOP((#18400,#18401,#18389,#18388));
#18602=IFCFACEOUTERBOUND(#18601,.T.);
#18603=IFCFACE((#18602));
#18604=IFCPOLYLOOP((#18390,#18402,#18403,#18367));
#18605=IFCFACEOUTERBOUND(#18604,.T.);
#18606=IFCFACE((#18605));
#18607=IFCPOLYLOOP((#18386,#18385,#18397,#18398));
#18608=IFCFACEOUTERBOUND(#18607,.T.);
#18609=IFCFACE((#18608));
#18610=IFCPOLYLOOP((#18404,#18368,#18367,#18403));
#18611=IFCFACEOUTERBOUND(#18610,.T.);
#18612=IFCFACE((#18611));
#18613=IFCPOLYLOOP((#18405,#18369,#18368,#18404));
#18614=IFCFACEOUTERBOUND(#18613,.T.);
#18615=IFCFACE((#18614));
#18616=IFCPOLYLOOP((#18370,#18406,#18407,#18371));
#18617=IFCFACEOUTERBOUND(#18616,.T.);
#18618=IFCFACE((#18617));
#18619=IFCPOLYLOOP((#18405,#18406,#18370,#18369));
#18620=IFCFACEOUTERBOUND(#18619,.T.);
#18621=IFCFACE((#18620));
#18622=IFCPOLYLOOP((#18371,#18407,#18408,#18372));
#18623=IFCFACEOUTERBOUND(#18622,.T.);
#18624=IFCFACE((#18623));
#18625=IFCPOLYLOOP((#18372,#18408,#18409,#18373));
#18626=IFCFACEOUTERBOUND(#18625,.T.);
#18627=IFCFACE((#18626));
#18628=IFCPOLYLOOP((#18411,#18375,#18374,#18410));
#18629=IFCFACEOUTERBOUND(#18628,.T.);
#18630=IFCFACE((#18629));
#18631=IFCPOLYLOOP((#18412,#18376,#18375,#18411));
#18632=IFCFACEOUTERBOUND(#18631,.T.);
#18633=IFCFACE((#18632));
#18634=IFCPOLYLOOP((#18377,#18413,#18414,#18378));
#18635=IFCFACEOUTERBOUND(#18634,.T.);
#18636=IFCFACE((#18635));
#18637=IFCPOLYLOOP((#18412,#18413,#18377,#18376));
#18638=IFCFACEOUTERBOUND(#18637,.T.);
#18639=IFCFACE((#18638));
#18640=IFCPOLYLOOP((#18378,#18414,#18391,#18379));
#18641=IFCFACEOUTERBOUND(#18640,.T.);
#18642=IFCFACE((#18641));
#18643=IFCPOLYLOOP((#18374,#18373,#18409,#18410));
#18644=IFCFACEOUTERBOUND(#18643,.T.);
#18645=IFCFACE((#18644));
#18646=IFCPOLYLOOP((#18429,#18426,#18427,#18428));
#18647=IFCFACEOUTERBOUND(#18646,.T.);
#18648=IFCFACE((#18647));
#18649=IFCPOLYLOOP((#18430,#18425,#18426,#18429));
#18650=IFCFACEOUTERBOUND(#18649,.T.);
#18651=IFCFACE((#18650));
#18652=IFCPOLYLOOP((#18424,#18431,#18432,#18423));
#18653=IFCFACEOUTERBOUND(#18652,.T.);
#18654=IFCFACE((#18653));
#18655=IFCPOLYLOOP((#18425,#18430,#18431,#18424));
#18656=IFCFACEOUTERBOUND(#18655,.T.);
#18657=IFCFACE((#18656));
#18658=IFCPOLYLOOP((#18423,#18432,#18433,#18422));
#18659=IFCFACEOUTERBOUND(#18658,.T.);
#18660=IFCFACE((#18659));
#18661=IFCPOLYLOOP((#18422,#18433,#18434,#18421));
#18662=IFCFACEOUTERBOUND(#18661,.T.);
#18663=IFCFACE((#18662));
#18664=IFCPOLYLOOP((#18436,#18437,#18418,#18419));
#18665=IFCFACEOUTERBOUND(#18664,.T.);
#18666=IFCFACE((#18665));
#18667=IFCPOLYLOOP((#18435,#18436,#18419,#18420));
#18668=IFCFACEOUTERBOUND(#18667,.T.);
#18669=IFCFACE((#18668));
#18670=IFCPOLYLOOP((#18439,#18440,#18415,#18416));
#18671=IFCFACEOUTERBOUND(#18670,.T.);
#18672=IFCFACE((#18671));
#18673=IFCPOLYLOOP((#18438,#18439,#18416,#18417));
#18674=IFCFACEOUTERBOUND(#18673,.T.);
#18675=IFCFACE((#18674));
#18676=IFCPOLYLOOP((#18437,#18438,#18417,#18418));
#18677=IFCFACEOUTERBOUND(#18676,.T.);
#18678=IFCFACE((#18677));
#18679=IFCPOLYLOOP((#18420,#18421,#18434,#18435));
#18680=IFCFACEOUTERBOUND(#18679,.T.);
#18681=IFCFACE((#18680));
#18682=IFCPOLYLOOP((#18452,#18451,#18415,#18440));
#18683=IFCFACEOUTERBOUND(#18682,.T.);
#18684=IFCFACE((#18683));
#18685=IFCPOLYLOOP((#18453,#18450,#18451,#18452));
#18686=IFCFACEOUTERBOUND(#18685,.T.);
#18687=IFCFACE((#18686));
#18688=IFCPOLYLOOP((#18449,#18454,#18455,#18448));
#18689=IFCFACEOUTERBOUND(#18688,.T.);
#18690=IFCFACE((#18689));
#18691=IFCPOLYLOOP((#18453,#18454,#18449,#18450));
#18692=IFCFACEOUTERBOUND(#18691,.T.);
#18693=IFCFACE((#18692));
#18694=IFCPOLYLOOP((#18448,#18455,#18456,#18447));
#18695=IFCFACEOUTERBOUND(#18694,.T.);
#18696=IFCFACE((#18695));
#18697=IFCPOLYLOOP((#18447,#18456,#18457,#18446));
#18698=IFCFACEOUTERBOUND(#18697,.T.);
#18699=IFCFACE((#18698));
#18700=IFCPOLYLOOP((#18459,#18444,#18445,#18458));
#18701=IFCFACEOUTERBOUND(#18700,.T.);
#18702=IFCFACE((#18701));
#18703=IFCPOLYLOOP((#18460,#18443,#18444,#18459));
#18704=IFCFACEOUTERBOUND(#18703,.T.);
#18705=IFCFACE((#18704));
#18706=IFCPOLYLOOP((#18442,#18461,#18462,#18441));
#18707=IFCFACEOUTERBOUND(#18706,.T.);
#18708=IFCFACE((#18707));
#18709=IFCPOLYLOOP((#18460,#18461,#18442,#18443));
#18710=IFCFACEOUTERBOUND(#18709,.T.);
#18711=IFCFACE((#18710));
#18712=IFCPOLYLOOP((#18441,#18462,#18428,#18427));
#18713=IFCFACEOUTERBOUND(#18712,.T.);
#18714=IFCFACE((#18713));
#18715=IFCPOLYLOOP((#18445,#18446,#18457,#18458));
#18716=IFCFACEOUTERBOUND(#18715,.T.);
#18717=IFCFACE((#18716));
#18718=IFCPOLYLOOP((#18469,#18470,#18471,#18472,#18473,#18474,#18475,#18476,#18477,#18478,#18479,#18480,#18481,#18482,#18483,#18484,#18485,#18486,#18463,#18464,#18465,#18466,#18467,#18468));
#18719=IFCFACEOUTERBOUND(#18718,.T.);
#18720=IFCFACE((#18719));
#18721=IFCPOLYLOOP((#18474,#18498,#18499,#18475));
#18722=IFCFACEOUTERBOUND(#18721,.T.);
#18723=IFCFACE((#18722));
#18724=IFCPOLYLOOP((#18473,#18497,#18498,#18474));
#18725=IFCFACEOUTERBOUND(#18724,.T.);
#18726=IFCFACE((#18725));
#18727=IFCPOLYLOOP((#18496,#18472,#18471,#18495));
#18728=IFCFACEOUTERBOUND(#18727,.T.);
#18729=IFCFACE((#18728));
#18730=IFCPOLYLOOP((#18473,#18472,#18496,#18497));
#18731=IFCFACEOUTERBOUND(#18730,.T.);
#18732=IFCFACE((#18731));
#18733=IFCPOLYLOOP((#18495,#18471,#18470,#18494));
#18734=IFCFACEOUTERBOUND(#18733,.T.);
#18735=IFCFACE((#18734));
#18736=IFCPOLYLOOP((#18494,#18470,#18469,#18493));
#18737=IFCFACEOUTERBOUND(#18736,.T.);
#18738=IFCFACE((#18737));
#18739=IFCPOLYLOOP((#18467,#18491,#18492,#18468));
#18740=IFCFACEOUTERBOUND(#18739,.T.);
#18741=IFCFACE((#18740));
#18742=IFCPOLYLOOP((#18466,#18490,#18491,#18467));
#18743=IFCFACEOUTERBOUND(#18742,.T.);
#18744=IFCFACE((#18743));
#18745=IFCPOLYLOOP((#18489,#18465,#18464,#18488));
#18746=IFCFACEOUTERBOUND(#18745,.T.);
#18747=IFCFACE((#18746));
#18748=IFCPOLYLOOP((#18466,#18465,#18489,#18490));
#18749=IFCFACEOUTERBOUND(#18748,.T.);
#18750=IFCFACE((#18749));
#18751=IFCPOLYLOOP((#18488,#18464,#18463,#18487));
#18752=IFCFACEOUTERBOUND(#18751,.T.);
#18753=IFCFACE((#18752));
#18754=IFCPOLYLOOP((#18492,#18493,#18469,#18468));
#18755=IFCFACEOUTERBOUND(#18754,.T.);
#18756=IFCFACE((#18755));
#18757=IFCPOLYLOOP((#18486,#18510,#18487,#18463));
#18758=IFCFACEOUTERBOUND(#18757,.T.);
#18759=IFCFACE((#18758));
#18760=IFCPOLYLOOP((#18485,#18509,#18510,#18486));
#18761=IFCFACEOUTERBOUND(#18760,.T.);
#18762=IFCFACE((#18761));
#18763=IFCPOLYLOOP((#18508,#18484,#18483,#18507));
#18764=IFCFACEOUTERBOUND(#18763,.T.);
#18765=IFCFACE((#18764));
#18766=IFCPOLYLOOP((#18485,#18484,#18508,#18509));
#18767=IFCFACEOUTERBOUND(#18766,.T.);
#18768=IFCFACE((#18767));
#18769=IFCPOLYLOOP((#18507,#18483,#18482,#18506));
#18770=IFCFACEOUTERBOUND(#18769,.T.);
#18771=IFCFACE((#18770));
#18772=IFCPOLYLOOP((#18506,#18482,#18481,#18505));
#18773=IFCFACEOUTERBOUND(#18772,.T.);
#18774=IFCFACE((#18773));
#18775=IFCPOLYLOOP((#18479,#18503,#18504,#18480));
#18776=IFCFACEOUTERBOUND(#18775,.T.);
#18777=IFCFACE((#18776));
#18778=IFCPOLYLOOP((#18478,#18502,#18503,#18479));
#18779=IFCFACEOUTERBOUND(#18778,.T.);
#18780=IFCFACE((#18779));
#18781=IFCPOLYLOOP((#18501,#18477,#18476,#18500));
#18782=IFCFACEOUTERBOUND(#18781,.T.);
#18783=IFCFACE((#18782));
#18784=IFCPOLYLOOP((#18478,#18477,#18501,#18502));
#18785=IFCFACEOUTERBOUND(#18784,.T.);
#18786=IFCFACE((#18785));
#18787=IFCPOLYLOOP((#18500,#18476,#18475,#18499));
#18788=IFCFACEOUTERBOUND(#18787,.T.);
#18789=IFCFACE((#18788));
#18790=IFCPOLYLOOP((#18504,#18505,#18481,#18480));
#18791=IFCFACEOUTERBOUND(#18790,.T.);
#18792=IFCFACE((#18791));
#18793=IFCPOLYLOOP((#18395,#18523,#18396));
#18794=IFCFACEOUTERBOUND(#18793,.T.);
#18795=IFCFACE((#18794));
#18796=IFCPOLYLOOP((#18522,#18521,#18425));
#18797=IFCFACEOUTERBOUND(#18796,.T.);
#18798=IFCFACE((#18797));
#18799=IFCPOLYLOOP((#18526,#18529,#18524,#18527));
#18800=IFCFACEOUTERBOUND(#18799,.T.);
#18801=IFCFACE((#18800));
#18802=IFCPOLYLOOP((#18394,#18523,#18395));
#18803=IFCFACEOUTERBOUND(#18802,.T.);
#18804=IFCFACE((#18803));
#18805=IFCPOLYLOOP((#18512,#18515,#18523));
#18806=IFCFACEOUTERBOUND(#18805,.T.);
#18807=IFCFACE((#18806));
#18808=IFCPOLYLOOP((#18517,#18519,#18401));
#18809=IFCFACEOUTERBOUND(#18808,.T.);
#18810=IFCFACE((#18809));
#18811=IFCPOLYLOOP((#18520,#18523,#18393));
#18812=IFCFACEOUTERBOUND(#18811,.T.);
#18813=IFCFACE((#18812));
#18814=IFCPOLYLOOP((#18401,#18519,#18402));
#18815=IFCFACEOUTERBOUND(#18814,.T.);
#18816=IFCFACE((#18815));
#18817=IFCPOLYLOOP((#18520,#18393,#18392));
#18818=IFCFACEOUTERBOUND(#18817,.T.);
#18819=IFCFACE((#18818));
#18820=IFCPOLYLOOP((#18532,#18521,#18526));
#18821=IFCFACEOUTERBOUND(#18820,.T.);
#18822=IFCFACE((#18821));
#18823=IFCPOLYLOOP((#18521,#18522,#18525));
#18824=IFCFACEOUTERBOUND(#18823,.T.);
#18825=IFCFACE((#18824));
#18826=IFCPOLYLOOP((#18523,#18394,#18393));
#18827=IFCFACEOUTERBOUND(#18826,.T.);
#18828=IFCFACE((#18827));
#18829=IFCPOLYLOOP((#18519,#18403,#18402));
#18830=IFCFACEOUTERBOUND(#18829,.T.);
#18831=IFCFACE((#18830));
#18832=IFCPOLYLOOP((#18399,#18517,#18400));
#18833=IFCFACEOUTERBOUND(#18832,.T.);
#18834=IFCFACE((#18833));
#18835=IFCPOLYLOOP((#18523,#18398,#18397));
#18836=IFCFACEOUTERBOUND(#18835,.T.);
#18837=IFCFACE((#18836));
#18838=IFCPOLYLOOP((#18530,#18532,#18520));
#18839=IFCFACEOUTERBOUND(#18838,.T.);
#18840=IFCFACE((#18839));
#18841=IFCPOLYLOOP((#18517,#18399,#18515));
#18842=IFCFACEOUTERBOUND(#18841,.T.);
#18843=IFCFACE((#18842));
#18844=IFCPOLYLOOP((#18399,#18398,#18515));
#18845=IFCFACEOUTERBOUND(#18844,.T.);
#18846=IFCFACE((#18845));
#18847=IFCPOLYLOOP((#18523,#18397,#18396));
#18848=IFCFACEOUTERBOUND(#18847,.T.);
#18849=IFCFACE((#18848));
#18850=IFCPOLYLOOP((#18531,#18427,#18521));
#18851=IFCFACEOUTERBOUND(#18850,.T.);
#18852=IFCFACE((#18851));
#18853=IFCPOLYLOOP((#18531,#18532,#18513));
#18854=IFCFACEOUTERBOUND(#18853,.T.);
#18855=IFCFACE((#18854));
#18856=IFCPOLYLOOP((#18527,#18528,#18526));
#18857=IFCFACEOUTERBOUND(#18856,.T.);
#18858=IFCFACE((#18857));
#18859=IFCPOLYLOOP((#18392,#18391,#18530));
#18860=IFCFACEOUTERBOUND(#18859,.T.);
#18861=IFCFACE((#18860));
#18862=IFCPOLYLOOP((#18520,#18532,#18526));
#18863=IFCFACEOUTERBOUND(#18862,.T.);
#18864=IFCFACE((#18863));
#18865=IFCPOLYLOOP((#18427,#18426,#18521));
#18866=IFCFACEOUTERBOUND(#18865,.T.);
#18867=IFCFACE((#18866));
#18868=IFCPOLYLOOP((#18525,#18529,#18526));
#18869=IFCFACEOUTERBOUND(#18868,.T.);
#18870=IFCFACE((#18869));
#18871=IFCPOLYLOOP((#18419,#18516,#18514));
#18872=IFCFACEOUTERBOUND(#18871,.T.);
#18873=IFCFACE((#18872));
#18874=IFCPOLYLOOP((#18532,#18531,#18521));
#18875=IFCFACEOUTERBOUND(#18874,.T.);
#18876=IFCFACE((#18875));
#18877=IFCPOLYLOOP((#18424,#18522,#18425));
#18878=IFCFACEOUTERBOUND(#18877,.T.);
#18879=IFCFACE((#18878));
#18880=IFCPOLYLOOP((#18517,#18401,#18400));
#18881=IFCFACEOUTERBOUND(#18880,.T.);
#18882=IFCFACE((#18881));
#18883=IFCPOLYLOOP((#18423,#18422,#18522));
#18884=IFCFACEOUTERBOUND(#18883,.T.);
#18885=IFCFACE((#18884));
#18886=IFCPOLYLOOP((#18518,#18516,#18417));
#18887=IFCFACEOUTERBOUND(#18886,.T.);
#18888=IFCFACE((#18887));
#18889=IFCPOLYLOOP((#18416,#18415,#18518));
#18890=IFCFACEOUTERBOUND(#18889,.T.);
#18891=IFCFACE((#18890));
#18892=IFCPOLYLOOP((#18423,#18522,#18424));
#18893=IFCFACEOUTERBOUND(#18892,.T.);
#18894=IFCFACE((#18893));
#18895=IFCPOLYLOOP((#18513,#18532,#18530));
#18896=IFCFACEOUTERBOUND(#18895,.T.);
#18897=IFCFACE((#18896));
#18898=IFCPOLYLOOP((#18421,#18522,#18422));
#18899=IFCFACEOUTERBOUND(#18898,.T.);
#18900=IFCFACE((#18899));
#18901=IFCPOLYLOOP((#18514,#18522,#18420));
#18902=IFCFACEOUTERBOUND(#18901,.T.);
#18903=IFCFACE((#18902));
#18904=IFCPOLYLOOP((#18425,#18521,#18426));
#18905=IFCFACEOUTERBOUND(#18904,.T.);
#18906=IFCFACE((#18905));
#18907=IFCPOLYLOOP((#18418,#18516,#18419));
#18908=IFCFACEOUTERBOUND(#18907,.T.);
#18909=IFCFACE((#18908));
#18910=IFCPOLYLOOP((#18514,#18420,#18419));
#18911=IFCFACEOUTERBOUND(#18910,.T.);
#18912=IFCFACE((#18911));
#18913=IFCPOLYLOOP((#18525,#18522,#18511));
#18914=IFCFACEOUTERBOUND(#18913,.T.);
#18915=IFCFACE((#18914));
#18916=IFCPOLYLOOP((#18421,#18420,#18522));
#18917=IFCFACEOUTERBOUND(#18916,.T.);
#18918=IFCFACE((#18917));
#18919=IFCPOLYLOOP((#18417,#18416,#18518));
#18920=IFCFACEOUTERBOUND(#18919,.T.);
#18921=IFCFACE((#18920));
#18922=IFCPOLYLOOP((#18511,#18522,#18514));
#18923=IFCFACEOUTERBOUND(#18922,.T.);
#18924=IFCFACE((#18923));
#18925=IFCPOLYLOOP((#18523,#18528,#18512));
#18926=IFCFACEOUTERBOUND(#18925,.T.);
#18927=IFCFACE((#18926));
#18928=IFCPOLYLOOP((#18526,#18528,#18520));
#18929=IFCFACEOUTERBOUND(#18928,.T.);
#18930=IFCFACE((#18929));
#18931=IFCPOLYLOOP((#18417,#18516,#18418));
#18932=IFCFACEOUTERBOUND(#18931,.T.);
#18933=IFCFACE((#18932));
#18934=IFCPOLYLOOP((#18523,#18515,#18398));
#18935=IFCFACEOUTERBOUND(#18934,.T.);
#18936=IFCFACE((#18935));
#18937=IFCPOLYLOOP((#18520,#18528,#18523));
#18938=IFCFACEOUTERBOUND(#18937,.T.);
#18939=IFCFACE((#18938));
#18940=IFCPOLYLOOP((#18525,#18511,#18529));
#18941=IFCFACEOUTERBOUND(#18940,.T.);
#18942=IFCFACE((#18941));
#18943=IFCPOLYLOOP((#18525,#18526,#18521));
#18944=IFCFACEOUTERBOUND(#18943,.T.);
#18945=IFCFACE((#18944));
#18946=IFCPOLYLOOP((#18392,#18530,#18520));
#18947=IFCFACEOUTERBOUND(#18946,.T.);
#18948=IFCFACE((#18947));
#18949=IFCPOLYLOOP((#18528,#18527,#18512));
#18950=IFCFACEOUTERBOUND(#18949,.T.);
#18951=IFCFACE((#18950));
#18952=IFCPOLYLOOP((#18404,#18519,#18405));
#18953=IFCFACEOUTERBOUND(#18952,.T.);
#18954=IFCFACE((#18953));
#18955=IFCPOLYLOOP((#18535,#18515,#18512));
#18956=IFCFACEOUTERBOUND(#18955,.T.);
#18957=IFCFACE((#18956));
#18958=IFCPOLYLOOP((#18536,#18539,#18511));
#18959=IFCFACEOUTERBOUND(#18958,.T.);
#18960=IFCFACE((#18959));
#18961=IFCPOLYLOOP((#18524,#18539,#18538));
#18962=IFCFACEOUTERBOUND(#18961,.T.);
#18963=IFCFACE((#18962));
#18964=IFCPOLYLOOP((#18407,#18406,#18517));
#18965=IFCFACEOUTERBOUND(#18964,.T.);
#18966=IFCFACE((#18965));
#18967=IFCPOLYLOOP((#18405,#18517,#18406));
#18968=IFCFACEOUTERBOUND(#18967,.T.);
#18969=IFCFACE((#18968));
#18970=IFCPOLYLOOP((#18538,#18527,#18524));
#18971=IFCFACEOUTERBOUND(#18970,.T.);
#18972=IFCFACE((#18971));
#18973=IFCPOLYLOOP((#18407,#18515,#18408));
#18974=IFCFACEOUTERBOUND(#18973,.T.);
#18975=IFCFACE((#18974));
#18976=IFCPOLYLOOP((#18408,#18515,#18535));
#18977=IFCFACEOUTERBOUND(#18976,.T.);
#18978=IFCFACE((#18977));
#18979=IFCPOLYLOOP((#18531,#18540,#18534));
#18980=IFCFACEOUTERBOUND(#18979,.T.);
#18981=IFCFACE((#18980));
#18982=IFCPOLYLOOP((#18539,#18524,#18529,#18511));
#18983=IFCFACEOUTERBOUND(#18982,.T.);
#18984=IFCFACE((#18983));
#18985=IFCPOLYLOOP((#18537,#18512,#18527));
#18986=IFCFACEOUTERBOUND(#18985,.T.);
#18987=IFCFACE((#18986));
#18988=IFCPOLYLOOP((#18408,#18535,#18409));
#18989=IFCFACEOUTERBOUND(#18988,.T.);
#18990=IFCFACE((#18989));
#18991=IFCPOLYLOOP((#18410,#18409,#18535));
#18992=IFCFACEOUTERBOUND(#18991,.T.);
#18993=IFCFACE((#18992));
#18994=IFCPOLYLOOP((#18540,#18533,#18538));
#18995=IFCFACEOUTERBOUND(#18994,.T.);
#18996=IFCFACE((#18995));
#18997=IFCPOLYLOOP((#18537,#18535,#18512));
#18998=IFCFACEOUTERBOUND(#18997,.T.);
#18999=IFCFACE((#18998));
#19000=IFCPOLYLOOP((#18404,#18403,#18519));
#19001=IFCFACEOUTERBOUND(#19000,.T.);
#19002=IFCFACE((#19001));
#19003=IFCPOLYLOOP((#18535,#18412,#18411));
#19004=IFCFACEOUTERBOUND(#19003,.T.);
#19005=IFCFACE((#19004));
#19006=IFCPOLYLOOP((#18519,#18517,#18405));
#19007=IFCFACEOUTERBOUND(#19006,.T.);
#19008=IFCFACE((#19007));
#19009=IFCPOLYLOOP((#18391,#18414,#18533));
#19010=IFCFACEOUTERBOUND(#19009,.T.);
#19011=IFCFACE((#19010));
#19012=IFCPOLYLOOP((#18413,#18412,#18535));
#19013=IFCFACEOUTERBOUND(#19012,.T.);
#19014=IFCFACE((#19013));
#19015=IFCPOLYLOOP((#18413,#18533,#18414));
#19016=IFCFACEOUTERBOUND(#19015,.T.);
#19017=IFCFACE((#19016));
#19018=IFCPOLYLOOP((#18535,#18411,#18410));
#19019=IFCFACEOUTERBOUND(#19018,.T.);
#19020=IFCFACE((#19019));
#19021=IFCPOLYLOOP((#18443,#18536,#18444));
#19022=IFCFACEOUTERBOUND(#19021,.T.);
#19023=IFCFACE((#19022));
#19024=IFCPOLYLOOP((#18533,#18513,#18530,#18391));
#19025=IFCFACEOUTERBOUND(#19024,.T.);
#19026=IFCFACE((#19025));
#19027=IFCPOLYLOOP((#18446,#18536,#18447));
#19028=IFCFACEOUTERBOUND(#19027,.T.);
#19029=IFCFACE((#19028));
#19030=IFCPOLYLOOP((#18514,#18448,#18447));
#19031=IFCFACEOUTERBOUND(#19030,.T.);
#19032=IFCFACE((#19031));
#19033=IFCPOLYLOOP((#18535,#18533,#18413));
#19034=IFCFACEOUTERBOUND(#19033,.T.);
#19035=IFCFACE((#19034));
#19036=IFCPOLYLOOP((#18445,#18536,#18446));
#19037=IFCFACEOUTERBOUND(#19036,.T.);
#19038=IFCFACE((#19037));
#19039=IFCPOLYLOOP((#18449,#18448,#18516));
#19040=IFCFACEOUTERBOUND(#19039,.T.);
#19041=IFCFACE((#19040));
#19042=IFCPOLYLOOP((#18538,#18537,#18527));
#19043=IFCFACEOUTERBOUND(#19042,.T.);
#19044=IFCFACE((#19043));
#19045=IFCPOLYLOOP((#18516,#18448,#18514));
#19046=IFCFACEOUTERBOUND(#19045,.T.);
#19047=IFCFACE((#19046));
#19048=IFCPOLYLOOP((#18451,#18518,#18415));
#19049=IFCFACEOUTERBOUND(#19048,.T.);
#19050=IFCFACE((#19049));
#19051=IFCPOLYLOOP((#18535,#18537,#18533));
#19052=IFCFACEOUTERBOUND(#19051,.T.);
#19053=IFCFACE((#19052));
#19054=IFCPOLYLOOP((#18539,#18536,#18534));
#19055=IFCFACEOUTERBOUND(#19054,.T.);
#19056=IFCFACE((#19055));
#19057=IFCPOLYLOOP((#18407,#18517,#18515));
#19058=IFCFACEOUTERBOUND(#19057,.T.);
#19059=IFCFACE((#19058));
#19060=IFCPOLYLOOP((#18427,#18534,#18441));
#19061=IFCFACEOUTERBOUND(#19060,.T.);
#19062=IFCFACE((#19061));
#19063=IFCPOLYLOOP((#18538,#18534,#18540));
#19064=IFCFACEOUTERBOUND(#19063,.T.);
#19065=IFCFACE((#19064));
#19066=IFCPOLYLOOP((#18534,#18427,#18531));
#19067=IFCFACEOUTERBOUND(#19066,.T.);
#19068=IFCFACE((#19067));
#19069=IFCPOLYLOOP((#18516,#18450,#18449));
#19070=IFCFACEOUTERBOUND(#19069,.T.);
#19071=IFCFACE((#19070));
#19072=IFCPOLYLOOP((#18442,#18441,#18534));
#19073=IFCFACEOUTERBOUND(#19072,.T.);
#19074=IFCFACE((#19073));
#19075=IFCPOLYLOOP((#18539,#18534,#18538));
#19076=IFCFACEOUTERBOUND(#19075,.T.);
#19077=IFCFACE((#19076));
#19078=IFCPOLYLOOP((#18536,#18445,#18444));
#19079=IFCFACEOUTERBOUND(#19078,.T.);
#19080=IFCFACE((#19079));
#19081=IFCPOLYLOOP((#18450,#18518,#18451));
#19082=IFCFACEOUTERBOUND(#19081,.T.);
#19083=IFCFACE((#19082));
#19084=IFCPOLYLOOP((#18536,#18442,#18534));
#19085=IFCFACEOUTERBOUND(#19084,.T.);
#19086=IFCFACE((#19085));
#19087=IFCPOLYLOOP((#18516,#18518,#18450));
#19088=IFCFACEOUTERBOUND(#19087,.T.);
#19089=IFCFACE((#19088));
#19090=IFCPOLYLOOP((#18443,#18442,#18536));
#19091=IFCFACEOUTERBOUND(#19090,.T.);
#19092=IFCFACE((#19091));
#19093=IFCPOLYLOOP((#18514,#18447,#18536));
#19094=IFCFACEOUTERBOUND(#19093,.T.);
#19095=IFCFACE((#19094));
#19096=IFCPOLYLOOP((#18536,#18511,#18514));
#19097=IFCFACEOUTERBOUND(#19096,.T.);
#19098=IFCFACE((#19097));
#19099=IFCPOLYLOOP((#18533,#18540,#18513));
#19100=IFCFACEOUTERBOUND(#19099,.T.);
#19101=IFCFACE((#19100));
#19102=IFCPOLYLOOP((#18537,#18538,#18533));
#19103=IFCFACEOUTERBOUND(#19102,.T.);
#19104=IFCFACE((#19103));
#19105=IFCPOLYLOOP((#18513,#18540,#18531));
#19106=IFCFACEOUTERBOUND(#19105,.T.);
#19107=IFCFACE((#19106));
#19108=IFCPOLYLOOP((#18432,#18553,#18433));
#19109=IFCFACEOUTERBOUND(#19108,.T.);
#19110=IFCFACE((#19109));
#19111=IFCPOLYLOOP((#18552,#18551,#18497));
#19112=IFCFACEOUTERBOUND(#19111,.T.);
#19113=IFCFACE((#19112));
#19114=IFCPOLYLOOP((#18556,#18559,#18554,#18557));
#19115=IFCFACEOUTERBOUND(#19114,.T.);
#19116=IFCFACE((#19115));
#19117=IFCPOLYLOOP((#18431,#18553,#18432));
#19118=IFCFACEOUTERBOUND(#19117,.T.);
#19119=IFCFACE((#19118));
#19120=IFCPOLYLOOP((#18542,#18545,#18553));
#19121=IFCFACEOUTERBOUND(#19120,.T.);
#19122=IFCFACE((#19121));
#19123=IFCPOLYLOOP((#18547,#18549,#18438));
#19124=IFCFACEOUTERBOUND(#19123,.T.);
#19125=IFCFACE((#19124));
#19126=IFCPOLYLOOP((#18550,#18553,#18430));
#19127=IFCFACEOUTERBOUND(#19126,.T.);
#19128=IFCFACE((#19127));
#19129=IFCPOLYLOOP((#18438,#18549,#18439));
#19130=IFCFACEOUTERBOUND(#19129,.T.);
#19131=IFCFACE((#19130));
#19132=IFCPOLYLOOP((#18550,#18430,#18429));
#19133=IFCFACEOUTERBOUND(#19132,.T.);
#19134=IFCFACE((#19133));
#19135=IFCPOLYLOOP((#18562,#18551,#18556));
#19136=IFCFACEOUTERBOUND(#19135,.T.);
#19137=IFCFACE((#19136));
#19138=IFCPOLYLOOP((#18551,#18552,#18555));
#19139=IFCFACEOUTERBOUND(#19138,.T.);
#19140=IFCFACE((#19139));
#19141=IFCPOLYLOOP((#18553,#18431,#18430));
#19142=IFCFACEOUTERBOUND(#19141,.T.);
#19143=IFCFACE((#19142));
#19144=IFCPOLYLOOP((#18549,#18440,#18439));
#19145=IFCFACEOUTERBOUND(#19144,.T.);
#19146=IFCFACE((#19145));
#19147=IFCPOLYLOOP((#18436,#18547,#18437));
#19148=IFCFACEOUTERBOUND(#19147,.T.);
#19149=IFCFACE((#19148));
#19150=IFCPOLYLOOP((#18553,#18435,#18434));
#19151=IFCFACEOUTERBOUND(#19150,.T.);
#19152=IFCFACE((#19151));
#19153=IFCPOLYLOOP((#18560,#18562,#18550));
#19154=IFCFACEOUTERBOUND(#19153,.T.);
#19155=IFCFACE((#19154));
#19156=IFCPOLYLOOP((#18547,#18436,#18545));
#19157=IFCFACEOUTERBOUND(#19156,.T.);
#19158=IFCFACE((#19157));
#19159=IFCPOLYLOOP((#18436,#18435,#18545));
#19160=IFCFACEOUTERBOUND(#19159,.T.);
#19161=IFCFACE((#19160));
#19162=IFCPOLYLOOP((#18553,#18434,#18433));
#19163=IFCFACEOUTERBOUND(#19162,.T.);
#19164=IFCFACE((#19163));
#19165=IFCPOLYLOOP((#18561,#18499,#18551));
#19166=IFCFACEOUTERBOUND(#19165,.T.);
#19167=IFCFACE((#19166));
#19168=IFCPOLYLOOP((#18561,#18562,#18543));
#19169=IFCFACEOUTERBOUND(#19168,.T.);
#19170=IFCFACE((#19169));
#19171=IFCPOLYLOOP((#18557,#18558,#18556));
#19172=IFCFACEOUTERBOUND(#19171,.T.);
#19173=IFCFACE((#19172));
#19174=IFCPOLYLOOP((#18429,#18428,#18560));
#19175=IFCFACEOUTERBOUND(#19174,.T.);
#19176=IFCFACE((#19175));
#19177=IFCPOLYLOOP((#18550,#18562,#18556));
#19178=IFCFACEOUTERBOUND(#19177,.T.);
#19179=IFCFACE((#19178));
#19180=IFCPOLYLOOP((#18499,#18498,#18551));
#19181=IFCFACEOUTERBOUND(#19180,.T.);
#19182=IFCFACE((#19181));
#19183=IFCPOLYLOOP((#18555,#18559,#18556));
#19184=IFCFACEOUTERBOUND(#19183,.T.);
#19185=IFCFACE((#19184));
#19186=IFCPOLYLOOP((#18491,#18546,#18544));
#19187=IFCFACEOUTERBOUND(#19186,.T.);
#19188=IFCFACE((#19187));
#19189=IFCPOLYLOOP((#18562,#18561,#18551));
#19190=IFCFACEOUTERBOUND(#19189,.T.);
#19191=IFCFACE((#19190));
#19192=IFCPOLYLOOP((#18496,#18552,#18497));
#19193=IFCFACEOUTERBOUND(#19192,.T.);
#19194=IFCFACE((#19193));
#19195=IFCPOLYLOOP((#18547,#18438,#18437));
#19196=IFCFACEOUTERBOUND(#19195,.T.);
#19197=IFCFACE((#19196));
#19198=IFCPOLYLOOP((#18495,#18494,#18552));
#19199=IFCFACEOUTERBOUND(#19198,.T.);
#19200=IFCFACE((#19199));
#19201=IFCPOLYLOOP((#18548,#18546,#18489));
#19202=IFCFACEOUTERBOUND(#19201,.T.);
#19203=IFCFACE((#19202));
#19204=IFCPOLYLOOP((#18488,#18487,#18548));
#19205=IFCFACEOUTERBOUND(#19204,.T.);
#19206=IFCFACE((#19205));
#19207=IFCPOLYLOOP((#18495,#18552,#18496));
#19208=IFCFACEOUTERBOUND(#19207,.T.);
#19209=IFCFACE((#19208));
#19210=IFCPOLYLOOP((#18543,#18562,#18560));
#19211=IFCFACEOUTERBOUND(#19210,.T.);
#19212=IFCFACE((#19211));
#19213=IFCPOLYLOOP((#18493,#18552,#18494));
#19214=IFCFACEOUTERBOUND(#19213,.T.);
#19215=IFCFACE((#19214));
#19216=IFCPOLYLOOP((#18544,#18552,#18492));
#19217=IFCFACEOUTERBOUND(#19216,.T.);
#19218=IFCFACE((#19217));
#19219=IFCPOLYLOOP((#18497,#18551,#18498));
#19220=IFCFACEOUTERBOUND(#19219,.T.);
#19221=IFCFACE((#19220));
#19222=IFCPOLYLOOP((#18490,#18546,#18491));
#19223=IFCFACEOUTERBOUND(#19222,.T.);
#19224=IFCFACE((#19223));
#19225=IFCPOLYLOOP((#18544,#18492,#18491));
#19226=IFCFACEOUTERBOUND(#19225,.T.);
#19227=IFCFACE((#19226));
#19228=IFCPOLYLOOP((#18555,#18552,#18541));
#19229=IFCFACEOUTERBOUND(#19228,.T.);
#19230=IFCFACE((#19229));
#19231=IFCPOLYLOOP((#18493,#18492,#18552));
#19232=IFCFACEOUTERBOUND(#19231,.T.);
#19233=IFCFACE((#19232));
#19234=IFCPOLYLOOP((#18489,#18488,#18548));
#19235=IFCFACEOUTERBOUND(#19234,.T.);
#19236=IFCFACE((#19235));
#19237=IFCPOLYLOOP((#18541,#18552,#18544));
#19238=IFCFACEOUTERBOUND(#19237,.T.);
#19239=IFCFACE((#19238));
#19240=IFCPOLYLOOP((#18553,#18558,#18542));
#19241=IFCFACEOUTERBOUND(#19240,.T.);
#19242=IFCFACE((#19241));
#19243=IFCPOLYLOOP((#18556,#18558,#18550));
#19244=IFCFACEOUTERBOUND(#19243,.T.);
#19245=IFCFACE((#19244));
#19246=IFCPOLYLOOP((#18489,#18546,#18490));
#19247=IFCFACEOUTERBOUND(#19246,.T.);
#19248=IFCFACE((#19247));
#19249=IFCPOLYLOOP((#18553,#18545,#18435));
#19250=IFCFACEOUTERBOUND(#19249,.T.);
#19251=IFCFACE((#19250));
#19252=IFCPOLYLOOP((#18550,#18558,#18553));
#19253=IFCFACEOUTERBOUND(#19252,.T.);
#19254=IFCFACE((#19253));
#19255=IFCPOLYLOOP((#18555,#18541,#18559));
#19256=IFCFACEOUTERBOUND(#19255,.T.);
#19257=IFCFACE((#19256));
#19258=IFCPOLYLOOP((#18555,#18556,#18551));
#19259=IFCFACEOUTERBOUND(#19258,.T.);
#19260=IFCFACE((#19259));
#19261=IFCPOLYLOOP((#18429,#18560,#18550));
#19262=IFCFACEOUTERBOUND(#19261,.T.);
#19263=IFCFACE((#19262));
#19264=IFCPOLYLOOP((#18558,#18557,#18542));
#19265=IFCFACEOUTERBOUND(#19264,.T.);
#19266=IFCFACE((#19265));
#19267=IFCPOLYLOOP((#18452,#18549,#18453));
#19268=IFCFACEOUTERBOUND(#19267,.T.);
#19269=IFCFACE((#19268));
#19270=IFCPOLYLOOP((#18565,#18545,#18542));
#19271=IFCFACEOUTERBOUND(#19270,.T.);
#19272=IFCFACE((#19271));
#19273=IFCPOLYLOOP((#18566,#18569,#18541));
#19274=IFCFACEOUTERBOUND(#19273,.T.);
#19275=IFCFACE((#19274));
#19276=IFCPOLYLOOP((#18554,#18569,#18568));
#19277=IFCFACEOUTERBOUND(#19276,.T.);
#19278=IFCFACE((#19277));
#19279=IFCPOLYLOOP((#18455,#18454,#18547));
#19280=IFCFACEOUTERBOUND(#19279,.T.);
#19281=IFCFACE((#19280));
#19282=IFCPOLYLOOP((#18453,#18547,#18454));
#19283=IFCFACEOUTERBOUND(#19282,.T.);
#19284=IFCFACE((#19283));
#19285=IFCPOLYLOOP((#18568,#18557,#18554));
#19286=IFCFACEOUTERBOUND(#19285,.T.);
#19287=IFCFACE((#19286));
#19288=IFCPOLYLOOP((#18455,#18545,#18456));
#19289=IFCFACEOUTERBOUND(#19288,.T.);
#19290=IFCFACE((#19289));
#19291=IFCPOLYLOOP((#18456,#18545,#18565));
#19292=IFCFACEOUTERBOUND(#19291,.T.);
#19293=IFCFACE((#19292));
#19294=IFCPOLYLOOP((#18561,#18570,#18564));
#19295=IFCFACEOUTERBOUND(#19294,.T.);
#19296=IFCFACE((#19295));
#19297=IFCPOLYLOOP((#18569,#18554,#18559,#18541));
#19298=IFCFACEOUTERBOUND(#19297,.T.);
#19299=IFCFACE((#19298));
#19300=IFCPOLYLOOP((#18567,#18542,#18557));
#19301=IFCFACEOUTERBOUND(#19300,.T.);
#19302=IFCFACE((#19301));
#19303=IFCPOLYLOOP((#18456,#18565,#18457));
#19304=IFCFACEOUTERBOUND(#19303,.T.);
#19305=IFCFACE((#19304));
#19306=IFCPOLYLOOP((#18458,#18457,#18565));
#19307=IFCFACEOUTERBOUND(#19306,.T.);
#19308=IFCFACE((#19307));
#19309=IFCPOLYLOOP((#18570,#18563,#18568));
#19310=IFCFACEOUTERBOUND(#19309,.T.);
#19311=IFCFACE((#19310));
#19312=IFCPOLYLOOP((#18567,#18565,#18542));
#19313=IFCFACEOUTERBOUND(#19312,.T.);
#19314=IFCFACE((#19313));
#19315=IFCPOLYLOOP((#18452,#18440,#18549));
#19316=IFCFACEOUTERBOUND(#19315,.T.);
#19317=IFCFACE((#19316));
#19318=IFCPOLYLOOP((#18565,#18460,#18459));
#19319=IFCFACEOUTERBOUND(#19318,.T.);
#19320=IFCFACE((#19319));
#19321=IFCPOLYLOOP((#18549,#18547,#18453));
#19322=IFCFACEOUTERBOUND(#19321,.T.);
#19323=IFCFACE((#19322));
#19324=IFCPOLYLOOP((#18428,#18462,#18563));
#19325=IFCFACEOUTERBOUND(#19324,.T.);
#19326=IFCFACE((#19325));
#19327=IFCPOLYLOOP((#18461,#18460,#18565));
#19328=IFCFACEOUTERBOUND(#19327,.T.);
#19329=IFCFACE((#19328));
#19330=IFCPOLYLOOP((#18461,#18563,#18462));
#19331=IFCFACEOUTERBOUND(#19330,.T.);
#19332=IFCFACE((#19331));
#19333=IFCPOLYLOOP((#18565,#18459,#18458));
#19334=IFCFACEOUTERBOUND(#19333,.T.);
#19335=IFCFACE((#19334));
#19336=IFCPOLYLOOP((#18502,#18566,#18503));
#19337=IFCFACEOUTERBOUND(#19336,.T.);
#19338=IFCFACE((#19337));
#19339=IFCPOLYLOOP((#18563,#18543,#18560,#18428));
#19340=IFCFACEOUTERBOUND(#19339,.T.);
#19341=IFCFACE((#19340));
#19342=IFCPOLYLOOP((#18505,#18566,#18506));
#19343=IFCFACEOUTERBOUND(#19342,.T.);
#19344=IFCFACE((#19343));
#19345=IFCPOLYLOOP((#18544,#18507,#18506));
#19346=IFCFACEOUTERBOUND(#19345,.T.);
#19347=IFCFACE((#19346));
#19348=IFCPOLYLOOP((#18565,#18563,#18461));
#19349=IFCFACEOUTERBOUND(#19348,.T.);
#19350=IFCFACE((#19349));
#19351=IFCPOLYLOOP((#18504,#18566,#18505));
#19352=IFCFACEOUTERBOUND(#19351,.T.);
#19353=IFCFACE((#19352));
#19354=IFCPOLYLOOP((#18508,#18507,#18546));
#19355=IFCFACEOUTERBOUND(#19354,.T.);
#19356=IFCFACE((#19355));
#19357=IFCPOLYLOOP((#18568,#18567,#18557));
#19358=IFCFACEOUTERBOUND(#19357,.T.);
#19359=IFCFACE((#19358));
#19360=IFCPOLYLOOP((#18546,#18507,#18544));
#19361=IFCFACEOUTERBOUND(#19360,.T.);
#19362=IFCFACE((#19361));
#19363=IFCPOLYLOOP((#18510,#18548,#18487));
#19364=IFCFACEOUTERBOUND(#19363,.T.);
#19365=IFCFACE((#19364));
#19366=IFCPOLYLOOP((#18565,#18567,#18563));
#19367=IFCFACEOUTERBOUND(#19366,.T.);
#19368=IFCFACE((#19367));
#19369=IFCPOLYLOOP((#18569,#18566,#18564));
#19370=IFCFACEOUTERBOUND(#19369,.T.);
#19371=IFCFACE((#19370));
#19372=IFCPOLYLOOP((#18455,#18547,#18545));
#19373=IFCFACEOUTERBOUND(#19372,.T.);
#19374=IFCFACE((#19373));
#19375=IFCPOLYLOOP((#18499,#18564,#18500));
#19376=IFCFACEOUTERBOUND(#19375,.T.);
#19377=IFCFACE((#19376));
#19378=IFCPOLYLOOP((#18568,#18564,#18570));
#19379=IFCFACEOUTERBOUND(#19378,.T.);
#19380=IFCFACE((#19379));
#19381=IFCPOLYLOOP((#18564,#18499,#18561));
#19382=IFCFACEOUTERBOUND(#19381,.T.);
#19383=IFCFACE((#19382));
#19384=IFCPOLYLOOP((#18546,#18509,#18508));
#19385=IFCFACEOUTERBOUND(#19384,.T.);
#19386=IFCFACE((#19385));
#19387=IFCPOLYLOOP((#18501,#18500,#18564));
#19388=IFCFACEOUTERBOUND(#19387,.T.);
#19389=IFCFACE((#19388));
#19390=IFCPOLYLOOP((#18569,#18564,#18568));
#19391=IFCFACEOUTERBOUND(#19390,.T.);
#19392=IFCFACE((#19391));
#19393=IFCPOLYLOOP((#18566,#18504,#18503));
#19394=IFCFACEOUTERBOUND(#19393,.T.);
#19395=IFCFACE((#19394));
#19396=IFCPOLYLOOP((#18509,#18548,#18510));
#19397=IFCFACEOUTERBOUND(#19396,.T.);
#19398=IFCFACE((#19397));
#19399=IFCPOLYLOOP((#18566,#18501,#18564));
#19400=IFCFACEOUTERBOUND(#19399,.T.);
#19401=IFCFACE((#19400));
#19402=IFCPOLYLOOP((#18546,#18548,#18509));
#19403=IFCFACEOUTERBOUND(#19402,.T.);
#19404=IFCFACE((#19403));
#19405=IFCPOLYLOOP((#18502,#18501,#18566));
#19406=IFCFACEOUTERBOUND(#19405,.T.);
#19407=IFCFACE((#19406));
#19408=IFCPOLYLOOP((#18544,#18506,#18566));
#19409=IFCFACEOUTERBOUND(#19408,.T.);
#19410=IFCFACE((#19409));
#19411=IFCPOLYLOOP((#18566,#18541,#18544));
#19412=IFCFACEOUTERBOUND(#19411,.T.);
#19413=IFCFACE((#19412));
#19414=IFCPOLYLOOP((#18563,#18570,#18543));
#19415=IFCFACEOUTERBOUND(#19414,.T.);
#19416=IFCFACE((#19415));
#19417=IFCPOLYLOOP((#18567,#18568,#18563));
#19418=IFCFACEOUTERBOUND(#19417,.T.);
#19419=IFCFACE((#19418));
#19420=IFCPOLYLOOP((#18570,#18561,#18543));
#19421=IFCFACEOUTERBOUND(#19420,.T.);
#19422=IFCFACE((#19421));
#19423=IFCCARTESIANPOINT((144.50751829014678,-39.499999999980076,-81.749999999997868));
#19424=IFCCARTESIANPOINT((137.58410883365434,-39.499999999980076,-80.838515853230476));
#19425=IFCCARTESIANPOINT((131.13251829014678,-39.499999999980041,-78.166179551231679));
#19426=IFCCARTESIANPOINT((125.59241189340659,-39.499999999979977,-73.915106396738125));
#19427=IFCCARTESIANPOINT((121.34133873891298,-39.499999999979899,-68.37499999999801));
#19428=IFCCARTESIANPOINT((118.6690024369141,-39.499999999979792,-61.923409456490461));
#19429=IFCCARTESIANPOINT((117.75751829014663,-39.499999999979686,-55.));
#19430=IFCCARTESIANPOINT((118.66900243691401,-39.499999999979565,-48.07659054350561));
#19431=IFCCARTESIANPOINT((121.34133873891281,-39.499999999979458,-41.624999999998032));
#19432=IFCCARTESIANPOINT((125.59241189340635,-39.499999999979352,-36.084893603257861));
#19433=IFCCARTESIANPOINT((131.13251829014646,-39.499999999979281,-31.833820448764232));
#19434=IFCCARTESIANPOINT((137.584108833654,-39.499999999979217,-29.161484146765343));
#19435=IFCCARTESIANPOINT((144.50751829014658,-39.499999999979195,-28.249999999997861));
#19436=IFCCARTESIANPOINT((151.43092774663901,-39.499999999979195,-29.161484146765272));
#19437=IFCCARTESIANPOINT((157.88251829014661,-39.499999999979224,-31.833820448764094));
#19438=IFCCARTESIANPOINT((163.42262468688673,-39.499999999979288,-36.084893603257669));
#19439=IFCCARTESIANPOINT((167.67369784138035,-39.499999999979373,-41.624999999997804));
#19440=IFCCARTESIANPOINT((170.3460341433792,-39.499999999979472,-48.076590543505361));
#19441=IFCCARTESIANPOINT((171.25751829014666,-39.499999999979579,-55.));
#19442=IFCCARTESIANPOINT((170.34603414337926,-39.4999999999797,-61.923409456490212));
#19443=IFCCARTESIANPOINT((167.67369784138046,-39.499999999979813,-68.374999999997769));
#19444=IFCCARTESIANPOINT((163.42262468688688,-39.499999999979913,-73.91510639673794));
#19445=IFCCARTESIANPOINT((157.88251829014678,-39.499999999979991,-78.166179551231536));
#19446=IFCCARTESIANPOINT((151.43092774663921,-39.499999999980048,-80.838515853230405));
#19447=IFCCARTESIANPOINT((144.50751829014678,-48.,-81.749999999997726));
#19448=IFCCARTESIANPOINT((151.43092774663921,-48.,-80.838515853230277));
#19449=IFCCARTESIANPOINT((157.88251829014678,-48.,-78.166179551231409));
#19450=IFCCARTESIANPOINT((163.42262468688688,-48.,-73.915106396737784));
#19451=IFCCARTESIANPOINT((167.67369784138046,-48.,-68.374999999997641));
#19452=IFCCARTESIANPOINT((170.34603414337926,-48.,-61.923409456490063));
#19453=IFCCARTESIANPOINT((171.25751829014666,-48.,-55.));
#19454=IFCCARTESIANPOINT((170.3460341433792,-48.,-48.076590543505212));
#19455=IFCCARTESIANPOINT((167.67369784138035,-48.,-41.624999999997662));
#19456=IFCCARTESIANPOINT((163.42262468688673,-48.,-36.084893603257527));
#19457=IFCCARTESIANPOINT((157.88251829014661,-48.,-31.833820448763955));
#19458=IFCCARTESIANPOINT((151.43092774663904,-48.,-29.161484146765133));
#19459=IFCCARTESIANPOINT((144.50751829014646,-48.,-28.249999999997723));
#19460=IFCCARTESIANPOINT((137.584108833654,-48.,-29.161484146765204));
#19461=IFCCARTESIANPOINT((131.13251829014649,-48.,-31.833820448764094));
#19462=IFCCARTESIANPOINT((125.59241189340638,-48.,-36.084893603257719));
#19463=IFCCARTESIANPOINT((121.34133873891284,-48.,-41.62499999999789));
#19464=IFCCARTESIANPOINT((118.66900243691403,-48.,-48.076590543505468));
#19465=IFCCARTESIANPOINT((117.75751829014665,-48.,-55.));
#19466=IFCCARTESIANPOINT((118.66900243691411,-48.,-61.923409456490319));
#19467=IFCCARTESIANPOINT((121.34133873891301,-48.,-68.374999999997868));
#19468=IFCCARTESIANPOINT((125.59241189340661,-48.,-73.915106396737983));
#19469=IFCCARTESIANPOINT((131.13251829014678,-48.,-78.166179551231536));
#19470=IFCCARTESIANPOINT((137.58410883365437,-48.,-80.838515853230348));
#19471=IFCPOLYLOOP((#19431,#19432,#19433,#19434,#19435,#19436,#19437,#19438,#19439,#19440,#19441,#19442,#19443,#19444,#19445,#19446,#19423,#19424,#19425,#19426,#19427,#19428,#19429,#19430));
#19472=IFCFACEOUTERBOUND(#19471,.T.);
#19473=IFCFACE((#19472));
#19474=IFCPOLYLOOP((#19454,#19455,#19456,#19457,#19458,#19459,#19460,#19461,#19462,#19463,#19464,#19465,#19466,#19467,#19468,#19469,#19470,#19447,#19448,#19449,#19450,#19451,#19452,#19453));
#19475=IFCFACEOUTERBOUND(#19474,.T.);
#19476=IFCFACE((#19475));
#19477=IFCPOLYLOOP((#19470,#19424,#19423,#19447));
#19478=IFCFACEOUTERBOUND(#19477,.T.);
#19479=IFCFACE((#19478));
#19480=IFCPOLYLOOP((#19469,#19425,#19424,#19470));
#19481=IFCFACEOUTERBOUND(#19480,.T.);
#19482=IFCFACE((#19481));
#19483=IFCPOLYLOOP((#19427,#19426,#19468,#19467));
#19484=IFCFACEOUTERBOUND(#19483,.T.);
#19485=IFCFACE((#19484));
#19486=IFCPOLYLOOP((#19469,#19468,#19426,#19425));
#19487=IFCFACEOUTERBOUND(#19486,.T.);
#19488=IFCFACE((#19487));
#19489=IFCPOLYLOOP((#19428,#19427,#19467,#19466));
#19490=IFCFACEOUTERBOUND(#19489,.T.);
#19491=IFCFACE((#19490));
#19492=IFCPOLYLOOP((#19429,#19428,#19466,#19465));
#19493=IFCFACEOUTERBOUND(#19492,.T.);
#19494=IFCFACE((#19493));
#19495=IFCPOLYLOOP((#19464,#19430,#19429,#19465));
#19496=IFCFACEOUTERBOUND(#19495,.T.);
#19497=IFCFACE((#19496));
#19498=IFCPOLYLOOP((#19463,#19431,#19430,#19464));
#19499=IFCFACEOUTERBOUND(#19498,.T.);
#19500=IFCFACE((#19499));
#19501=IFCPOLYLOOP((#19433,#19432,#19462,#19461));
#19502=IFCFACEOUTERBOUND(#19501,.T.);
#19503=IFCFACE((#19502));
#19504=IFCPOLYLOOP((#19463,#19462,#19432,#19431));
#19505=IFCFACEOUTERBOUND(#19504,.T.);
#19506=IFCFACE((#19505));
#19507=IFCPOLYLOOP((#19434,#19433,#19461,#19460));
#19508=IFCFACEOUTERBOUND(#19507,.T.);
#19509=IFCFACE((#19508));
#19510=IFCPOLYLOOP((#19435,#19434,#19460,#19459));
#19511=IFCFACEOUTERBOUND(#19510,.T.);
#19512=IFCFACE((#19511));
#19513=IFCPOLYLOOP((#19458,#19436,#19435,#19459));
#19514=IFCFACEOUTERBOUND(#19513,.T.);
#19515=IFCFACE((#19514));
#19516=IFCPOLYLOOP((#19457,#19437,#19436,#19458));
#19517=IFCFACEOUTERBOUND(#19516,.T.);
#19518=IFCFACE((#19517));
#19519=IFCPOLYLOOP((#19439,#19438,#19456,#19455));
#19520=IFCFACEOUTERBOUND(#19519,.T.);
#19521=IFCFACE((#19520));
#19522=IFCPOLYLOOP((#19457,#19456,#19438,#19437));
#19523=IFCFACEOUTERBOUND(#19522,.T.);
#19524=IFCFACE((#19523));
#19525=IFCPOLYLOOP((#19440,#19439,#19455,#19454));
#19526=IFCFACEOUTERBOUND(#19525,.T.);
#19527=IFCFACE((#19526));
#19528=IFCPOLYLOOP((#19441,#19440,#19454,#19453));
#19529=IFCFACEOUTERBOUND(#19528,.T.);
#19530=IFCFACE((#19529));
#19531=IFCPOLYLOOP((#19452,#19442,#19441,#19453));
#19532=IFCFACEOUTERBOUND(#19531,.T.);
#19533=IFCFACE((#19532));
#19534=IFCPOLYLOOP((#19451,#19443,#19442,#19452));
#19535=IFCFACEOUTERBOUND(#19534,.T.);
#19536=IFCFACE((#19535));
#19537=IFCPOLYLOOP((#19445,#19444,#19450,#19449));
#19538=IFCFACEOUTERBOUND(#19537,.T.);
#19539=IFCFACE((#19538));
#19540=IFCPOLYLOOP((#19451,#19450,#19444,#19443));
#19541=IFCFACEOUTERBOUND(#19540,.T.);
#19542=IFCFACE((#19541));
#19543=IFCPOLYLOOP((#19446,#19445,#19449,#19448));
#19544=IFCFACEOUTERBOUND(#19543,.T.);
#19545=IFCFACE((#19544));
#19546=IFCPOLYLOOP((#19423,#19446,#19448,#19447));
#19547=IFCFACEOUTERBOUND(#19546,.T.);
#19548=IFCFACE((#19547));
#19549=IFCCARTESIANPOINT((144.50751829013402,18.50000000002948,-160.74999999998613));
#19550=IFCCARTESIANPOINT((142.04873736166013,18.500000000029505,-161.07370465023993));
#19551=IFCCARTESIANPOINT((139.75751829013407,18.500000000029534,-162.02275866403392));
#19552=IFCCARTESIANPOINT((137.79000386886185,18.500000000029551,-163.53248557871385));
#19553=IFCCARTESIANPOINT((136.28027695418186,18.500000000029566,-165.49999999998602));
#19554=IFCCARTESIANPOINT((135.33122294038787,18.500000000029569,-167.79121907151207));
#19555=IFCCARTESIANPOINT((135.00751829013399,18.500000000029566,-170.24999999998604));
#19556=IFCCARTESIANPOINT((135.33122294038782,18.500000000029555,-172.70878092845999));
#19557=IFCCARTESIANPOINT((136.28027695418177,18.500000000029537,-175.));
#19558=IFCCARTESIANPOINT((137.7900038688617,18.500000000029512,-176.96751442125827));
#19559=IFCCARTESIANPOINT((139.75751829013387,18.500000000029488,-178.47724133593823));
#19560=IFCCARTESIANPOINT((142.04873736165993,18.500000000029456,-179.42629534973227));
#19561=IFCCARTESIANPOINT((144.50751829013393,18.500000000029424,-179.74999999998613));
#19562=IFCCARTESIANPOINT((146.96629921860787,18.500000000029399,-179.4262953497323));
#19563=IFCCARTESIANPOINT((149.25751829013393,18.50000000002937,-178.47724133593834));
#19564=IFCCARTESIANPOINT((151.22503271140613,18.500000000029353,-176.96751442125839));
#19565=IFCCARTESIANPOINT((152.73475962608612,18.500000000029338,-175.));
#19566=IFCCARTESIANPOINT((153.68381363988013,18.500000000029335,-172.70878092846016));
#19567=IFCCARTESIANPOINT((154.00751829013402,18.500000000029338,-170.24999999998622));
#19568=IFCCARTESIANPOINT((153.68381363988016,18.500000000029349,-167.79121907151224));
#19569=IFCCARTESIANPOINT((152.73475962608617,18.500000000029367,-165.49999999998619));
#19570=IFCCARTESIANPOINT((151.22503271140624,18.500000000029392,-163.53248557871399));
#19571=IFCCARTESIANPOINT((149.25751829013404,18.500000000029416,-162.022758664034));
#19572=IFCCARTESIANPOINT((146.96629921860801,18.500000000029448,-161.07370465024002));
#19573=IFCCARTESIANPOINT((144.5075182901343,43.500000000029061,-160.74999999998619));
#19574=IFCCARTESIANPOINT((142.04873736166039,43.500000000029097,-161.07370465024005));
#19575=IFCCARTESIANPOINT((139.7575182901343,43.500000000029111,-162.02275866403403));
#19576=IFCCARTESIANPOINT((137.7900038688621,43.500000000029118,-163.53248557871396));
#19577=IFCCARTESIANPOINT((136.28027695418214,43.500000000029125,-165.49999999998616));
#19578=IFCCARTESIANPOINT((135.33122294038813,43.500000000029111,-167.79121907151222));
#19579=IFCCARTESIANPOINT((135.00751829013427,43.500000000029097,-170.24999999998616));
#19580=IFCCARTESIANPOINT((135.33122294038813,43.500000000029068,-172.70878092846013));
#19581=IFCCARTESIANPOINT((136.28027695418209,43.500000000029033,-175.));
#19582=IFCCARTESIANPOINT((137.79000386886204,43.500000000029011,-176.96751442125839));
#19583=IFCCARTESIANPOINT((139.75751829013419,43.500000000028962,-178.47724133593832));
#19584=IFCCARTESIANPOINT((142.04873736166024,43.500000000028926,-179.42629534973233));
#19585=IFCCARTESIANPOINT((144.50751829013416,43.500000000028948,-179.74999999998622));
#19586=IFCCARTESIANPOINT((146.96629921860813,43.500000000028862,-179.42629534973238));
#19587=IFCCARTESIANPOINT((149.25751829013419,43.500000000028855,-178.47724133593846));
#19588=IFCCARTESIANPOINT((151.22503271140641,43.500000000028834,-176.96751442125847));
#19589=IFCCARTESIANPOINT((152.73475962608637,43.500000000028827,-175.));
#19590=IFCCARTESIANPOINT((153.68381363988038,43.500000000028848,-172.7087809284603));
#19591=IFCCARTESIANPOINT((154.00751829013427,43.500000000028862,-170.24999999998633));
#19592=IFCCARTESIANPOINT((153.68381363988047,43.500000000028891,-167.79121907151236));
#19593=IFCCARTESIANPOINT((152.73475962608651,43.500000000028926,-165.4999999999863));
#19594=IFCCARTESIANPOINT((151.22503271140656,43.500000000028962,-163.53248557871407));
#19595=IFCCARTESIANPOINT((149.25751829013439,43.50000000002899,-162.02275866403409));
#19596=IFCCARTESIANPOINT((146.9662992186083,43.500000000029033,-161.07370465024007));
#19597=IFCCARTESIANPOINT((144.50751829013458,78.,-145.24999999998644));
#19598=IFCCARTESIANPOINT((142.04873736166061,77.676295349775316,-145.24999999998644));
#19599=IFCCARTESIANPOINT((139.75751829013458,76.727241335981333,-145.24999999998641));
#19600=IFCCARTESIANPOINT((137.79000386886236,75.217514421301374,-145.24999999998641));
#19601=IFCCARTESIANPOINT((136.2802769541824,73.250000000029175,-145.24999999998641));
#19602=IFCCARTESIANPOINT((135.33122294038841,70.958780928503117,-145.24999999998636));
#19603=IFCCARTESIANPOINT((135.00751829013458,68.500000000029175,-145.24999999998636));
#19604=IFCCARTESIANPOINT((135.33122294038841,66.041219071555219,-145.24999999998633));
#19605=IFCCARTESIANPOINT((136.2802769541824,63.750000000029175,-145.2499999999863));
#19606=IFCCARTESIANPOINT((137.79000386886236,61.782485578756976,-145.24999999998627));
#19607=IFCCARTESIANPOINT((139.75751829013456,60.272758664076996,-145.24999999998627));
#19608=IFCCARTESIANPOINT((142.04873736166061,59.323704650283013,-145.24999999998624));
#19609=IFCCARTESIANPOINT((144.5075182901345,59.,-145.24999999998624));
#19610=IFCCARTESIANPOINT((144.50751829013444,59.,-79.249999999986315));
#19611=IFCCARTESIANPOINT((142.04873736165644,59.323704650284348,-79.249999999986315));
#19612=IFCCARTESIANPOINT((139.75751829012734,60.272758664081358,-79.249999999986301));
#19613=IFCCARTESIANPOINT((137.79000386885406,61.782485578765467,-79.249999999986315));
#19614=IFCCARTESIANPOINT((136.28027695417521,63.750000000041801,-79.249999999986315));
#19615=IFCCARTESIANPOINT((135.33122294038424,66.041219071570879,-79.249999999986343));
#19616=IFCCARTESIANPOINT((135.00751829013453,68.500000000045929,-79.249999999986329));
#19617=IFCCARTESIANPOINT((135.33122294039251,70.958780928518777,-79.249999999986343));
#19618=IFCCARTESIANPOINT((136.2802769541895,73.250000000041794,-79.249999999986343));
#19619=IFCCARTESIANPOINT((137.79000386887057,75.217514421309843,-79.249999999986372));
#19620=IFCCARTESIANPOINT((139.75751829014169,76.727241335985681,-79.249999999986386));
#19621=IFCCARTESIANPOINT((142.04873736166471,77.676295349776652,-79.249999999986386));
#19622=IFCCARTESIANPOINT((144.50751829013458,78.,-79.249999999986386));
#19623=IFCCARTESIANPOINT((146.96629921860844,59.323704650282991,-145.24999999998624));
#19624=IFCCARTESIANPOINT((149.2575182901345,60.272758664076946,-145.24999999998627));
#19625=IFCCARTESIANPOINT((151.22503271140673,61.782485578756891,-145.24999999998627));
#19626=IFCCARTESIANPOINT((152.73475962608669,63.750000000029068,-145.24999999998627));
#19627=IFCCARTESIANPOINT((153.6838136398807,66.041219071555119,-145.24999999998633));
#19628=IFCCARTESIANPOINT((154.00751829013458,68.500000000029061,-145.24999999998633));
#19629=IFCCARTESIANPOINT((153.68381363988078,70.958780928503018,-145.24999999998636));
#19630=IFCCARTESIANPOINT((152.7347596260868,73.250000000029075,-145.24999999998639));
#19631=IFCCARTESIANPOINT((151.22503271140684,75.217514421301289,-145.24999999998641));
#19632=IFCCARTESIANPOINT((149.25751829013467,76.72724133598129,-145.24999999998641));
#19633=IFCCARTESIANPOINT((146.96629921860864,77.676295349775287,-145.24999999998644));
#19634=IFCCARTESIANPOINT((146.96629921860446,77.676295349776623,-79.249999999986386));
#19635=IFCCARTESIANPOINT((149.25751829012748,76.727241335985639,-79.249999999986343));
#19636=IFCCARTESIANPOINT((151.22503271139854,75.217514421309787,-79.249999999986343));
#19637=IFCCARTESIANPOINT((152.73475962607961,73.250000000041709,-79.249999999986329));
#19638=IFCCARTESIANPOINT((153.68381363987658,70.958780928518649,-79.249999999986343));
#19639=IFCCARTESIANPOINT((154.00751829013456,68.500000000045816,-79.249999999986329));
#19640=IFCCARTESIANPOINT((153.68381363988479,66.041219071570751,-79.249999999986315));
#19641=IFCCARTESIANPOINT((152.73475962609379,63.750000000041695,-79.249999999986315));
#19642=IFCCARTESIANPOINT((151.22503271141491,61.782485578765382,-79.249999999986301));
#19643=IFCCARTESIANPOINT((149.2575182901416,60.272758664081302,-79.249999999986315));
#19644=IFCCARTESIANPOINT((146.96629921861253,59.323704650284327,-79.249999999986315));
#19645=IFCCARTESIANPOINT((144.50751829013382,8.50000000002942,-63.750000000002608));
#19646=IFCCARTESIANPOINT((146.96629921860776,8.5000000000293916,-63.426295349748749));
#19647=IFCCARTESIANPOINT((149.25751829013382,8.5000000000293667,-62.477241335954758));
#19648=IFCCARTESIANPOINT((151.22503271140602,8.500000000029349,-60.967514421274778));
#19649=IFCCARTESIANPOINT((152.73475962608597,8.5000000000293348,-59.));
#19650=IFCCARTESIANPOINT((153.68381363987996,8.5000000000293312,-56.708780928476521));
#19651=IFCCARTESIANPOINT((154.00751829013382,8.5000000000293348,-54.250000000002579));
#19652=IFCCARTESIANPOINT((153.68381363987993,8.5000000000293472,-51.791219071528637));
#19653=IFCCARTESIANPOINT((152.73475962608595,8.500000000029365,-49.500000000002593));
#19654=IFCCARTESIANPOINT((151.22503271140599,8.5000000000293898,-47.53248557873038));
#19655=IFCCARTESIANPOINT((149.25751829013376,8.5000000000294182,-46.022758664050421));
#19656=IFCCARTESIANPOINT((146.9662992186077,8.5000000000294484,-45.073704650256438));
#19657=IFCCARTESIANPOINT((144.50751829013367,8.5000000000294786,-44.750000000002593));
#19658=IFCCARTESIANPOINT((142.0487373616597,8.5000000000295071,-45.073704650256481));
#19659=IFCCARTESIANPOINT((139.75751829013367,8.5000000000295319,-46.022758664050492));
#19660=IFCCARTESIANPOINT((137.7900038688615,8.5000000000295515,-47.532485578730473));
#19661=IFCCARTESIANPOINT((136.28027695418155,8.5000000000295639,-49.5000000000027));
#19662=IFCCARTESIANPOINT((135.33122294038759,8.5000000000295675,-51.791219071528758));
#19663=IFCCARTESIANPOINT((135.00751829013379,8.5000000000295639,-54.250000000002707));
#19664=IFCCARTESIANPOINT((135.33122294038765,8.5000000000295515,-56.708780928476649));
#19665=IFCCARTESIANPOINT((136.28027695418169,8.5000000000295337,-59.));
#19666=IFCCARTESIANPOINT((137.79000386886165,8.5000000000295106,-60.967514421274885));
#19667=IFCCARTESIANPOINT((139.75751829013387,8.5000000000294822,-62.477241335954822));
#19668=IFCCARTESIANPOINT((142.04873736165993,8.5000000000294502,-63.426295349748784));
#19669=IFCCARTESIANPOINT((144.50751829013407,43.500000000045993,-44.7500000000027));
#19670=IFCCARTESIANPOINT((142.04873736166013,43.500000000046022,-45.073704650256587));
#19671=IFCCARTESIANPOINT((139.7575182901341,43.50000000004605,-46.022758664050599));
#19672=IFCCARTESIANPOINT((137.7900038688619,43.500000000046072,-47.532485578730594));
#19673=IFCCARTESIANPOINT((136.28027695418197,43.500000000046079,-49.500000000002807));
#19674=IFCCARTESIANPOINT((135.33122294038802,43.500000000046079,-51.791219071528872));
#19675=IFCCARTESIANPOINT((135.00751829013419,43.500000000046079,-54.250000000002821));
#19676=IFCCARTESIANPOINT((135.33122294038807,43.500000000046072,-56.708780928476763));
#19677=IFCCARTESIANPOINT((136.28027695418209,43.50000000004605,-59.));
#19678=IFCCARTESIANPOINT((137.79000386886207,43.500000000046029,-60.967514421274984));
#19679=IFCCARTESIANPOINT((139.7575182901343,43.500000000045993,-62.477241335954936));
#19680=IFCCARTESIANPOINT((142.04873736166036,43.500000000045972,-63.426295349748891));
#19681=IFCCARTESIANPOINT((144.50751829013424,43.500000000045937,-63.750000000002714));
#19682=IFCCARTESIANPOINT((146.96629921860819,43.500000000045915,-63.426295349748855));
#19683=IFCCARTESIANPOINT((149.25751829013424,43.500000000045887,-62.477241335954865));
#19684=IFCCARTESIANPOINT((151.22503271140644,43.500000000045858,-60.967514421274892));
#19685=IFCCARTESIANPOINT((152.73475962608637,43.500000000045851,-59.));
#19686=IFCCARTESIANPOINT((153.68381363988036,43.500000000045851,-56.708780928476635));
#19687=IFCCARTESIANPOINT((154.00751829013421,43.500000000045851,-54.250000000002693));
#19688=IFCCARTESIANPOINT((153.68381363988036,43.500000000045858,-51.791219071528744));
#19689=IFCCARTESIANPOINT((152.73475962608637,43.500000000045887,-49.500000000002686));
#19690=IFCCARTESIANPOINT((151.22503271140639,43.500000000045901,-47.532485578730494));
#19691=IFCCARTESIANPOINT((149.25751829013419,43.500000000045937,-46.022758664050535));
#19692=IFCCARTESIANPOINT((146.96629921860813,43.500000000045965,-45.073704650256552));
#19693=IFCCARTESIANPOINT((144.50751829013456,73.377876430592195,-162.49999999998656));
#19694=IFCCARTESIANPOINT((144.50751829013441,60.75000000002894,-175.12787643054958));
#19695=IFCCARTESIANPOINT((144.50751829013441,54.460155108420601,-156.21015510837785));
#19696=IFCCARTESIANPOINT((144.50751829013458,75.156970728120413,-155.86032969015545));
#19697=IFCCARTESIANPOINT((144.50751829013433,54.110329580526894,-176.90697075746388));
#19698=IFCCARTESIANPOINT((144.50751829013461,76.578485364074837,-150.555164845071));
#19699=IFCCARTESIANPOINT((144.5075182901343,48.805164790277892,-178.32848537872508));
#19700=IFCCARTESIANPOINT((144.50751829013461,77.28924268205202,-147.90258242252881));
#19701=IFCCARTESIANPOINT((144.50751829013424,46.152582395153402,-179.03924268935569));
#19702=IFCCARTESIANPOINT((135.03922251291604,55.182203724991979,-166.47152922814843));
#19703=IFCCARTESIANPOINT((135.78521138617086,61.977949500384589,-155.7148170170276));
#19704=IFCCARTESIANPOINT((135.89424361919069,70.875079835773903,-154.84429550835745));
#19705=IFCCARTESIANPOINT((135.60127654806021,52.133281050225911,-172.2071777683054));
#19706=IFCCARTESIANPOINT((144.5075182901345,67.063938215310571,-168.81393821526805));
#19707=IFCCARTESIANPOINT((136.78544151186688,69.507340276955119,-161.24726120971729));
#19708=IFCCARTESIANPOINT((135.27397829040495,62.72729931242143,-164.53765669934575));
#19709=IFCCARTESIANPOINT((144.50751829013447,63.906969107669752,-171.9709073229088));
#19710=IFCCARTESIANPOINT((137.85024488360227,60.328737938750031,-172.20524605103378));
#19711=IFCCARTESIANPOINT((144.50751829013453,70.220907322951376,-165.6569691076273));
#19712=IFCCARTESIANPOINT((144.50751829013436,48.980077554224827,-158.48007755418203));
#19713=IFCCARTESIANPOINT((144.50751829013447,56.730077554224906,-150.73007755418203));
#19714=IFCCARTESIANPOINT((137.03671712636617,57.740929555435656,-158.0256513293964));
#19715=IFCCARTESIANPOINT((153.22982546625613,53.96481744145094,-163.72794998469357));
#19716=IFCCARTESIANPOINT((153.22982519401054,61.977949500116594,-155.71481701708862));
#19717=IFCCARTESIANPOINT((153.12079299561313,53.094295596247157,-172.62507972629416));
#19718=IFCCARTESIANPOINT((153.12079296113228,70.875079835693455,-154.84429550823654));
#19719=IFCCARTESIANPOINT((152.22959523613363,59.497261024371774,-171.2573401161371));
#19720=IFCCARTESIANPOINT((153.74292426783194,62.752038389135151,-164.50203896581442));
#19721=IFCCARTESIANPOINT((151.89988766585219,69.143979754637016,-162.60885656515717));
#19722=IFCCARTESIANPOINT((151.97081807585846,57.738673219236503,-158.01388222616512));
#19723=IFCCARTESIANPOINT((144.50751829013433,60.750000000045993,-49.372123569423138));
#19724=IFCCARTESIANPOINT((144.5075182901345,73.377876430609106,-62.));
#19725=IFCCARTESIANPOINT((144.50751829013439,54.460155108437426,-68.289844891594782));
#19726=IFCCARTESIANPOINT((144.50751829013427,54.11032969021489,-47.593029271894963));
#19727=IFCCARTESIANPOINT((144.50751829013453,75.156970757523467,-68.639670419488368));
#19728=IFCCARTESIANPOINT((144.50751829013421,48.805164845130435,-46.171514635940596));
#19729=IFCCARTESIANPOINT((144.50751829013456,76.578485378784691,-73.944835209737377));
#19730=IFCCARTESIANPOINT((144.50751829013416,46.152582422588218,-45.460757317963399));
#19731=IFCCARTESIANPOINT((144.50751829013456,77.289242689415303,-76.597417604861874));
#19732=IFCCARTESIANPOINT((135.0392225129161,64.721529228208098,-67.567796275023497));
#19733=IFCCARTESIANPOINT((135.78521138617219,53.964817017085089,-60.772050499633671));
#19734=IFCCARTESIANPOINT((135.89424361918515,53.094295508418924,-51.874920164254291));
#19735=IFCCARTESIANPOINT((135.60127654806035,70.457177768365071,-70.616718949789529));
#19736=IFCCARTESIANPOINT((144.50751829013441,67.063938215327553,-55.686061784704734));
#19737=IFCCARTESIANPOINT((136.78544151186836,59.49726120978783,-53.242659723064385));
#19738=IFCCARTESIANPOINT((135.27397829039978,62.787656699391285,-60.022700687609898));
#19739=IFCCARTESIANPOINT((144.50751829013447,70.22090732296833,-58.843030892345531));
#19740=IFCCARTESIANPOINT((137.85024488360233,70.455246051093368,-62.42126206126531));
#19741=IFCCARTESIANPOINT((144.50751829013439,63.906969107686777,-52.529092677063936));
#19742=IFCCARTESIANPOINT((144.50751829013441,56.73007755424166,-73.769922445790542));
#19743=IFCCARTESIANPOINT((144.5075182901343,48.980077554241682,-66.019922445790499));
#19744=IFCCARTESIANPOINT((137.03671712637265,56.275651329446156,-65.00907044458215));
#19745=IFCCARTESIANPOINT((153.22982546625616,61.977949984752996,-68.785182558564372));
#19746=IFCCARTESIANPOINT((153.22982519400836,53.964817017145023,-60.772050499902406));
#19747=IFCCARTESIANPOINT((153.1207929956133,70.875079726353633,-69.655704403768027));
#19748=IFCCARTESIANPOINT((153.12079296113731,53.094295508297833,-51.874920164334505));
#19749=IFCCARTESIANPOINT((152.22959523613372,69.507340116196531,-63.252738975643432));
#19750=IFCCARTESIANPOINT((153.74292426783188,62.752038965873204,-59.997961610879493));
#19751=IFCCARTESIANPOINT((151.89988766585446,60.858856565212378,-53.606020245379035));
#19752=IFCCARTESIANPOINT((151.97081807585829,56.263882226224894,-65.011326780779257));
#19753=IFCPOLYLOOP((#19566,#19567,#19568,#19569,#19570,#19571,#19572,#19549,#19550,#19551,#19552,#19553,#19554,#19555,#19556,#19557,#19558,#19559,#19560,#19561,#19562,#19563,#19564,#19565));
#19754=IFCFACEOUTERBOUND(#19753,.T.);
#19755=IFCFACE((#19754));
#19756=IFCPOLYLOOP((#19574,#19550,#19549,#19573));
#19757=IFCFACEOUTERBOUND(#19756,.T.);
#19758=IFCFACE((#19757));
#19759=IFCPOLYLOOP((#19575,#19551,#19550,#19574));
#19760=IFCFACEOUTERBOUND(#19759,.T.);
#19761=IFCFACE((#19760));
#19762=IFCPOLYLOOP((#19552,#19576,#19577,#19553));
#19763=IFCFACEOUTERBOUND(#19762,.T.);
#19764=IFCFACE((#19763));
#19765=IFCPOLYLOOP((#19575,#19576,#19552,#19551));
#19766=IFCFACEOUTERBOUND(#19765,.T.);
#19767=IFCFACE((#19766));
#19768=IFCPOLYLOOP((#19553,#19577,#19578,#19554));
#19769=IFCFACEOUTERBOUND(#19768,.T.);
#19770=IFCFACE((#19769));
#19771=IFCPOLYLOOP((#19554,#19578,#19579,#19555));
#19772=IFCFACEOUTERBOUND(#19771,.T.);
#19773=IFCFACE((#19772));
#19774=IFCPOLYLOOP((#19581,#19557,#19556,#19580));
#19775=IFCFACEOUTERBOUND(#19774,.T.);
#19776=IFCFACE((#19775));
#19777=IFCPOLYLOOP((#19582,#19558,#19557,#19581));
#19778=IFCFACEOUTERBOUND(#19777,.T.);
#19779=IFCFACE((#19778));
#19780=IFCPOLYLOOP((#19559,#19583,#19584,#19560));
#19781=IFCFACEOUTERBOUND(#19780,.T.);
#19782=IFCFACE((#19781));
#19783=IFCPOLYLOOP((#19582,#19583,#19559,#19558));
#19784=IFCFACEOUTERBOUND(#19783,.T.);
#19785=IFCFACE((#19784));
#19786=IFCPOLYLOOP((#19560,#19584,#19585,#19561));
#19787=IFCFACEOUTERBOUND(#19786,.T.);
#19788=IFCFACE((#19787));
#19789=IFCPOLYLOOP((#19556,#19555,#19579,#19580));
#19790=IFCFACEOUTERBOUND(#19789,.T.);
#19791=IFCFACE((#19790));
#19792=IFCPOLYLOOP((#19586,#19562,#19561,#19585));
#19793=IFCFACEOUTERBOUND(#19792,.T.);
#19794=IFCFACE((#19793));
#19795=IFCPOLYLOOP((#19587,#19563,#19562,#19586));
#19796=IFCFACEOUTERBOUND(#19795,.T.);
#19797=IFCFACE((#19796));
#19798=IFCPOLYLOOP((#19564,#19588,#19589,#19565));
#19799=IFCFACEOUTERBOUND(#19798,.T.);
#19800=IFCFACE((#19799));
#19801=IFCPOLYLOOP((#19587,#19588,#19564,#19563));
#19802=IFCFACEOUTERBOUND(#19801,.T.);
#19803=IFCFACE((#19802));
#19804=IFCPOLYLOOP((#19565,#19589,#19590,#19566));
#19805=IFCFACEOUTERBOUND(#19804,.T.);
#19806=IFCFACE((#19805));
#19807=IFCPOLYLOOP((#19566,#19590,#19591,#19567));
#19808=IFCFACEOUTERBOUND(#19807,.T.);
#19809=IFCFACE((#19808));
#19810=IFCPOLYLOOP((#19593,#19569,#19568,#19592));
#19811=IFCFACEOUTERBOUND(#19810,.T.);
#19812=IFCFACE((#19811));
#19813=IFCPOLYLOOP((#19594,#19570,#19569,#19593));
#19814=IFCFACEOUTERBOUND(#19813,.T.);
#19815=IFCFACE((#19814));
#19816=IFCPOLYLOOP((#19571,#19595,#19596,#19572));
#19817=IFCFACEOUTERBOUND(#19816,.T.);
#19818=IFCFACE((#19817));
#19819=IFCPOLYLOOP((#19594,#19595,#19571,#19570));
#19820=IFCFACEOUTERBOUND(#19819,.T.);
#19821=IFCFACE((#19820));
#19822=IFCPOLYLOOP((#19572,#19596,#19573,#19549));
#19823=IFCFACEOUTERBOUND(#19822,.T.);
#19824=IFCFACE((#19823));
#19825=IFCPOLYLOOP((#19568,#19567,#19591,#19592));
#19826=IFCFACEOUTERBOUND(#19825,.T.);
#19827=IFCFACE((#19826));
#19828=IFCPOLYLOOP((#19611,#19608,#19609,#19610));
#19829=IFCFACEOUTERBOUND(#19828,.T.);
#19830=IFCFACE((#19829));
#19831=IFCPOLYLOOP((#19612,#19607,#19608,#19611));
#19832=IFCFACEOUTERBOUND(#19831,.T.);
#19833=IFCFACE((#19832));
#19834=IFCPOLYLOOP((#19606,#19613,#19614,#19605));
#19835=IFCFACEOUTERBOUND(#19834,.T.);
#19836=IFCFACE((#19835));
#19837=IFCPOLYLOOP((#19612,#19613,#19606,#19607));
#19838=IFCFACEOUTERBOUND(#19837,.T.);
#19839=IFCFACE((#19838));
#19840=IFCPOLYLOOP((#19605,#19614,#19615,#19604));
#19841=IFCFACEOUTERBOUND(#19840,.T.);
#19842=IFCFACE((#19841));
#19843=IFCPOLYLOOP((#19604,#19615,#19616,#19603));
#19844=IFCFACEOUTERBOUND(#19843,.T.);
#19845=IFCFACE((#19844));
#19846=IFCPOLYLOOP((#19618,#19601,#19602,#19617));
#19847=IFCFACEOUTERBOUND(#19846,.T.);
#19848=IFCFACE((#19847));
#19849=IFCPOLYLOOP((#19619,#19600,#19601,#19618));
#19850=IFCFACEOUTERBOUND(#19849,.T.);
#19851=IFCFACE((#19850));
#19852=IFCPOLYLOOP((#19599,#19620,#19621,#19598));
#19853=IFCFACEOUTERBOUND(#19852,.T.);
#19854=IFCFACE((#19853));
#19855=IFCPOLYLOOP((#19619,#19620,#19599,#19600));
#19856=IFCFACEOUTERBOUND(#19855,.T.);
#19857=IFCFACE((#19856));
#19858=IFCPOLYLOOP((#19598,#19621,#19622,#19597));
#19859=IFCFACEOUTERBOUND(#19858,.T.);
#19860=IFCFACE((#19859));
#19861=IFCPOLYLOOP((#19602,#19603,#19616,#19617));
#19862=IFCFACEOUTERBOUND(#19861,.T.);
#19863=IFCFACE((#19862));
#19864=IFCPOLYLOOP((#19634,#19633,#19597,#19622));
#19865=IFCFACEOUTERBOUND(#19864,.T.);
#19866=IFCFACE((#19865));
#19867=IFCPOLYLOOP((#19635,#19632,#19633,#19634));
#19868=IFCFACEOUTERBOUND(#19867,.T.);
#19869=IFCFACE((#19868));
#19870=IFCPOLYLOOP((#19631,#19636,#19637,#19630));
#19871=IFCFACEOUTERBOUND(#19870,.T.);
#19872=IFCFACE((#19871));
#19873=IFCPOLYLOOP((#19632,#19635,#19636,#19631));
#19874=IFCFACEOUTERBOUND(#19873,.T.);
#19875=IFCFACE((#19874));
#19876=IFCPOLYLOOP((#19630,#19637,#19638,#19629));
#19877=IFCFACEOUTERBOUND(#19876,.T.);
#19878=IFCFACE((#19877));
#19879=IFCPOLYLOOP((#19629,#19638,#19639,#19628));
#19880=IFCFACEOUTERBOUND(#19879,.T.);
#19881=IFCFACE((#19880));
#19882=IFCPOLYLOOP((#19641,#19642,#19625,#19626));
#19883=IFCFACEOUTERBOUND(#19882,.T.);
#19884=IFCFACE((#19883));
#19885=IFCPOLYLOOP((#19640,#19641,#19626,#19627));
#19886=IFCFACEOUTERBOUND(#19885,.T.);
#19887=IFCFACE((#19886));
#19888=IFCPOLYLOOP((#19644,#19610,#19609,#19623));
#19889=IFCFACEOUTERBOUND(#19888,.T.);
#19890=IFCFACE((#19889));
#19891=IFCPOLYLOOP((#19643,#19644,#19623,#19624));
#19892=IFCFACEOUTERBOUND(#19891,.T.);
#19893=IFCFACE((#19892));
#19894=IFCPOLYLOOP((#19642,#19643,#19624,#19625));
#19895=IFCFACEOUTERBOUND(#19894,.T.);
#19896=IFCFACE((#19895));
#19897=IFCPOLYLOOP((#19627,#19628,#19639,#19640));
#19898=IFCFACEOUTERBOUND(#19897,.T.);
#19899=IFCFACE((#19898));
#19900=IFCPOLYLOOP((#19652,#19653,#19654,#19655,#19656,#19657,#19658,#19659,#19660,#19661,#19662,#19663,#19664,#19665,#19666,#19667,#19668,#19645,#19646,#19647,#19648,#19649,#19650,#19651));
#19901=IFCFACEOUTERBOUND(#19900,.T.);
#19902=IFCFACE((#19901));
#19903=IFCPOLYLOOP((#19668,#19680,#19681,#19645));
#19904=IFCFACEOUTERBOUND(#19903,.T.);
#19905=IFCFACE((#19904));
#19906=IFCPOLYLOOP((#19667,#19679,#19680,#19668));
#19907=IFCFACEOUTERBOUND(#19906,.T.);
#19908=IFCFACE((#19907));
#19909=IFCPOLYLOOP((#19678,#19666,#19665,#19677));
#19910=IFCFACEOUTERBOUND(#19909,.T.);
#19911=IFCFACE((#19910));
#19912=IFCPOLYLOOP((#19667,#19666,#19678,#19679));
#19913=IFCFACEOUTERBOUND(#19912,.T.);
#19914=IFCFACE((#19913));
#19915=IFCPOLYLOOP((#19677,#19665,#19664,#19676));
#19916=IFCFACEOUTERBOUND(#19915,.T.);
#19917=IFCFACE((#19916));
#19918=IFCPOLYLOOP((#19676,#19664,#19663,#19675));
#19919=IFCFACEOUTERBOUND(#19918,.T.);
#19920=IFCFACE((#19919));
#19921=IFCPOLYLOOP((#19661,#19673,#19674,#19662));
#19922=IFCFACEOUTERBOUND(#19921,.T.);
#19923=IFCFACE((#19922));
#19924=IFCPOLYLOOP((#19660,#19672,#19673,#19661));
#19925=IFCFACEOUTERBOUND(#19924,.T.);
#19926=IFCFACE((#19925));
#19927=IFCPOLYLOOP((#19671,#19659,#19658,#19670));
#19928=IFCFACEOUTERBOUND(#19927,.T.);
#19929=IFCFACE((#19928));
#19930=IFCPOLYLOOP((#19660,#19659,#19671,#19672));
#19931=IFCFACEOUTERBOUND(#19930,.T.);
#19932=IFCFACE((#19931));
#19933=IFCPOLYLOOP((#19670,#19658,#19657,#19669));
#19934=IFCFACEOUTERBOUND(#19933,.T.);
#19935=IFCFACE((#19934));
#19936=IFCPOLYLOOP((#19674,#19675,#19663,#19662));
#19937=IFCFACEOUTERBOUND(#19936,.T.);
#19938=IFCFACE((#19937));
#19939=IFCPOLYLOOP((#19656,#19692,#19669,#19657));
#19940=IFCFACEOUTERBOUND(#19939,.T.);
#19941=IFCFACE((#19940));
#19942=IFCPOLYLOOP((#19655,#19691,#19692,#19656));
#19943=IFCFACEOUTERBOUND(#19942,.T.);
#19944=IFCFACE((#19943));
#19945=IFCPOLYLOOP((#19690,#19654,#19653,#19689));
#19946=IFCFACEOUTERBOUND(#19945,.T.);
#19947=IFCFACE((#19946));
#19948=IFCPOLYLOOP((#19655,#19654,#19690,#19691));
#19949=IFCFACEOUTERBOUND(#19948,.T.);
#19950=IFCFACE((#19949));
#19951=IFCPOLYLOOP((#19689,#19653,#19652,#19688));
#19952=IFCFACEOUTERBOUND(#19951,.T.);
#19953=IFCFACE((#19952));
#19954=IFCPOLYLOOP((#19688,#19652,#19651,#19687));
#19955=IFCFACEOUTERBOUND(#19954,.T.);
#19956=IFCFACE((#19955));
#19957=IFCPOLYLOOP((#19649,#19685,#19686,#19650));
#19958=IFCFACEOUTERBOUND(#19957,.T.);
#19959=IFCFACE((#19958));
#19960=IFCPOLYLOOP((#19648,#19684,#19685,#19649));
#19961=IFCFACEOUTERBOUND(#19960,.T.);
#19962=IFCFACE((#19961));
#19963=IFCPOLYLOOP((#19683,#19647,#19646,#19682));
#19964=IFCFACEOUTERBOUND(#19963,.T.);
#19965=IFCFACE((#19964));
#19966=IFCPOLYLOOP((#19648,#19647,#19683,#19684));
#19967=IFCFACEOUTERBOUND(#19966,.T.);
#19968=IFCFACE((#19967));
#19969=IFCPOLYLOOP((#19682,#19646,#19645,#19681));
#19970=IFCFACEOUTERBOUND(#19969,.T.);
#19971=IFCFACE((#19970));
#19972=IFCPOLYLOOP((#19686,#19687,#19651,#19650));
#19973=IFCFACEOUTERBOUND(#19972,.T.);
#19974=IFCFACE((#19973));
#19975=IFCPOLYLOOP((#19577,#19705,#19578));
#19976=IFCFACEOUTERBOUND(#19975,.T.);
#19977=IFCFACE((#19976));
#19978=IFCPOLYLOOP((#19704,#19703,#19607));
#19979=IFCFACEOUTERBOUND(#19978,.T.);
#19980=IFCFACE((#19979));
#19981=IFCPOLYLOOP((#19708,#19711,#19706,#19709));
#19982=IFCFACEOUTERBOUND(#19981,.T.);
#19983=IFCFACE((#19982));
#19984=IFCPOLYLOOP((#19576,#19705,#19577));
#19985=IFCFACEOUTERBOUND(#19984,.T.);
#19986=IFCFACE((#19985));
#19987=IFCPOLYLOOP((#19694,#19697,#19705));
#19988=IFCFACEOUTERBOUND(#19987,.T.);
#19989=IFCFACE((#19988));
#19990=IFCPOLYLOOP((#19699,#19701,#19583));
#19991=IFCFACEOUTERBOUND(#19990,.T.);
#19992=IFCFACE((#19991));
#19993=IFCPOLYLOOP((#19702,#19705,#19575));
#19994=IFCFACEOUTERBOUND(#19993,.T.);
#19995=IFCFACE((#19994));
#19996=IFCPOLYLOOP((#19583,#19701,#19584));
#19997=IFCFACEOUTERBOUND(#19996,.T.);
#19998=IFCFACE((#19997));
#19999=IFCPOLYLOOP((#19702,#19575,#19574));
#20000=IFCFACEOUTERBOUND(#19999,.T.);
#20001=IFCFACE((#20000));
#20002=IFCPOLYLOOP((#19714,#19703,#19708));
#20003=IFCFACEOUTERBOUND(#20002,.T.);
#20004=IFCFACE((#20003));
#20005=IFCPOLYLOOP((#19703,#19704,#19707));
#20006=IFCFACEOUTERBOUND(#20005,.T.);
#20007=IFCFACE((#20006));
#20008=IFCPOLYLOOP((#19705,#19576,#19575));
#20009=IFCFACEOUTERBOUND(#20008,.T.);
#20010=IFCFACE((#20009));
#20011=IFCPOLYLOOP((#19701,#19585,#19584));
#20012=IFCFACEOUTERBOUND(#20011,.T.);
#20013=IFCFACE((#20012));
#20014=IFCPOLYLOOP((#19581,#19699,#19582));
#20015=IFCFACEOUTERBOUND(#20014,.T.);
#20016=IFCFACE((#20015));
#20017=IFCPOLYLOOP((#19705,#19580,#19579));
#20018=IFCFACEOUTERBOUND(#20017,.T.);
#20019=IFCFACE((#20018));
#20020=IFCPOLYLOOP((#19712,#19714,#19702));
#20021=IFCFACEOUTERBOUND(#20020,.T.);
#20022=IFCFACE((#20021));
#20023=IFCPOLYLOOP((#19699,#19581,#19697));
#20024=IFCFACEOUTERBOUND(#20023,.T.);
#20025=IFCFACE((#20024));
#20026=IFCPOLYLOOP((#19581,#19580,#19697));
#20027=IFCFACEOUTERBOUND(#20026,.T.);
#20028=IFCFACE((#20027));
#20029=IFCPOLYLOOP((#19705,#19579,#19578));
#20030=IFCFACEOUTERBOUND(#20029,.T.);
#20031=IFCFACE((#20030));
#20032=IFCPOLYLOOP((#19609,#19703,#19713));
#20033=IFCFACEOUTERBOUND(#20032,.T.);
#20034=IFCFACE((#20033));
#20035=IFCPOLYLOOP((#19713,#19714,#19695));
#20036=IFCFACEOUTERBOUND(#20035,.T.);
#20037=IFCFACE((#20036));
#20038=IFCPOLYLOOP((#19709,#19710,#19708));
#20039=IFCFACEOUTERBOUND(#20038,.T.);
#20040=IFCFACE((#20039));
#20041=IFCPOLYLOOP((#19574,#19573,#19712));
#20042=IFCFACEOUTERBOUND(#20041,.T.);
#20043=IFCFACE((#20042));
#20044=IFCPOLYLOOP((#19702,#19714,#19708));
#20045=IFCFACEOUTERBOUND(#20044,.T.);
#20046=IFCFACE((#20045));
#20047=IFCPOLYLOOP((#19609,#19608,#19703));
#20048=IFCFACEOUTERBOUND(#20047,.T.);
#20049=IFCFACE((#20048));
#20050=IFCPOLYLOOP((#19707,#19711,#19708));
#20051=IFCFACEOUTERBOUND(#20050,.T.);
#20052=IFCFACE((#20051));
#20053=IFCPOLYLOOP((#19601,#19698,#19696));
#20054=IFCFACEOUTERBOUND(#20053,.T.);
#20055=IFCFACE((#20054));
#20056=IFCPOLYLOOP((#19714,#19713,#19703));
#20057=IFCFACEOUTERBOUND(#20056,.T.);
#20058=IFCFACE((#20057));
#20059=IFCPOLYLOOP((#19606,#19704,#19607));
#20060=IFCFACEOUTERBOUND(#20059,.T.);
#20061=IFCFACE((#20060));
#20062=IFCPOLYLOOP((#19699,#19583,#19582));
#20063=IFCFACEOUTERBOUND(#20062,.T.);
#20064=IFCFACE((#20063));
#20065=IFCPOLYLOOP((#19605,#19604,#19704));
#20066=IFCFACEOUTERBOUND(#20065,.T.);
#20067=IFCFACE((#20066));
#20068=IFCPOLYLOOP((#19700,#19698,#19599));
#20069=IFCFACEOUTERBOUND(#20068,.T.);
#20070=IFCFACE((#20069));
#20071=IFCPOLYLOOP((#19598,#19597,#19700));
#20072=IFCFACEOUTERBOUND(#20071,.T.);
#20073=IFCFACE((#20072));
#20074=IFCPOLYLOOP((#19605,#19704,#19606));
#20075=IFCFACEOUTERBOUND(#20074,.T.);
#20076=IFCFACE((#20075));
#20077=IFCPOLYLOOP((#19695,#19714,#19712));
#20078=IFCFACEOUTERBOUND(#20077,.T.);
#20079=IFCFACE((#20078));
#20080=IFCPOLYLOOP((#19603,#19704,#19604));
#20081=IFCFACEOUTERBOUND(#20080,.T.);
#20082=IFCFACE((#20081));
#20083=IFCPOLYLOOP((#19696,#19704,#19602));
#20084=IFCFACEOUTERBOUND(#20083,.T.);
#20085=IFCFACE((#20084));
#20086=IFCPOLYLOOP((#19607,#19703,#19608));
#20087=IFCFACEOUTERBOUND(#20086,.T.);
#20088=IFCFACE((#20087));
#20089=IFCPOLYLOOP((#19600,#19698,#19601));
#20090=IFCFACEOUTERBOUND(#20089,.T.);
#20091=IFCFACE((#20090));
#20092=IFCPOLYLOOP((#19696,#19602,#19601));
#20093=IFCFACEOUTERBOUND(#20092,.T.);
#20094=IFCFACE((#20093));
#20095=IFCPOLYLOOP((#19707,#19704,#19693));
#20096=IFCFACEOUTERBOUND(#20095,.T.);
#20097=IFCFACE((#20096));
#20098=IFCPOLYLOOP((#19603,#19602,#19704));
#20099=IFCFACEOUTERBOUND(#20098,.T.);
#20100=IFCFACE((#20099));
#20101=IFCPOLYLOOP((#19599,#19598,#19700));
#20102=IFCFACEOUTERBOUND(#20101,.T.);
#20103=IFCFACE((#20102));
#20104=IFCPOLYLOOP((#19693,#19704,#19696));
#20105=IFCFACEOUTERBOUND(#20104,.T.);
#20106=IFCFACE((#20105));
#20107=IFCPOLYLOOP((#19705,#19710,#19694));
#20108=IFCFACEOUTERBOUND(#20107,.T.);
#20109=IFCFACE((#20108));
#20110=IFCPOLYLOOP((#19708,#19710,#19702));
#20111=IFCFACEOUTERBOUND(#20110,.T.);
#20112=IFCFACE((#20111));
#20113=IFCPOLYLOOP((#19599,#19698,#19600));
#20114=IFCFACEOUTERBOUND(#20113,.T.);
#20115=IFCFACE((#20114));
#20116=IFCPOLYLOOP((#19705,#19697,#19580));
#20117=IFCFACEOUTERBOUND(#20116,.T.);
#20118=IFCFACE((#20117));
#20119=IFCPOLYLOOP((#19702,#19710,#19705));
#20120=IFCFACEOUTERBOUND(#20119,.T.);
#20121=IFCFACE((#20120));
#20122=IFCPOLYLOOP((#19707,#19693,#19711));
#20123=IFCFACEOUTERBOUND(#20122,.T.);
#20124=IFCFACE((#20123));
#20125=IFCPOLYLOOP((#19707,#19708,#19703));
#20126=IFCFACEOUTERBOUND(#20125,.T.);
#20127=IFCFACE((#20126));
#20128=IFCPOLYLOOP((#19574,#19712,#19702));
#20129=IFCFACEOUTERBOUND(#20128,.T.);
#20130=IFCFACE((#20129));
#20131=IFCPOLYLOOP((#19710,#19709,#19694));
#20132=IFCFACEOUTERBOUND(#20131,.T.);
#20133=IFCFACE((#20132));
#20134=IFCPOLYLOOP((#19586,#19701,#19587));
#20135=IFCFACEOUTERBOUND(#20134,.T.);
#20136=IFCFACE((#20135));
#20137=IFCPOLYLOOP((#19717,#19697,#19694));
#20138=IFCFACEOUTERBOUND(#20137,.T.);
#20139=IFCFACE((#20138));
#20140=IFCPOLYLOOP((#19718,#19721,#19693));
#20141=IFCFACEOUTERBOUND(#20140,.T.);
#20142=IFCFACE((#20141));
#20143=IFCPOLYLOOP((#19706,#19721,#19720));
#20144=IFCFACEOUTERBOUND(#20143,.T.);
#20145=IFCFACE((#20144));
#20146=IFCPOLYLOOP((#19589,#19588,#19699));
#20147=IFCFACEOUTERBOUND(#20146,.T.);
#20148=IFCFACE((#20147));
#20149=IFCPOLYLOOP((#19587,#19699,#19588));
#20150=IFCFACEOUTERBOUND(#20149,.T.);
#20151=IFCFACE((#20150));
#20152=IFCPOLYLOOP((#19720,#19709,#19706));
#20153=IFCFACEOUTERBOUND(#20152,.T.);
#20154=IFCFACE((#20153));
#20155=IFCPOLYLOOP((#19589,#19697,#19590));
#20156=IFCFACEOUTERBOUND(#20155,.T.);
#20157=IFCFACE((#20156));
#20158=IFCPOLYLOOP((#19590,#19697,#19717));
#20159=IFCFACEOUTERBOUND(#20158,.T.);
#20160=IFCFACE((#20159));
#20161=IFCPOLYLOOP((#19713,#19722,#19716));
#20162=IFCFACEOUTERBOUND(#20161,.T.);
#20163=IFCFACE((#20162));
#20164=IFCPOLYLOOP((#19721,#19706,#19711,#19693));
#20165=IFCFACEOUTERBOUND(#20164,.T.);
#20166=IFCFACE((#20165));
#20167=IFCPOLYLOOP((#19719,#19694,#19709));
#20168=IFCFACEOUTERBOUND(#20167,.T.);
#20169=IFCFACE((#20168));
#20170=IFCPOLYLOOP((#19590,#19717,#19591));
#20171=IFCFACEOUTERBOUND(#20170,.T.);
#20172=IFCFACE((#20171));
#20173=IFCPOLYLOOP((#19592,#19591,#19717));
#20174=IFCFACEOUTERBOUND(#20173,.T.);
#20175=IFCFACE((#20174));
#20176=IFCPOLYLOOP((#19722,#19715,#19720));
#20177=IFCFACEOUTERBOUND(#20176,.T.);
#20178=IFCFACE((#20177));
#20179=IFCPOLYLOOP((#19719,#19717,#19694));
#20180=IFCFACEOUTERBOUND(#20179,.T.);
#20181=IFCFACE((#20180));
#20182=IFCPOLYLOOP((#19586,#19585,#19701));
#20183=IFCFACEOUTERBOUND(#20182,.T.);
#20184=IFCFACE((#20183));
#20185=IFCPOLYLOOP((#19717,#19594,#19593));
#20186=IFCFACEOUTERBOUND(#20185,.T.);
#20187=IFCFACE((#20186));
#20188=IFCPOLYLOOP((#19701,#19699,#19587));
#20189=IFCFACEOUTERBOUND(#20188,.T.);
#20190=IFCFACE((#20189));
#20191=IFCPOLYLOOP((#19573,#19596,#19715));
#20192=IFCFACEOUTERBOUND(#20191,.T.);
#20193=IFCFACE((#20192));
#20194=IFCPOLYLOOP((#19595,#19594,#19717));
#20195=IFCFACEOUTERBOUND(#20194,.T.);
#20196=IFCFACE((#20195));
#20197=IFCPOLYLOOP((#19595,#19715,#19596));
#20198=IFCFACEOUTERBOUND(#20197,.T.);
#20199=IFCFACE((#20198));
#20200=IFCPOLYLOOP((#19717,#19593,#19592));
#20201=IFCFACEOUTERBOUND(#20200,.T.);
#20202=IFCFACE((#20201));
#20203=IFCPOLYLOOP((#19625,#19718,#19626));
#20204=IFCFACEOUTERBOUND(#20203,.T.);
#20205=IFCFACE((#20204));
#20206=IFCPOLYLOOP((#19715,#19695,#19712,#19573));
#20207=IFCFACEOUTERBOUND(#20206,.T.);
#20208=IFCFACE((#20207));
#20209=IFCPOLYLOOP((#19628,#19718,#19629));
#20210=IFCFACEOUTERBOUND(#20209,.T.);
#20211=IFCFACE((#20210));
#20212=IFCPOLYLOOP((#19696,#19630,#19629));
#20213=IFCFACEOUTERBOUND(#20212,.T.);
#20214=IFCFACE((#20213));
#20215=IFCPOLYLOOP((#19717,#19715,#19595));
#20216=IFCFACEOUTERBOUND(#20215,.T.);
#20217=IFCFACE((#20216));
#20218=IFCPOLYLOOP((#19627,#19718,#19628));
#20219=IFCFACEOUTERBOUND(#20218,.T.);
#20220=IFCFACE((#20219));
#20221=IFCPOLYLOOP((#19631,#19630,#19698));
#20222=IFCFACEOUTERBOUND(#20221,.T.);
#20223=IFCFACE((#20222));
#20224=IFCPOLYLOOP((#19720,#19719,#19709));
#20225=IFCFACEOUTERBOUND(#20224,.T.);
#20226=IFCFACE((#20225));
#20227=IFCPOLYLOOP((#19698,#19630,#19696));
#20228=IFCFACEOUTERBOUND(#20227,.T.);
#20229=IFCFACE((#20228));
#20230=IFCPOLYLOOP((#19633,#19700,#19597));
#20231=IFCFACEOUTERBOUND(#20230,.T.);
#20232=IFCFACE((#20231));
#20233=IFCPOLYLOOP((#19717,#19719,#19715));
#20234=IFCFACEOUTERBOUND(#20233,.T.);
#20235=IFCFACE((#20234));
#20236=IFCPOLYLOOP((#19721,#19718,#19716));
#20237=IFCFACEOUTERBOUND(#20236,.T.);
#20238=IFCFACE((#20237));
#20239=IFCPOLYLOOP((#19589,#19699,#19697));
#20240=IFCFACEOUTERBOUND(#20239,.T.);
#20241=IFCFACE((#20240));
#20242=IFCPOLYLOOP((#19609,#19716,#19623));
#20243=IFCFACEOUTERBOUND(#20242,.T.);
#20244=IFCFACE((#20243));
#20245=IFCPOLYLOOP((#19720,#19716,#19722));
#20246=IFCFACEOUTERBOUND(#20245,.T.);
#20247=IFCFACE((#20246));
#20248=IFCPOLYLOOP((#19716,#19609,#19713));
#20249=IFCFACEOUTERBOUND(#20248,.T.);
#20250=IFCFACE((#20249));
#20251=IFCPOLYLOOP((#19698,#19632,#19631));
#20252=IFCFACEOUTERBOUND(#20251,.T.);
#20253=IFCFACE((#20252));
#20254=IFCPOLYLOOP((#19624,#19623,#19716));
#20255=IFCFACEOUTERBOUND(#20254,.T.);
#20256=IFCFACE((#20255));
#20257=IFCPOLYLOOP((#19721,#19716,#19720));
#20258=IFCFACEOUTERBOUND(#20257,.T.);
#20259=IFCFACE((#20258));
#20260=IFCPOLYLOOP((#19718,#19627,#19626));
#20261=IFCFACEOUTERBOUND(#20260,.T.);
#20262=IFCFACE((#20261));
#20263=IFCPOLYLOOP((#19632,#19700,#19633));
#20264=IFCFACEOUTERBOUND(#20263,.T.);
#20265=IFCFACE((#20264));
#20266=IFCPOLYLOOP((#19718,#19624,#19716));
#20267=IFCFACEOUTERBOUND(#20266,.T.);
#20268=IFCFACE((#20267));
#20269=IFCPOLYLOOP((#19698,#19700,#19632));
#20270=IFCFACEOUTERBOUND(#20269,.T.);
#20271=IFCFACE((#20270));
#20272=IFCPOLYLOOP((#19625,#19624,#19718));
#20273=IFCFACEOUTERBOUND(#20272,.T.);
#20274=IFCFACE((#20273));
#20275=IFCPOLYLOOP((#19696,#19629,#19718));
#20276=IFCFACEOUTERBOUND(#20275,.T.);
#20277=IFCFACE((#20276));
#20278=IFCPOLYLOOP((#19718,#19693,#19696));
#20279=IFCFACEOUTERBOUND(#20278,.T.);
#20280=IFCFACE((#20279));
#20281=IFCPOLYLOOP((#19715,#19722,#19695));
#20282=IFCFACEOUTERBOUND(#20281,.T.);
#20283=IFCFACE((#20282));
#20284=IFCPOLYLOOP((#19719,#19720,#19715));
#20285=IFCFACEOUTERBOUND(#20284,.T.);
#20286=IFCFACE((#20285));
#20287=IFCPOLYLOOP((#19695,#19722,#19713));
#20288=IFCFACEOUTERBOUND(#20287,.T.);
#20289=IFCFACE((#20288));
#20290=IFCPOLYLOOP((#19614,#19735,#19615));
#20291=IFCFACEOUTERBOUND(#20290,.T.);
#20292=IFCFACE((#20291));
#20293=IFCPOLYLOOP((#19734,#19733,#19679));
#20294=IFCFACEOUTERBOUND(#20293,.T.);
#20295=IFCFACE((#20294));
#20296=IFCPOLYLOOP((#19738,#19741,#19736,#19739));
#20297=IFCFACEOUTERBOUND(#20296,.T.);
#20298=IFCFACE((#20297));
#20299=IFCPOLYLOOP((#19613,#19735,#19614));
#20300=IFCFACEOUTERBOUND(#20299,.T.);
#20301=IFCFACE((#20300));
#20302=IFCPOLYLOOP((#19724,#19727,#19735));
#20303=IFCFACEOUTERBOUND(#20302,.T.);
#20304=IFCFACE((#20303));
#20305=IFCPOLYLOOP((#19729,#19731,#19620));
#20306=IFCFACEOUTERBOUND(#20305,.T.);
#20307=IFCFACE((#20306));
#20308=IFCPOLYLOOP((#19732,#19735,#19612));
#20309=IFCFACEOUTERBOUND(#20308,.T.);
#20310=IFCFACE((#20309));
#20311=IFCPOLYLOOP((#19620,#19731,#19621));
#20312=IFCFACEOUTERBOUND(#20311,.T.);
#20313=IFCFACE((#20312));
#20314=IFCPOLYLOOP((#19732,#19612,#19611));
#20315=IFCFACEOUTERBOUND(#20314,.T.);
#20316=IFCFACE((#20315));
#20317=IFCPOLYLOOP((#19744,#19733,#19738));
#20318=IFCFACEOUTERBOUND(#20317,.T.);
#20319=IFCFACE((#20318));
#20320=IFCPOLYLOOP((#19733,#19734,#19737));
#20321=IFCFACEOUTERBOUND(#20320,.T.);
#20322=IFCFACE((#20321));
#20323=IFCPOLYLOOP((#19735,#19613,#19612));
#20324=IFCFACEOUTERBOUND(#20323,.T.);
#20325=IFCFACE((#20324));
#20326=IFCPOLYLOOP((#19731,#19622,#19621));
#20327=IFCFACEOUTERBOUND(#20326,.T.);
#20328=IFCFACE((#20327));
#20329=IFCPOLYLOOP((#19618,#19729,#19619));
#20330=IFCFACEOUTERBOUND(#20329,.T.);
#20331=IFCFACE((#20330));
#20332=IFCPOLYLOOP((#19735,#19617,#19616));
#20333=IFCFACEOUTERBOUND(#20332,.T.);
#20334=IFCFACE((#20333));
#20335=IFCPOLYLOOP((#19742,#19744,#19732));
#20336=IFCFACEOUTERBOUND(#20335,.T.);
#20337=IFCFACE((#20336));
#20338=IFCPOLYLOOP((#19729,#19618,#19727));
#20339=IFCFACEOUTERBOUND(#20338,.T.);
#20340=IFCFACE((#20339));
#20341=IFCPOLYLOOP((#19618,#19617,#19727));
#20342=IFCFACEOUTERBOUND(#20341,.T.);
#20343=IFCFACE((#20342));
#20344=IFCPOLYLOOP((#19735,#19616,#19615));
#20345=IFCFACEOUTERBOUND(#20344,.T.);
#20346=IFCFACE((#20345));
#20347=IFCPOLYLOOP((#19743,#19681,#19733));
#20348=IFCFACEOUTERBOUND(#20347,.T.);
#20349=IFCFACE((#20348));
#20350=IFCPOLYLOOP((#19743,#19744,#19725));
#20351=IFCFACEOUTERBOUND(#20350,.T.);
#20352=IFCFACE((#20351));
#20353=IFCPOLYLOOP((#19739,#19740,#19738));
#20354=IFCFACEOUTERBOUND(#20353,.T.);
#20355=IFCFACE((#20354));
#20356=IFCPOLYLOOP((#19611,#19610,#19742));
#20357=IFCFACEOUTERBOUND(#20356,.T.);
#20358=IFCFACE((#20357));
#20359=IFCPOLYLOOP((#19732,#19744,#19738));
#20360=IFCFACEOUTERBOUND(#20359,.T.);
#20361=IFCFACE((#20360));
#20362=IFCPOLYLOOP((#19681,#19680,#19733));
#20363=IFCFACEOUTERBOUND(#20362,.T.);
#20364=IFCFACE((#20363));
#20365=IFCPOLYLOOP((#19737,#19741,#19738));
#20366=IFCFACEOUTERBOUND(#20365,.T.);
#20367=IFCFACE((#20366));
#20368=IFCPOLYLOOP((#19673,#19728,#19726));
#20369=IFCFACEOUTERBOUND(#20368,.T.);
#20370=IFCFACE((#20369));
#20371=IFCPOLYLOOP((#19744,#19743,#19733));
#20372=IFCFACEOUTERBOUND(#20371,.T.);
#20373=IFCFACE((#20372));
#20374=IFCPOLYLOOP((#19678,#19734,#19679));
#20375=IFCFACEOUTERBOUND(#20374,.T.);
#20376=IFCFACE((#20375));
#20377=IFCPOLYLOOP((#19729,#19620,#19619));
#20378=IFCFACEOUTERBOUND(#20377,.T.);
#20379=IFCFACE((#20378));
#20380=IFCPOLYLOOP((#19677,#19676,#19734));
#20381=IFCFACEOUTERBOUND(#20380,.T.);
#20382=IFCFACE((#20381));
#20383=IFCPOLYLOOP((#19730,#19728,#19671));
#20384=IFCFACEOUTERBOUND(#20383,.T.);
#20385=IFCFACE((#20384));
#20386=IFCPOLYLOOP((#19670,#19669,#19730));
#20387=IFCFACEOUTERBOUND(#20386,.T.);
#20388=IFCFACE((#20387));
#20389=IFCPOLYLOOP((#19677,#19734,#19678));
#20390=IFCFACEOUTERBOUND(#20389,.T.);
#20391=IFCFACE((#20390));
#20392=IFCPOLYLOOP((#19725,#19744,#19742));
#20393=IFCFACEOUTERBOUND(#20392,.T.);
#20394=IFCFACE((#20393));
#20395=IFCPOLYLOOP((#19675,#19734,#19676));
#20396=IFCFACEOUTERBOUND(#20395,.T.);
#20397=IFCFACE((#20396));
#20398=IFCPOLYLOOP((#19726,#19734,#19674));
#20399=IFCFACEOUTERBOUND(#20398,.T.);
#20400=IFCFACE((#20399));
#20401=IFCPOLYLOOP((#19679,#19733,#19680));
#20402=IFCFACEOUTERBOUND(#20401,.T.);
#20403=IFCFACE((#20402));
#20404=IFCPOLYLOOP((#19672,#19728,#19673));
#20405=IFCFACEOUTERBOUND(#20404,.T.);
#20406=IFCFACE((#20405));
#20407=IFCPOLYLOOP((#19726,#19674,#19673));
#20408=IFCFACEOUTERBOUND(#20407,.T.);
#20409=IFCFACE((#20408));
#20410=IFCPOLYLOOP((#19737,#19734,#19723));
#20411=IFCFACEOUTERBOUND(#20410,.T.);
#20412=IFCFACE((#20411));
#20413=IFCPOLYLOOP((#19675,#19674,#19734));
#20414=IFCFACEOUTERBOUND(#20413,.T.);
#20415=IFCFACE((#20414));
#20416=IFCPOLYLOOP((#19671,#19670,#19730));
#20417=IFCFACEOUTERBOUND(#20416,.T.);
#20418=IFCFACE((#20417));
#20419=IFCPOLYLOOP((#19723,#19734,#19726));
#20420=IFCFACEOUTERBOUND(#20419,.T.);
#20421=IFCFACE((#20420));
#20422=IFCPOLYLOOP((#19735,#19740,#19724));
#20423=IFCFACEOUTERBOUND(#20422,.T.);
#20424=IFCFACE((#20423));
#20425=IFCPOLYLOOP((#19738,#19740,#19732));
#20426=IFCFACEOUTERBOUND(#20425,.T.);
#20427=IFCFACE((#20426));
#20428=IFCPOLYLOOP((#19671,#19728,#19672));
#20429=IFCFACEOUTERBOUND(#20428,.T.);
#20430=IFCFACE((#20429));
#20431=IFCPOLYLOOP((#19735,#19727,#19617));
#20432=IFCFACEOUTERBOUND(#20431,.T.);
#20433=IFCFACE((#20432));
#20434=IFCPOLYLOOP((#19732,#19740,#19735));
#20435=IFCFACEOUTERBOUND(#20434,.T.);
#20436=IFCFACE((#20435));
#20437=IFCPOLYLOOP((#19737,#19723,#19741));
#20438=IFCFACEOUTERBOUND(#20437,.T.);
#20439=IFCFACE((#20438));
#20440=IFCPOLYLOOP((#19737,#19738,#19733));
#20441=IFCFACEOUTERBOUND(#20440,.T.);
#20442=IFCFACE((#20441));
#20443=IFCPOLYLOOP((#19611,#19742,#19732));
#20444=IFCFACEOUTERBOUND(#20443,.T.);
#20445=IFCFACE((#20444));
#20446=IFCPOLYLOOP((#19740,#19739,#19724));
#20447=IFCFACEOUTERBOUND(#20446,.T.);
#20448=IFCFACE((#20447));
#20449=IFCPOLYLOOP((#19634,#19731,#19635));
#20450=IFCFACEOUTERBOUND(#20449,.T.);
#20451=IFCFACE((#20450));
#20452=IFCPOLYLOOP((#19747,#19727,#19724));
#20453=IFCFACEOUTERBOUND(#20452,.T.);
#20454=IFCFACE((#20453));
#20455=IFCPOLYLOOP((#19748,#19751,#19723));
#20456=IFCFACEOUTERBOUND(#20455,.T.);
#20457=IFCFACE((#20456));
#20458=IFCPOLYLOOP((#19736,#19751,#19750));
#20459=IFCFACEOUTERBOUND(#20458,.T.);
#20460=IFCFACE((#20459));
#20461=IFCPOLYLOOP((#19637,#19636,#19729));
#20462=IFCFACEOUTERBOUND(#20461,.T.);
#20463=IFCFACE((#20462));
#20464=IFCPOLYLOOP((#19635,#19729,#19636));
#20465=IFCFACEOUTERBOUND(#20464,.T.);
#20466=IFCFACE((#20465));
#20467=IFCPOLYLOOP((#19750,#19739,#19736));
#20468=IFCFACEOUTERBOUND(#20467,.T.);
#20469=IFCFACE((#20468));
#20470=IFCPOLYLOOP((#19637,#19727,#19638));
#20471=IFCFACEOUTERBOUND(#20470,.T.);
#20472=IFCFACE((#20471));
#20473=IFCPOLYLOOP((#19638,#19727,#19747));
#20474=IFCFACEOUTERBOUND(#20473,.T.);
#20475=IFCFACE((#20474));
#20476=IFCPOLYLOOP((#19743,#19752,#19746));
#20477=IFCFACEOUTERBOUND(#20476,.T.);
#20478=IFCFACE((#20477));
#20479=IFCPOLYLOOP((#19751,#19736,#19741,#19723));
#20480=IFCFACEOUTERBOUND(#20479,.T.);
#20481=IFCFACE((#20480));
#20482=IFCPOLYLOOP((#19749,#19724,#19739));
#20483=IFCFACEOUTERBOUND(#20482,.T.);
#20484=IFCFACE((#20483));
#20485=IFCPOLYLOOP((#19638,#19747,#19639));
#20486=IFCFACEOUTERBOUND(#20485,.T.);
#20487=IFCFACE((#20486));
#20488=IFCPOLYLOOP((#19640,#19639,#19747));
#20489=IFCFACEOUTERBOUND(#20488,.T.);
#20490=IFCFACE((#20489));
#20491=IFCPOLYLOOP((#19752,#19745,#19750));
#20492=IFCFACEOUTERBOUND(#20491,.T.);
#20493=IFCFACE((#20492));
#20494=IFCPOLYLOOP((#19749,#19747,#19724));
#20495=IFCFACEOUTERBOUND(#20494,.T.);
#20496=IFCFACE((#20495));
#20497=IFCPOLYLOOP((#19634,#19622,#19731));
#20498=IFCFACEOUTERBOUND(#20497,.T.);
#20499=IFCFACE((#20498));
#20500=IFCPOLYLOOP((#19747,#19642,#19641));
#20501=IFCFACEOUTERBOUND(#20500,.T.);
#20502=IFCFACE((#20501));
#20503=IFCPOLYLOOP((#19731,#19729,#19635));
#20504=IFCFACEOUTERBOUND(#20503,.T.);
#20505=IFCFACE((#20504));
#20506=IFCPOLYLOOP((#19610,#19644,#19745));
#20507=IFCFACEOUTERBOUND(#20506,.T.);
#20508=IFCFACE((#20507));
#20509=IFCPOLYLOOP((#19643,#19642,#19747));
#20510=IFCFACEOUTERBOUND(#20509,.T.);
#20511=IFCFACE((#20510));
#20512=IFCPOLYLOOP((#19643,#19745,#19644));
#20513=IFCFACEOUTERBOUND(#20512,.T.);
#20514=IFCFACE((#20513));
#20515=IFCPOLYLOOP((#19747,#19641,#19640));
#20516=IFCFACEOUTERBOUND(#20515,.T.);
#20517=IFCFACE((#20516));
#20518=IFCPOLYLOOP((#19684,#19748,#19685));
#20519=IFCFACEOUTERBOUND(#20518,.T.);
#20520=IFCFACE((#20519));
#20521=IFCPOLYLOOP((#19745,#19725,#19742,#19610));
#20522=IFCFACEOUTERBOUND(#20521,.T.);
#20523=IFCFACE((#20522));
#20524=IFCPOLYLOOP((#19687,#19748,#19688));
#20525=IFCFACEOUTERBOUND(#20524,.T.);
#20526=IFCFACE((#20525));
#20527=IFCPOLYLOOP((#19726,#19689,#19688));
#20528=IFCFACEOUTERBOUND(#20527,.T.);
#20529=IFCFACE((#20528));
#20530=IFCPOLYLOOP((#19747,#19745,#19643));
#20531=IFCFACEOUTERBOUND(#20530,.T.);
#20532=IFCFACE((#20531));
#20533=IFCPOLYLOOP((#19686,#19748,#19687));
#20534=IFCFACEOUTERBOUND(#20533,.T.);
#20535=IFCFACE((#20534));
#20536=IFCPOLYLOOP((#19690,#19689,#19728));
#20537=IFCFACEOUTERBOUND(#20536,.T.);
#20538=IFCFACE((#20537));
#20539=IFCPOLYLOOP((#19750,#19749,#19739));
#20540=IFCFACEOUTERBOUND(#20539,.T.);
#20541=IFCFACE((#20540));
#20542=IFCPOLYLOOP((#19728,#19689,#19726));
#20543=IFCFACEOUTERBOUND(#20542,.T.);
#20544=IFCFACE((#20543));
#20545=IFCPOLYLOOP((#19692,#19730,#19669));
#20546=IFCFACEOUTERBOUND(#20545,.T.);
#20547=IFCFACE((#20546));
#20548=IFCPOLYLOOP((#19747,#19749,#19745));
#20549=IFCFACEOUTERBOUND(#20548,.T.);
#20550=IFCFACE((#20549));
#20551=IFCPOLYLOOP((#19751,#19748,#19746));
#20552=IFCFACEOUTERBOUND(#20551,.T.);
#20553=IFCFACE((#20552));
#20554=IFCPOLYLOOP((#19637,#19729,#19727));
#20555=IFCFACEOUTERBOUND(#20554,.T.);
#20556=IFCFACE((#20555));
#20557=IFCPOLYLOOP((#19681,#19746,#19682));
#20558=IFCFACEOUTERBOUND(#20557,.T.);
#20559=IFCFACE((#20558));
#20560=IFCPOLYLOOP((#19750,#19746,#19752));
#20561=IFCFACEOUTERBOUND(#20560,.T.);
#20562=IFCFACE((#20561));
#20563=IFCPOLYLOOP((#19746,#19681,#19743));
#20564=IFCFACEOUTERBOUND(#20563,.T.);
#20565=IFCFACE((#20564));
#20566=IFCPOLYLOOP((#19728,#19691,#19690));
#20567=IFCFACEOUTERBOUND(#20566,.T.);
#20568=IFCFACE((#20567));
#20569=IFCPOLYLOOP((#19683,#19682,#19746));
#20570=IFCFACEOUTERBOUND(#20569,.T.);
#20571=IFCFACE((#20570));
#20572=IFCPOLYLOOP((#19751,#19746,#19750));
#20573=IFCFACEOUTERBOUND(#20572,.T.);
#20574=IFCFACE((#20573));
#20575=IFCPOLYLOOP((#19748,#19686,#19685));
#20576=IFCFACEOUTERBOUND(#20575,.T.);
#20577=IFCFACE((#20576));
#20578=IFCPOLYLOOP((#19691,#19730,#19692));
#20579=IFCFACEOUTERBOUND(#20578,.T.);
#20580=IFCFACE((#20579));
#20581=IFCPOLYLOOP((#19748,#19683,#19746));
#20582=IFCFACEOUTERBOUND(#20581,.T.);
#20583=IFCFACE((#20582));
#20584=IFCPOLYLOOP((#19728,#19730,#19691));
#20585=IFCFACEOUTERBOUND(#20584,.T.);
#20586=IFCFACE((#20585));
#20587=IFCPOLYLOOP((#19684,#19683,#19748));
#20588=IFCFACEOUTERBOUND(#20587,.T.);
#20589=IFCFACE((#20588));
#20590=IFCPOLYLOOP((#19726,#19688,#19748));
#20591=IFCFACEOUTERBOUND(#20590,.T.);
#20592=IFCFACE((#20591));
#20593=IFCPOLYLOOP((#19748,#19723,#19726));
#20594=IFCFACEOUTERBOUND(#20593,.T.);
#20595=IFCFACE((#20594));
#20596=IFCPOLYLOOP((#19745,#19752,#19725));
#20597=IFCFACEOUTERBOUND(#20596,.T.);
#20598=IFCFACE((#20597));
#20599=IFCPOLYLOOP((#19749,#19750,#19745));
#20600=IFCFACEOUTERBOUND(#20599,.T.);
#20601=IFCFACE((#20600));
#20602=IFCPOLYLOOP((#19752,#19743,#19725));
#20603=IFCFACEOUTERBOUND(#20602,.T.);
#20604=IFCFACE((#20603));
#20605=IFCCARTESIANPOINT((144.50751829014186,0.,-81.750000000002942));
#20606=IFCCARTESIANPOINT((151.4309277466343,0.,-80.838515853235535));
#20607=IFCCARTESIANPOINT((157.88251829014186,0.,-78.166179551236723));
#20608=IFCCARTESIANPOINT((163.42262468688202,0.,-73.915106396743141));
#20609=IFCCARTESIANPOINT((167.6736978413756,0.,-68.375000000003013));
#20610=IFCCARTESIANPOINT((170.34603414337445,0.,-61.92340945649547));
#20611=IFCCARTESIANPOINT((171.25751829014195,0.,-55.));
#20612=IFCCARTESIANPOINT((170.34603414337454,0.,-48.076590543510619));
#20613=IFCCARTESIANPOINT((167.67369784137571,0.,-41.625000000003048));
#20614=IFCCARTESIANPOINT((163.42262468688216,0.,-36.084893603262891));
#20615=IFCCARTESIANPOINT((157.88251829014203,0.,-31.833820448769284));
#20616=IFCCARTESIANPOINT((151.43092774663452,0.,-29.161484146770412));
#20617=IFCCARTESIANPOINT((144.50751829014192,0.,-28.250000000002949));
#20618=IFCCARTESIANPOINT((137.58410883364951,0.,-29.161484146770373));
#20619=IFCCARTESIANPOINT((131.13251829014195,0.,-31.833820448769213));
#20620=IFCCARTESIANPOINT((125.59241189340179,0.,-36.084893603262799));
#20621=IFCCARTESIANPOINT((121.34133873890822,0.,-41.625000000002942));
#20622=IFCCARTESIANPOINT((118.66900243690937,0.,-48.076590543510505));
#20623=IFCCARTESIANPOINT((117.75751829014193,0.,-55.));
#20624=IFCCARTESIANPOINT((118.66900243690935,0.,-61.923409456495349));
#20625=IFCCARTESIANPOINT((121.34133873890818,0.,-68.375000000002913));
#20626=IFCCARTESIANPOINT((125.59241189340176,0.,-73.915106396743056));
#20627=IFCCARTESIANPOINT((131.13251829014189,0.,-78.166179551236652));
#20628=IFCCARTESIANPOINT((137.58410883364945,0.,-80.838515853235506));
#20629=IFCCARTESIANPOINT((144.50751829014186,8.5000000000199307,-81.75000000000297));
#20630=IFCCARTESIANPOINT((137.58410883364942,8.5000000000199218,-80.838515853235535));
#20631=IFCCARTESIANPOINT((131.13251829014189,8.5000000000199201,-78.166179551236681));
#20632=IFCCARTESIANPOINT((125.59241189340173,8.5000000000199254,-73.915106396743099));
#20633=IFCCARTESIANPOINT((121.34133873890816,8.5000000000199361,-68.375000000002956));
#20634=IFCCARTESIANPOINT((118.66900243690932,8.5000000000199556,-61.923409456495385));
#20635=IFCCARTESIANPOINT((117.75751829014192,8.5000000000199769,-55.));
#20636=IFCCARTESIANPOINT((118.66900243690935,8.5000000000200036,-48.076590543510534));
#20637=IFCCARTESIANPOINT((121.34133873890819,8.500000000020032,-41.62500000000297));
#20638=IFCCARTESIANPOINT((125.59241189340177,8.5000000000200586,-36.084893603262827));
#20639=IFCCARTESIANPOINT((131.13251829014192,8.5000000000200835,-31.833820448769242));
#20640=IFCCARTESIANPOINT((137.58410883364948,8.5000000000201048,-29.161484146770402));
#20641=IFCCARTESIANPOINT((144.50751829014206,8.5000000000201208,-28.250000000002977));
#20642=IFCCARTESIANPOINT((151.4309277466345,8.5000000000201297,-29.161484146770441));
#20643=IFCCARTESIANPOINT((157.88251829014203,8.5000000000201315,-31.833820448769313));
#20644=IFCCARTESIANPOINT((163.42262468688216,8.5000000000201261,-36.08489360326292));
#20645=IFCCARTESIANPOINT((167.67369784137571,8.5000000000201137,-41.625000000003084));
#20646=IFCCARTESIANPOINT((170.34603414337454,8.5000000000200959,-48.076590543510655));
#20647=IFCCARTESIANPOINT((171.25751829014195,8.5000000000200728,-55.));
#20648=IFCCARTESIANPOINT((170.34603414337445,8.5000000000200462,-61.923409456495506));
#20649=IFCCARTESIANPOINT((167.6736978413756,8.5000000000200195,-68.375000000003055));
#20650=IFCCARTESIANPOINT((163.42262468688202,8.5000000000199911,-73.915106396743184));
#20651=IFCCARTESIANPOINT((157.88251829014186,8.500000000019968,-78.166179551236752));
#20652=IFCCARTESIANPOINT((151.43092774663427,8.5000000000199467,-80.838515853235577));
#20653=IFCPOLYLOOP((#20613,#20614,#20615,#20616,#20617,#20618,#20619,#20620,#20621,#20622,#20623,#20624,#20625,#20626,#20627,#20628,#20605,#20606,#20607,#20608,#20609,#20610,#20611,#20612));
#20654=IFCFACEOUTERBOUND(#20653,.T.);
#20655=IFCFACE((#20654));
#20656=IFCPOLYLOOP((#20634,#20635,#20636,#20637,#20638,#20639,#20640,#20641,#20642,#20643,#20644,#20645,#20646,#20647,#20648,#20649,#20650,#20651,#20652,#20629,#20630,#20631,#20632,#20633));
#20657=IFCFACEOUTERBOUND(#20656,.T.);
#20658=IFCFACE((#20657));
#20659=IFCPOLYLOOP((#20640,#20618,#20617,#20641));
#20660=IFCFACEOUTERBOUND(#20659,.T.);
#20661=IFCFACE((#20660));
#20662=IFCPOLYLOOP((#20639,#20619,#20618,#20640));
#20663=IFCFACEOUTERBOUND(#20662,.T.);
#20664=IFCFACE((#20663));
#20665=IFCPOLYLOOP((#20621,#20620,#20638,#20637));
#20666=IFCFACEOUTERBOUND(#20665,.T.);
#20667=IFCFACE((#20666));
#20668=IFCPOLYLOOP((#20639,#20638,#20620,#20619));
#20669=IFCFACEOUTERBOUND(#20668,.T.);
#20670=IFCFACE((#20669));
#20671=IFCPOLYLOOP((#20622,#20621,#20637,#20636));
#20672=IFCFACEOUTERBOUND(#20671,.T.);
#20673=IFCFACE((#20672));
#20674=IFCPOLYLOOP((#20623,#20622,#20636,#20635));
#20675=IFCFACEOUTERBOUND(#20674,.T.);
#20676=IFCFACE((#20675));
#20677=IFCPOLYLOOP((#20634,#20624,#20623,#20635));
#20678=IFCFACEOUTERBOUND(#20677,.T.);
#20679=IFCFACE((#20678));
#20680=IFCPOLYLOOP((#20633,#20625,#20624,#20634));
#20681=IFCFACEOUTERBOUND(#20680,.T.);
#20682=IFCFACE((#20681));
#20683=IFCPOLYLOOP((#20627,#20626,#20632,#20631));
#20684=IFCFACEOUTERBOUND(#20683,.T.);
#20685=IFCFACE((#20684));
#20686=IFCPOLYLOOP((#20633,#20632,#20626,#20625));
#20687=IFCFACEOUTERBOUND(#20686,.T.);
#20688=IFCFACE((#20687));
#20689=IFCPOLYLOOP((#20628,#20627,#20631,#20630));
#20690=IFCFACEOUTERBOUND(#20689,.T.);
#20691=IFCFACE((#20690));
#20692=IFCPOLYLOOP((#20605,#20628,#20630,#20629));
#20693=IFCFACEOUTERBOUND(#20692,.T.);
#20694=IFCFACE((#20693));
#20695=IFCPOLYLOOP((#20652,#20606,#20605,#20629));
#20696=IFCFACEOUTERBOUND(#20695,.T.);
#20697=IFCFACE((#20696));
#20698=IFCPOLYLOOP((#20651,#20607,#20606,#20652));
#20699=IFCFACEOUTERBOUND(#20698,.T.);
#20700=IFCFACE((#20699));
#20701=IFCPOLYLOOP((#20609,#20608,#20650,#20649));
#20702=IFCFACEOUTERBOUND(#20701,.T.);
#20703=IFCFACE((#20702));
#20704=IFCPOLYLOOP((#20651,#20650,#20608,#20607));
#20705=IFCFACEOUTERBOUND(#20704,.T.);
#20706=IFCFACE((#20705));
#20707=IFCPOLYLOOP((#20610,#20609,#20649,#20648));
#20708=IFCFACEOUTERBOUND(#20707,.T.);
#20709=IFCFACE((#20708));
#20710=IFCPOLYLOOP((#20611,#20610,#20648,#20647));
#20711=IFCFACEOUTERBOUND(#20710,.T.);
#20712=IFCFACE((#20711));
#20713=IFCPOLYLOOP((#20646,#20612,#20611,#20647));
#20714=IFCFACEOUTERBOUND(#20713,.T.);
#20715=IFCFACE((#20714));
#20716=IFCPOLYLOOP((#20645,#20613,#20612,#20646));
#20717=IFCFACEOUTERBOUND(#20716,.T.);
#20718=IFCFACE((#20717));
#20719=IFCPOLYLOOP((#20615,#20614,#20644,#20643));
#20720=IFCFACEOUTERBOUND(#20719,.T.);
#20721=IFCFACE((#20720));
#20722=IFCPOLYLOOP((#20645,#20644,#20614,#20613));
#20723=IFCFACEOUTERBOUND(#20722,.T.);
#20724=IFCFACE((#20723));
#20725=IFCPOLYLOOP((#20616,#20615,#20643,#20642));
#20726=IFCFACEOUTERBOUND(#20725,.T.);
#20727=IFCFACE((#20726));
#20728=IFCPOLYLOOP((#20617,#20616,#20642,#20641));
#20729=IFCFACEOUTERBOUND(#20728,.T.);
#20730=IFCFACE((#20729));
#20731=IFCCLOSEDSHELL((#17209,#17212,#17215,#17218,#17221,#17224,#17227,#17230,#17233,#17236,#17239,#17242,#17245,#17248,#17251,#17254,#17257,#17260,#17263,#17266,#17269,#17272,#17275,#17278,#17281,#17284,#17287,#17290,#17293,#17296,#17299,#17302,#17305,#17308,#17311,#17314,#17317,#17320,#17323,#17326,#17329,#17332,#17335,#17338,#17341,#17344,#17347,#17350,#17353,#17356,#17359,#17362,#17365,#17368,#17371,#17374,#17377,#17380,#17383,#17386,#17389,#17392,#17395,#17398,#17401,#17404,#17407,#17410,#17413,#17416,#17419,#17422,#17425,#17428,#17431,#17434,#17437,#17440,#17443,#17446,#17449,#17452,#17455,#17458,#17461,#17464,#17467,#17470,#17473,#17476,#17479,#17482,#17485,#17488,#17491,#17494,#17497,#17500,#17503,#17506,#17509,#17512,#17515,#17518,#17521,#17524,#17527,#17530,#17533,#17536,#17539,#17542,#17545,#17548,#17551,#17554,#17557,#17560,#17563,#17566,#17569,#17572,#17575,#17578,#17581,#17584,#17587,#17590,#17593,#17596,#17599,#17602,#17605,#17608,#17611,#17614,#17617,#17620,#17623,#17626,#17629,#17632,#17635,#17638,#17641,#17644,#17647,#17650,#17653,#17656,#17659,#17662,#17665,#17668,#17671,#17674,#17677,#17680,#17683,#17686,#17689,#17692,#17695,#17698,#17701,#17704,#17707,#17710,#17713,#17716,#17719,#17722,#17725,#17728));
#20732=IFCFACETEDBREP(#20731);
#20733=IFCCOLOURRGB($,0.93725490196078431,0.93725490196078431,0.93725490196078431);
#20734=IFCSURFACESTYLERENDERING(#20733,0.,$,$,$,$,IFCNORMALISEDRATIOMEASURE(0.5),IFCSPECULAREXPONENT(64.),.NOTDEFINED.);
#20735=IFCSURFACESTYLE('A\X\E7o Inoxid\X\E1vel AISI 304 fosco FC',.BOTH.,(#20734));
#20736=IFCPRESENTATIONSTYLEASSIGNMENT((#20735));
#20737=IFCSTYLEDITEM(#20732,(#20736),$);
#20738=IFCCLOSEDSHELL((#17847,#17850,#17853,#17856,#17859,#17862,#17865,#17868,#17871,#17874,#17877,#17880,#17883,#17886,#17889,#17892,#17895,#17898,#17901,#17904,#17907,#17910,#17913,#17916,#17919,#17922,#17925,#17928,#17931,#17934,#17937,#17940,#17943,#17946,#17949,#17952,#17955,#17958,#17961,#17964,#17967,#17970,#17973,#17976,#17979,#17982,#17985,#17988,#17991,#17994,#17997,#18000,#18003,#18006,#18009,#18012,#18015,#18018,#18021,#18024,#18027,#18030,#18033,#18036,#18039,#18042,#18045,#18048,#18051,#18054,#18057,#18060,#18063,#18066,#18069,#18072,#18075,#18078,#18081,#18084,#18087,#18090,#18093,#18096,#18099,#18102,#18105,#18108,#18111,#18114,#18117,#18120,#18123,#18126,#18129,#18132,#18135,#18138,#18141,#18144,#18147,#18150,#18153,#18156,#18159,#18162,#18165,#18168,#18171,#18174,#18177,#18180,#18183,#18186,#18189,#18192,#18195,#18198,#18201,#18204,#18207,#18210,#18213,#18216,#18219,#18222,#18225,#18228,#18231,#18234,#18237,#18240,#18243,#18246,#18249,#18252,#18255,#18258,#18261,#18264,#18267,#18270,#18273,#18276,#18279,#18282,#18285,#18288,#18291,#18294,#18297,#18300,#18303,#18306,#18309,#18312,#18315,#18318,#18321,#18324,#18327,#18330,#18333,#18336,#18339,#18342,#18345,#18348,#18351,#18354,#18357,#18360,#18363,#18366));
#20739=IFCFACETEDBREP(#20738);
#20740=IFCSTYLEDITEM(#20739,(#20736),$);
#20741=IFCCLOSEDSHELL((#18573,#18576,#18579,#18582,#18585,#18588,#18591,#18594,#18597,#18600,#18603,#18606,#18609,#18612,#18615,#18618,#18621,#18624,#18627,#18630,#18633,#18636,#18639,#18642,#18645,#18648,#18651,#18654,#18657,#18660,#18663,#18666,#18669,#18672,#18675,#18678,#18681,#18684,#18687,#18690,#18693,#18696,#18699,#18702,#18705,#18708,#18711,#18714,#18717,#18720,#18723,#18726,#18729,#18732,#18735,#18738,#18741,#18744,#18747,#18750,#18753,#18756,#18759,#18762,#18765,#18768,#18771,#18774,#18777,#18780,#18783,#18786,#18789,#18792,#18795,#18798,#18801,#18804,#18807,#18810,#18813,#18816,#18819,#18822,#18825,#18828,#18831,#18834,#18837,#18840,#18843,#18846,#18849,#18852,#18855,#18858,#18861,#18864,#18867,#18870,#18873,#18876,#18879,#18882,#18885,#18888,#18891,#18894,#18897,#18900,#18903,#18906,#18909,#18912,#18915,#18918,#18921,#18924,#18927,#18930,#18933,#18936,#18939,#18942,#18945,#18948,#18951,#18954,#18957,#18960,#18963,#18966,#18969,#18972,#18975,#18978,#18981,#18984,#18987,#18990,#18993,#18996,#18999,#19002,#19005,#19008,#19011,#19014,#19017,#19020,#19023,#19026,#19029,#19032,#19035,#19038,#19041,#19044,#19047,#19050,#19053,#19056,#19059,#19062,#19065,#19068,#19071,#19074,#19077,#19080,#19083,#19086,#19089,#19092,#19095,#19098,#19101,#19104,#19107,#19110,#19113,#19116,#19119,#19122,#19125,#19128,#19131,#19134,#19137,#19140,#19143,#19146,#19149,#19152,#19155,#19158,#19161,#19164,#19167,#19170,#19173,#19176,#19179,#19182,#19185,#19188,#19191,#19194,#19197,#19200,#19203,#19206,#19209,#19212,#19215,#19218,#19221,#19224,#19227,#19230,#19233,#19236,#19239,#19242,#19245,#19248,#19251,#19254,#19257,#19260,#19263,#19266,#19269,#19272,#19275,#19278,#19281,#19284,#19287,#19290,#19293,#19296,#19299,#19302,#19305,#19308,#19311,#19314,#19317,#19320,#19323,#19326,#19329,#19332,#19335,#19338,#19341,#19344,#19347,#19350,#19353,#19356,#19359,#19362,#19365,#19368,#19371,#19374,#19377,#19380,#19383,#19386,#19389,#19392,#19395,#19398,#19401,#19404,#19407,#19410,#19413,#19416,#19419,#19422));
#20742=IFCFACETEDBREP(#20741);
#20743=IFCSTYLEDITEM(#20742,(#20736),$);
#20744=IFCCLOSEDSHELL((#19473,#19476,#19479,#19482,#19485,#19488,#19491,#19494,#19497,#19500,#19503,#19506,#19509,#19512,#19515,#19518,#19521,#19524,#19527,#19530,#19533,#19536,#19539,#19542,#19545,#19548));
#20745=IFCFACETEDBREP(#20744);
#20746=IFCSTYLEDITEM(#20745,(#20736),$);
#20747=IFCCLOSEDSHELL((#19755,#19758,#19761,#19764,#19767,#19770,#19773,#19776,#19779,#19782,#19785,#19788,#19791,#19794,#19797,#19800,#19803,#19806,#19809,#19812,#19815,#19818,#19821,#19824,#19827,#19830,#19833,#19836,#19839,#19842,#19845,#19848,#19851,#19854,#19857,#19860,#19863,#19866,#19869,#19872,#19875,#19878,#19881,#19884,#19887,#19890,#19893,#19896,#19899,#19902,#19905,#19908,#19911,#19914,#19917,#19920,#19923,#19926,#19929,#19932,#19935,#19938,#19941,#19944,#19947,#19950,#19953,#19956,#19959,#19962,#19965,#19968,#19971,#19974,#19977,#19980,#19983,#19986,#19989,#19992,#19995,#19998,#20001,#20004,#20007,#20010,#20013,#20016,#20019,#20022,#20025,#20028,#20031,#20034,#20037,#20040,#20043,#20046,#20049,#20052,#20055,#20058,#20061,#20064,#20067,#20070,#20073,#20076,#20079,#20082,#20085,#20088,#20091,#20094,#20097,#20100,#20103,#20106,#20109,#20112,#20115,#20118,#20121,#20124,#20127,#20130,#20133,#20136,#20139,#20142,#20145,#20148,#20151,#20154,#20157,#20160,#20163,#20166,#20169,#20172,#20175,#20178,#20181,#20184,#20187,#20190,#20193,#20196,#20199,#20202,#20205,#20208,#20211,#20214,#20217,#20220,#20223,#20226,#20229,#20232,#20235,#20238,#20241,#20244,#20247,#20250,#20253,#20256,#20259,#20262,#20265,#20268,#20271,#20274,#20277,#20280,#20283,#20286,#20289,#20292,#20295,#20298,#20301,#20304,#20307,#20310,#20313,#20316,#20319,#20322,#20325,#20328,#20331,#20334,#20337,#20340,#20343,#20346,#20349,#20352,#20355,#20358,#20361,#20364,#20367,#20370,#20373,#20376,#20379,#20382,#20385,#20388,#20391,#20394,#20397,#20400,#20403,#20406,#20409,#20412,#20415,#20418,#20421,#20424,#20427,#20430,#20433,#20436,#20439,#20442,#20445,#20448,#20451,#20454,#20457,#20460,#20463,#20466,#20469,#20472,#20475,#20478,#20481,#20484,#20487,#20490,#20493,#20496,#20499,#20502,#20505,#20508,#20511,#20514,#20517,#20520,#20523,#20526,#20529,#20532,#20535,#20538,#20541,#20544,#20547,#20550,#20553,#20556,#20559,#20562,#20565,#20568,#20571,#20574,#20577,#20580,#20583,#20586,#20589,#20592,#20595,#20598,#20601,#20604));
#20748=IFCFACETEDBREP(#20747);
#20749=IFCSTYLEDITEM(#20748,(#20736),$);
#20750=IFCCLOSEDSHELL((#20655,#20658,#20661,#20664,#20667,#20670,#20673,#20676,#20679,#20682,#20685,#20688,#20691,#20694,#20697,#20700,#20703,#20706,#20709,#20712,#20715,#20718,#20721,#20724,#20727,#20730));
#20751=IFCFACETEDBREP(#20750);
#20752=IFCSTYLEDITEM(#20751,(#20736),$);
#20753=IFCSHAPEREPRESENTATION(#15,'Body','Brep',(#20732,#20739,#20742,#20745,#20748,#20751));
#20754=IFCAXIS2PLACEMENT3D(#10,$,$);
#20755=IFCREPRESENTATIONMAP(#20754,#20753);
#20756=IFCBUILDINGELEMENTPROXYTYPE('0o0qgij5XFrhtmJcr3uyAq',#6,'Hafele ou similar - Padr\X\E3o Euro - 55 A\X\E7o Inox AISI 304- Folha:Hafele ou similar - Padr\X\E3o Euro - 55 A\X\E7o Inox AISI 304- Folha',$,$,$,(#20755),'355298',$,.NOTDEFINED.);
#20757=IFCMATERIAL('A\X\E7o Inoxid\X\E1vel AISI 304 fosco FC');
#20758=IFCPRESENTATIONSTYLEASSIGNMENT((#20735));
#20759=IFCSTYLEDITEM($,(#20758),$);
#20760=IFCSTYLEDREPRESENTATION(#13,'Style','Material',(#20759));
#20761=IFCMATERIALDEFINITIONREPRESENTATION($,$,(#20760),#20757);
#20762=IFCMAPPEDITEM(#20755,#16789);
#20763=IFCSHAPEREPRESENTATION(#15,'Body','MappedRepresentation',(#20762));
#20764=IFCPRODUCTDEFINITIONSHAPE($,$,(#20763));
#20765=IFCCARTESIANPOINT((-14987.906586853771,225.92623839464682,912.49248170986277));
#20766=IFCAXIS2PLACEMENT3D(#20765,#342,#254);
#20767=IFCLOCALPLACEMENT(#24,#20766);
#20768=IFCBUILDINGELEMENTPROXY('1$NdPB55v7jwbPkpYL8H74',#6,'Hafele ou similar - Padr\X\E3o Euro - 55 A\X\E7o Inox AISI 304- Folha:Hafele ou similar - Padr\X\E3o Euro - 55 A\X\E7o Inox AISI 304- Folha:886152',$,$,#20767,#20764,'886152',$);
#20769=IFCPROPERTYSINGLEVALUE('Reference',$,IFCIDENTIFIER('Hafele ou similar - Padr\X\E3o Euro - 55 A\X\E7o Inox AISI 304- Folha'),$);
#20770=IFCPROPERTYSET('2$Lmr4B$sdM$3D4B7CXk_D',#6,'Pset_BuildingElementProxyCommon',$,(#20769));
#20771=IFCPROPERTYSET('3p8Uzv$bo014dtrsFyjAXm',#6,'Pset_QuantityTakeOff',$,(#20769));
#20772=IFCRELDEFINESBYPROPERTIES('1EliP0b0SocwS6WcQD7NZB',#6,$,$,(#20768),#20770);
#20773=IFCRELDEFINESBYPROPERTIES('2FVM9Tgn_h509iByEYD8ps',#6,$,$,(#20768),#20771);
#20774=IFCAXIS2PLACEMENT3D(#10,$,$);
#20775=IFCLOCALPLACEMENT(#24,#20774);
#20776=IFCCARTESIANPOINT((0.,-1.1368683772161603E-012));
#20777=IFCAXIS2PLACEMENT2D(#20776,#301);
#20778=IFCRECTANGLEPROFILEDEF(.AREA.,$,#20777,3000.00000000001,2999.9999999999959);
#20779=IFCCARTESIANPOINT((-16604.906586853747,-829.07376160537945,0.));
#20780=IFCDIRECTION((0.,0.,-1.));
#20781=IFCAXIS2PLACEMENT3D(#20779,#20780,#342);
#20782=IFCEXTRUDEDAREASOLID(#20778,#20781,#254,149.99999999999997);
#20783=IFCCOLOURRGB($,0.49803921568627452,0.49803921568627452,0.49803921568627452);
#20784=IFCSURFACESTYLERENDERING(#20783,0.,$,$,$,$,IFCNORMALISEDRATIOMEASURE(0.5),IFCSPECULAREXPONENT(64.),.NOTDEFINED.);
#20785=IFCSURFACESTYLE('Material pr\X\E9-definido de piso',.BOTH.,(#20784));
#20786=IFCPRESENTATIONSTYLEASSIGNMENT((#20785));
#20787=IFCSTYLEDITEM(#20782,(#20786),$);
#20788=IFCSHAPEREPRESENTATION(#15,'Body','SweptSolid',(#20782));
#20789=IFCSIUNIT(*,.PLANEANGLEUNIT.,$,.RADIAN.);
#20790=IFCDIMENSIONALEXPONENTS(0,0,0,0,0,0,0);
#20791=IFCMEASUREWITHUNIT(IFCPLANEANGLEMEASURE(0.017453292519943278),#20789);
#20792=IFCCONVERSIONBASEDUNIT(#20790,.PLANEANGLEUNIT.,'DEGREE',#20791);
#20793=IFCPRODUCTDEFINITIONSHAPE($,$,(#20788));
#20794=IFCSLAB('1$NdPB55v7jwbPkpYL8H95',#6,'Floor:Gen\X\E9rico 150 mm:886281',$,$,#20775,#20793,'886281',.FLOOR.);
#20795=IFCSLABTYPE('3Zu5Bv0LOHrPC10026FoR_',#6,'Floor:Gen\X\E9rico 150 mm',$,$,$,$,'339',$,.FLOOR.);
#20796=IFCMATERIAL('Material pr\X\E9-definido de piso');
#20797=IFCPRESENTATIONSTYLEASSIGNMENT((#20785));
#20798=IFCSTYLEDITEM($,(#20797),$);
#20799=IFCSTYLEDREPRESENTATION(#13,'Style','Material',(#20798));
#20800=IFCMATERIALDEFINITIONREPRESENTATION($,$,(#20799),#20796);
#20801=IFCMATERIALLAYER(#20796,149.99999999999997,$);
#20802=IFCMATERIALLAYERSET((#20801),'Floor:Gen\X\E9rico 150 mm');
#20803=IFCMATERIALLAYERSETUSAGE(#20802,.AXIS3.,.POSITIVE.,0.);
#20804=IFCPROPERTYSINGLEVALUE('Reference',$,IFCIDENTIFIER('Gen\X\E9rico 150 mm'),$);
#20805=IFCPROPERTYSET('0Pof2FvQZCEtZOI$HTZ_S$',#6,'Pset_QuantityTakeOff',$,(#20804));
#20806=IFCPROPERTYSINGLEVALUE('Reference',$,IFCLABEL('Gen\X\E9rico 150 mm'),$);
#20807=IFCPROPERTYSET('3deeRo437FvIzO$imdqTmA',#6,'Pset_ReinforcementBarPitchOfSlab',$,(#20806));
#20808=IFCPROPERTYSINGLEVALUE('PitchAngle',$,IFCPLANEANGLEMEASURE(0.),$);
#20809=IFCPROPERTYSET('2KIhDw81RQjr12RbxaAgoG',#6,'Pset_SlabCommon',$,(#278,#16798,#20804,#20808));
#20810=IFCRELDEFINESBYPROPERTIES('15jzNMrkNjobHm5QEc6z$V',#6,$,$,(#20794),#20805);
#20811=IFCRELDEFINESBYPROPERTIES('2kzcS0oN48YfmuY9WQ1CNr',#6,$,$,(#20794),#20807);
#20812=IFCRELDEFINESBYPROPERTIES('2UM0UTFPC2aMCqrTvvMhdN',#6,$,$,(#20794),#20809);
#20813=IFCPROPERTYSINGLEVALUE('Name',$,IFCLABEL('COMPATIBILIZA\X\C7\X\C3O DE KIT'),$);
#20814=IFCPROPERTYSET('3pajDo1QSo$Zr5kcJ7WZvz',#6,'Pset_AirSideSystemInformation',$,(#20813));
#20815=IFCPROPERTYSINGLEVALUE('AboveGround',$,IFCLOGICAL(.U.),$);
#20816=IFCPROPERTYSET('2QFFSloDKLdASEirlNrsWG',#6,'Pset_BuildingStoreyCommon',$,(#20815));
#20817=IFCPROPERTYSINGLEVALUE('Name',$,IFCLABEL('COMPATIBILIZA\X\C7\X\C3O DE KIT'),$);
#20818=IFCPROPERTYSET('0Jn3ZcoXbsSExgN1KMPBrd',#6,'Pset_ProductRequirements',$,(#20817));
#20819=IFCRELDEFINESBYPROPERTIES('1Da_uB3ifLZAiBs8ApqL8T',#6,$,$,(#25),#20814);
#20820=IFCRELDEFINESBYPROPERTIES('24vWbHxUvnwTMhwrnGQFQP',#6,$,$,(#25),#20816);
#20821=IFCRELDEFINESBYPROPERTIES('3dNMqG5qInx8MCGyv3CU_c',#6,$,$,(#25),#20818);
#20822=IFCRELCONTAINEDINSPATIALSTRUCTURE('3Zu5Bv0LOHrPC10066FoQQ',#6,$,$,(#262,#308,#332,#356,#16796,#17085,#20768,#20794),#25);
#20823=IFCPROPERTYSINGLEVALUE('Name',$,IFCLABEL('1\X\B0 PAV. PLANTA PARA QUADRO GERAL DE PORTAS'),$);
#20824=IFCPROPERTYSET('2mTLlmyrfKDEBBLtdwqw7L',#6,'Pset_AirSideSystemInformation',$,(#20823));
#20825=IFCPROPERTYSET('2y6jqut2mGsxPM5c1zUPr2',#6,'Pset_BuildingStoreyCommon',$,(#20815));
#20826=IFCPROPERTYSINGLEVALUE('Name',$,IFCLABEL('1\X\B0 PAV. PLANTA PARA QUADRO GERAL DE PORTAS'),$);
#20827=IFCPROPERTYSET('1NhGbMdWc6$OcOXv1TJ_Wu',#6,'Pset_ProductRequirements',$,(#20826));
#20828=IFCRELDEFINESBYPROPERTIES('16d15dL922K3ec_Ua5xAkw',#6,$,$,(#29),#20824);
#20829=IFCRELDEFINESBYPROPERTIES('03h9WtlPXy$ENv9AiS5UZC',#6,$,$,(#29),#20825);
#20830=IFCRELDEFINESBYPROPERTIES('0ZduuN29N$9gX6yyEYBAf0',#6,$,$,(#29),#20827);
#20831=IFCRELAGGREGATES('07vggG8_jWT85YGVHCpUrE',#6,$,$,#18,(#32));
#20832=IFCRELAGGREGATES('3VnyCrqhrQS5vUeXZnCGrn',#6,$,$,#32,(#22));
#20833=IFCRELAGGREGATES('27PCKGLxT4mxtV9cw6mgBW',#6,$,$,#22,(#25,#29));
#20834=IFCPROPERTYSINGLEVALUE('NumberOfStoreys',$,IFCINTEGER(2),$);
#20835=IFCPROPERTYSINGLEVALUE('IsLandmarked',$,IFCLOGICAL(.U.),$);
#20836=IFCPROPERTYSET('331eO2C2NIRXz2_U1vL2kl',#6,'Pset_BuildingCommon',$,(#20834,#20835));
#20837=IFCRELDEFINESBYPROPERTIES('0LMNoIrMYkCYQiP6$qA7_y',#6,$,$,(#22),#20836);
#20838=IFCRELASSOCIATESMATERIAL('1n5LKunvEbc_JGS2dPD$2u',#6,$,$,(#262),#270);
#20839=IFCRELASSOCIATESMATERIAL('3shav_Iqf4RbqCjxV0yiQh',#6,$,$,(#308),#309);
#20840=IFCRELASSOCIATESMATERIAL('02Me6ymAWG_pzV4$BhXSua',#6,$,$,(#332),#333);
#20841=IFCRELASSOCIATESMATERIAL('1GJpeeasZ0FbZMBEZYBs1m',#6,$,$,(#356),#357);
#20842=IFCRELASSOCIATESMATERIAL('2rhHGcU8fOgFjOZPjiwZgx',#6,$,$,(#17061,#17085),#17077);
#20843=IFCRELASSOCIATESMATERIAL('3RCedtpoObNUXFBfevXtIK',#6,$,$,(#20794),#20803);
#20844=IFCRELASSOCIATESMATERIAL('2u_eP3ExgRY9eQccTulLJc',#6,$,$,(#271),#269);
#20845=IFCRELASSOCIATESMATERIAL('3ayEL1IPKgUYauhaFLsk8v',#6,$,$,(#16783,#16796),#16784);
#20846=IFCRELASSOCIATESMATERIAL('3cM2uV9aVhD5V_e5oMok9a',#6,$,$,(#20756,#20768),#20757);
#20847=IFCRELASSOCIATESMATERIAL('2hJlKmsWg9PPJvAzRcZVIy',#6,$,$,(#20795),#20802);
#20848=IFCRELDEFINESBYTYPE('1oJFdAoqlQHCvrolA36oCm',#6,$,$,(#262,#308,#332,#356),#271);
#20849=IFCRELDEFINESBYTYPE('3LWYVxS0fkfk_dcWzqFzlp',#6,$,$,(#16796),#16783);
#20850=IFCRELDEFINESBYTYPE('2iRxBgBFz$4Pz_ZJT7RjXM',#6,$,$,(#17085),#17061);
#20851=IFCRELDEFINESBYTYPE('1Xvq0VMLJYm2T3uBFlWcwo',#6,$,$,(#20768),#20756);
#20852=IFCRELDEFINESBYTYPE('1c_qU9vKvGjzSVBklnIQZh',#6,$,$,(#20794),#20795);
#20853=IFCRELCONNECTSPATHELEMENTS('2uWEiZcCUDbP7C_ik17Az0',#6,'1$NdPB55v7jwbPkpYL8H2R|1$NdPB55v7jwbPkpYL8H4a','Structural',$,#262,#356,(),(),.ATEND.,.ATSTART.);
#20854=IFCRELCONNECTSPATHELEMENTS('18vaxBdL5yllUo6KH93JOn',#6,'1$NdPB55v7jwbPkpYL8H2R|1$NdPB55v7jwbPkpYL8H56','Structural',$,#262,#308,(),(),.ATSTART.,.ATEND.);
#20855=IFCRELCONNECTSPATHELEMENTS('3n1nkIBxBQCQYOa3WfywK6',#6,'1$NdPB55v7jwbPkpYL8H56|1$NdPB55v7jwbPkpYL8H5u','Structural',$,#308,#332,(),(),.ATSTART.,.ATEND.);
#20856=IFCRELCONNECTSPATHELEMENTS('2Q_rPpG2EeRnEAJ1_dSjKT',#6,'1$NdPB55v7jwbPkpYL8H5u|1$NdPB55v7jwbPkpYL8H4a','Structural',$,#332,#356,(),(),.ATSTART.,.ATEND.);
#20857=IFCPRESENTATIONLAYERASSIGNMENT('A-WALL',$,(#247,#261,#298,#307,#323,#331,#347,#355),$);
#20858=IFCPRESENTATIONLAYERASSIGNMENT('A-DOOR',$,(#16778,#16791),$);
#20859=IFCPRESENTATIONLAYERASSIGNMENT('A-GENM',$,(#17058,#17079,#20753,#20763),$);
#20860=IFCPRESENTATIONLAYERASSIGNMENT('A-FLOR',$,(#20788),$);
#20861=IFCCARTESIANPOINT((1074.9999999999916,444.99999999999983));
#20862=IFCAXIS2PLACEMENT2D(#20861,#301);
#20863=IFCRECTANGLEPROFILEDEF(.AREA.,$,#20862,2149.9999999999832,889.99999999999966);
#20864=IFCAXIS2PLACEMENT3D(#10,#293,#254);
#20865=IFCEXTRUDEDAREASOLID(#20863,#20864,#254,120.);
#20866=IFCSHAPEREPRESENTATION(#15,'Body','SweptSolid',(#20865));
#20867=IFCPRODUCTDEFINITIONSHAPE($,$,(#20866));
#20868=IFCCARTESIANPOINT((1290.,60.,0.));
#20869=IFCAXIS2PLACEMENT3D(#20868,$,$);
#20870=IFCLOCALPLACEMENT(#295,#20869);
#20871=IFCOPENINGELEMENT('3Aj2T2pSPisyn_E49Ensma',#6,'Multidoor_Design_PEM-C3_Maresias_Lisa com visor-2_Giro-1fl:800x2100 MARESIAS PEM-C3 MULTIDOOR:886148:1',$,'Opening',#20870,#20867,'886148');
#20872=IFCRELVOIDSELEMENT('1$NdPB55v7jwbPkooL8H78',#6,$,$,#308,#20871);
#20873=IFCRELFILLSELEMENT('0rEZ92cjZzCDyYc1T3cdob',#6,$,$,#20871,#16796);
#20874=IFCAXIS2PLACEMENT3D(#10,#254,#318);
#20875=IFCLOCALPLACEMENT(#20870,#20874);
#20876=IFCRELASSOCIATESCLASSIFICATION('18KP4rXk1Lc$b_x$iDOfRq',#6,'A1G',':A1G',(#16796),#16804);
#20877=IFCUNITASSIGNMENT((#7,#8,#9,#289,#20792));
ENDSEC;

END-ISO-10303-21;